  0
SECTION
  2
HEADER
  9
$ACADVER
  1
AC1032
  9
$ACADMAINTVER
 90
       55
  9
$DWGCODEPAGE
  3
ANSI_1251
  9
$LASTSAVEDBY
  1
io
  9
$REQUIREDVERSIONS
160
                 0
  9
$INSBASE
 10
0.0
 20
0.0
 30
0.0
  9
$EXTMIN
 10
-58.21175379129436
 20
-87.81719711283463
 30
0.0
  9
$EXTMAX
 10
69.60421713131575
 20
-12.90942290394029
 30
0.0
  9
$LIMMIN
 10
0.0
 20
0.0
  9
$LIMMAX
 10
420.0
 20
297.0
  9
$ORTHOMODE
 70
     0
  9
$REGENMODE
 70
     1
  9
$FILLMODE
 70
     1
  9
$QTEXTMODE
 70
     0
  9
$MIRRTEXT
 70
     1
  9
$LTSCALE
 40
1.0
  9
$ATTMODE
 70
     1
  9
$TEXTSIZE
 40
2.5
  9
$TRACEWID
 40
1.0
  9
$TEXTSTYLE
  7
Standard
  9
$CLAYER
  8
0
  9
$CELTYPE
  6
ByLayer
  9
$CECOLOR
 62
   256
  9
$CELTSCALE
 40
1.0
  9
$DISPSILH
 70
     0
  9
$DIMSCALE
 40
1.0
  9
$DIMASZ
 40
2.5
  9
$DIMEXO
 40
0.625
  9
$DIMDLI
 40
3.75
  9
$DIMRND
 40
0.0
  9
$DIMDLE
 40
0.0
  9
$DIMEXE
 40
1.25
  9
$DIMTP
 40
0.0
  9
$DIMTM
 40
0.0
  9
$DIMTXT
 40
2.5
  9
$DIMCEN
 40
2.5
  9
$DIMTSZ
 40
0.0
  9
$DIMTOL
 70
     0
  9
$DIMLIM
 70
     0
  9
$DIMTIH
 70
     0
  9
$DIMTOH
 70
     0
  9
$DIMSE1
 70
     0
  9
$DIMSE2
 70
     0
  9
$DIMTAD
 70
     1
  9
$DIMZIN
 70
     8
  9
$DIMBLK
  1

  9
$DIMASO
 70
     1
  9
$DIMSHO
 70
     1
  9
$DIMPOST
  1

  9
$DIMAPOST
  1

  9
$DIMALT
 70
     0
  9
$DIMALTD
 70
     3
  9
$DIMALTF
 40
0.03937007874016
  9
$DIMLFAC
 40
1.0
  9
$DIMTOFL
 70
     1
  9
$DIMTVP
 40
0.0
  9
$DIMTIX
 70
     0
  9
$DIMSOXD
 70
     0
  9
$DIMSAH
 70
     0
  9
$DIMBLK1
  1

  9
$DIMBLK2
  1

  9
$DIMSTYLE
  2
ISO-25
  9
$DIMCLRD
 70
     0
  9
$DIMCLRE
 70
     0
  9
$DIMCLRT
 70
     0
  9
$DIMTFAC
 40
1.0
  9
$DIMGAP
 40
0.625
  9
$DIMJUST
 70
     0
  9
$DIMSD1
 70
     0
  9
$DIMSD2
 70
     0
  9
$DIMTOLJ
 70
     0
  9
$DIMTZIN
 70
     8
  9
$DIMALTZ
 70
     0
  9
$DIMALTTZ
 70
     0
  9
$DIMUPT
 70
     0
  9
$DIMDEC
 70
     2
  9
$DIMTDEC
 70
     2
  9
$DIMALTU
 70
     2
  9
$DIMALTTD
 70
     3
  9
$DIMTXSTY
  7
Standard
  9
$DIMAUNIT
 70
     0
  9
$DIMADEC
 70
     0
  9
$DIMALTRND
 40
0.0
  9
$DIMAZIN
 70
     0
  9
$DIMDSEP
 70
    44
  9
$DIMATFIT
 70
     3
  9
$DIMFRAC
 70
     0
  9
$DIMLDRBLK
  1

  9
$DIMLUNIT
 70
     2
  9
$DIMLWD
 70
    -2
  9
$DIMLWE
 70
    -2
  9
$DIMTMOVE
 70
     0
  9
$DIMFXL
 40
1.0
  9
$DIMFXLON
 70
     0
  9
$DIMJOGANG
 40
0.7853981633974483
  9
$DIMTFILL
 70
     0
  9
$DIMTFILLCLR
 70
     0
  9
$DIMARCSYM
 70
     0
  9
$DIMLTYPE
  6

  9
$DIMLTEX1
  6

  9
$DIMLTEX2
  6

  9
$DIMTXTDIRECTION
 70
     0
  9
$LUNITS
 70
     2
  9
$LUPREC
 70
     4
  9
$SKETCHINC
 40
1.0
  9
$FILLETRAD
 40
0.0
  9
$AUNITS
 70
     0
  9
$AUPREC
 70
     0
  9
$MENU
  1
.
  9
$ELEVATION
 40
0.0
  9
$PELEVATION
 40
0.0
  9
$THICKNESS
 40
0.0
  9
$LIMCHECK
 70
     0
  9
$CHAMFERA
 40
0.0
  9
$CHAMFERB
 40
0.0
  9
$CHAMFERC
 40
0.0
  9
$CHAMFERD
 40
0.0
  9
$SKPOLY
 70
     0
  9
$TDCREATE
 40
2461099.449707616
  9
$TDUCREATE
 40
2461099.241374283
  9
$TDUPDATE
 40
2461099.449709804
  9
$TDUUPDATE
 40
2461099.24137647
  9
$TDINDWG
 40
0.0000000116
  9
$TDUSRTIMER
 40
0.0000000116
  9
$USRTIMER
 70
     1
  9
$ANGBASE
 50
0.0
  9
$ANGDIR
 70
     0
  9
$PDMODE
 70
     0
  9
$PDSIZE
 40
0.0
  9
$PLINEWID
 40
0.0
  9
$SPLFRAME
 70
     0
  9
$SPLINETYPE
 70
     6
  9
$SPLINESEGS
 70
     8
  9
$HANDSEED
  5
131
  9
$SURFTAB1
 70
     6
  9
$SURFTAB2
 70
     6
  9
$SURFTYPE
 70
     6
  9
$SURFU
 70
     6
  9
$SURFV
 70
     6
  9
$UCSBASE
  2

  9
$UCSNAME
  2

  9
$UCSORG
 10
0.0
 20
0.0
 30
0.0
  9
$UCSXDIR
 10
1.0
 20
0.0
 30
0.0
  9
$UCSYDIR
 10
0.0
 20
1.0
 30
0.0
  9
$UCSORTHOREF
  2

  9
$UCSORTHOVIEW
 70
     0
  9
$UCSORGTOP
 10
0.0
 20
0.0
 30
0.0
  9
$UCSORGBOTTOM
 10
0.0
 20
0.0
 30
0.0
  9
$UCSORGLEFT
 10
0.0
 20
0.0
 30
0.0
  9
$UCSORGRIGHT
 10
0.0
 20
0.0
 30
0.0
  9
$UCSORGFRONT
 10
0.0
 20
0.0
 30
0.0
  9
$UCSORGBACK
 10
0.0
 20
0.0
 30
0.0
  9
$PUCSBASE
  2

  9
$PUCSNAME
  2

  9
$PUCSORG
 10
0.0
 20
0.0
 30
0.0
  9
$PUCSXDIR
 10
1.0
 20
0.0
 30
0.0
  9
$PUCSYDIR
 10
0.0
 20
1.0
 30
0.0
  9
$PUCSORTHOREF
  2

  9
$PUCSORTHOVIEW
 70
     0
  9
$PUCSORGTOP
 10
0.0
 20
0.0
 30
0.0
  9
$PUCSORGBOTTOM
 10
0.0
 20
0.0
 30
0.0
  9
$PUCSORGLEFT
 10
0.0
 20
0.0
 30
0.0
  9
$PUCSORGRIGHT
 10
0.0
 20
0.0
 30
0.0
  9
$PUCSORGFRONT
 10
0.0
 20
0.0
 30
0.0
  9
$PUCSORGBACK
 10
0.0
 20
0.0
 30
0.0
  9
$USERI1
 70
     0
  9
$USERI2
 70
     0
  9
$USERI3
 70
     0
  9
$USERI4
 70
     0
  9
$USERI5
 70
     0
  9
$USERR1
 40
0.0
  9
$USERR2
 40
0.0
  9
$USERR3
 40
0.0
  9
$USERR4
 40
0.0
  9
$USERR5
 40
0.0
  9
$WORLDVIEW
 70
     1
  9
$SHADEDGE
 70
     3
  9
$SHADEDIF
 70
    70
  9
$TILEMODE
 70
     1
  9
$MAXACTVP
 70
    64
  9
$PINSBASE
 10
0.0
 20
0.0
 30
0.0
  9
$PLIMCHECK
 70
     0
  9
$PEXTMIN
 10
1.000000000000000E+20
 20
1.000000000000000E+20
 30
1.000000000000000E+20
  9
$PEXTMAX
 10
-1.000000000000000E+20
 20
-1.000000000000000E+20
 30
-1.000000000000000E+20
  9
$PLIMMIN
 10
0.0
 20
0.0
  9
$PLIMMAX
 10
420.0
 20
297.0
  9
$UNITMODE
 70
     0
  9
$VISRETAIN
 70
     1
  9
$PLINEGEN
 70
     0
  9
$PSLTSCALE
 70
     1
  9
$TREEDEPTH
 70
  3020
  9
$CMLSTYLE
  2
Standard
  9
$CMLJUST
 70
     0
  9
$CMLSCALE
 40
20.0
  9
$PROXYGRAPHICS
 70
     1
  9
$MEASUREMENT
 70
     1
  9
$CELWEIGHT
370
    -1
  9
$ENDCAPS
280
     0
  9
$JOINSTYLE
280
     0
  9
$LWDISPLAY
290
     0
  9
$INSUNITS
 70
     4
  9
$HYPERLINKBASE
  1

  9
$STYLESHEET
  1

  9
$XEDIT
290
     1
  9
$CEPSNTYPE
380
     0
  9
$PSTYLEMODE
290
     1
  9
$FINGERPRINTGUID
  2
{ad5af6e6-2ea7-4077-81cc-83b49707b746}
  9
$VERSIONGUID
  2
{FAEB1C32-E019-11D5-929B-00C0DF256EC4}
  9
$EXTNAMES
290
     1
  9
$PSVPSCALE
 40
0.0
  9
$OLESTARTUP
290
     0
  9
$SORTENTS
280
   127
  9
$INDEXCTL
280
     0
  9
$HIDETEXT
280
     1
  9
$XCLIPFRAME
280
     2
  9
$HALOGAP
280
     0
  9
$OBSCOLOR
 70
   257
  9
$OBSLTYPE
280
     0
  9
$INTERSECTIONDISPLAY
280
     0
  9
$INTERSECTIONCOLOR
 70
   257
  9
$DIMASSOC
280
     2
  9
$PROJECTNAME
  1

  9
$CAMERADISPLAY
290
     0
  9
$LENSLENGTH
 40
50.0
  9
$CAMERAHEIGHT
 40
0.0
  9
$STEPSPERSEC
 40
2.0
  9
$STEPSIZE
 40
6.0
  9
$3DDWFPREC
 40
2.0
  9
$PSOLWIDTH
 40
5.0
  9
$PSOLHEIGHT
 40
80.0
  9
$LOFTANG1
 40
1.570796326794897
  9
$LOFTANG2
 40
1.570796326794897
  9
$LOFTMAG1
 40
0.0
  9
$LOFTMAG2
 40
0.0
  9
$LOFTPARAM
 70
     7
  9
$LOFTNORMALS
280
     1
  9
$LATITUDE
 40
37.795
  9
$LONGITUDE
 40
-122.394
  9
$NORTHDIRECTION
 40
0.0
  9
$TIMEZONE
 70
 -8000
  9
$LIGHTGLYPHDISPLAY
280
     1
  9
$TILEMODELIGHTSYNCH
280
     1
  9
$CMATERIAL
347
44
  9
$SOLIDHIST
280
     0
  9
$SHOWHIST
280
     1
  9
$DWFFRAME
280
     2
  9
$DGNFRAME
280
     2
  9
$REALWORLDSCALE
290
     1
  9
$INTERFERECOLOR
 62
   256
  9
$CSHADOW
280
     0
  9
$SHADOWPLANELOCATION
 40
0.0
  0
ENDSEC
  0
SECTION
  2
CLASSES
  0
CLASS
  1
ACDBDICTIONARYWDFLT
  2
AcDbDictionaryWithDefault
  3
ObjectDBX Classes
 90
        0
 91
        3
280
     0
281
     0
  0
CLASS
  1
VISUALSTYLE
  2
AcDbVisualStyle
  3
ObjectDBX Classes
 90
     4095
 91
        3
280
     0
281
     0
  0
CLASS
  1
MATERIAL
  2
AcDbMaterial
  3
ObjectDBX Classes
 90
     1153
 91
        3
280
     0
281
     0
  0
CLASS
  1
SCALE
  2
AcDbScale
  3
ObjectDBX Classes
 90
     1153
 91
        3
280
     0
281
     0
  0
CLASS
  1
TABLESTYLE
  2
AcDbTableStyle
  3
ObjectDBX Classes
 90
     4095
 91
        3
280
     0
281
     0
  0
CLASS
  1
MLEADERSTYLE
  2
AcDbMLeaderStyle
  3
ACDB_MLEADERSTYLE_CLASS
 90
     4095
 91
        3
280
     0
281
     0
  0
CLASS
  1
SUN
  2
AcDbSun
  3
SCENEOE
 90
     1153
 91
        3
280
     0
281
     0
  0
CLASS
  1
DICTIONARYVAR
  2
AcDbDictionaryVar
  3
ObjectDBX Classes
 90
        0
 91
        3
280
     0
281
     0
  0
CLASS
  1
CELLSTYLEMAP
  2
AcDbCellStyleMap
  3
ObjectDBX Classes
 90
     1152
 91
        3
280
     0
281
     0
  0
ENDSEC
  0
SECTION
  2
TABLES
  0
TABLE
  2
VPORT
  5
8
330
0
100
AcDbSymbolTable
 70
     1
  0
VPORT
  5
29
330
8
100
AcDbSymbolTableRecord
100
AcDbViewportTableRecord
  2
*Active
 70
     0
 10
0.0
 20
0.0
 11
1.0
 21
1.0
 12
5.696231670010718
 22
-50.36331000838746
 13
0.0
 23
0.0
 14
10.0
 24
10.0
 15
10.0
 25
10.0
 16
0.0
 26
0.0
 36
1.0
 17
0.0
 27
0.0
 37
0.0
 40
76.40592969307224
 41
1.706311157586547
 42
50.0
 43
0.0
 44
0.0
 50
0.0
 51
0.0
 71
     0
 72
   100
 73
     1
 74
     3
 75
     0
 76
     0
 77
     0
 78
     0
281
     0
 65
     1
110
0.0
120
0.0
130
0.0
111
1.0
121
0.0
131
0.0
112
0.0
122
1.0
132
0.0
 79
     0
146
0.0
348
2F
 60
     3
 61
     5
292
     1
282
     1
141
0.0
142
0.0
 63
   250
361
5D
  0
ENDTAB
  0
TABLE
  2
LTYPE
  5
5
330
0
100
AcDbSymbolTable
 70
     2
  0
LTYPE
  5
14
330
5
100
AcDbSymbolTableRecord
100
AcDbLinetypeTableRecord
  2
ByBlock
 70
     0
  3

 72
    65
 73
     0
 40
0.0
  0
LTYPE
  5
15
330
5
100
AcDbSymbolTableRecord
100
AcDbLinetypeTableRecord
  2
ByLayer
 70
     0
  3

 72
    65
 73
     0
 40
0.0
  0
LTYPE
  5
16
330
5
100
AcDbSymbolTableRecord
100
AcDbLinetypeTableRecord
  2
Continuous
 70
     0
  3
Solid line
 72
    65
 73
     0
 40
0.0
  0
LTYPE
  5
60
330
5
100
AcDbSymbolTableRecord
100
AcDbLinetypeTableRecord
  2
K5LT_BASIC
 70
     0
  3

 72
    65
 73
     0
 40
0.0
  0
ENDTAB
  0
TABLE
  2
LAYER
  5
2
330
0
100
AcDbSymbolTable
 70
     2
  0
LAYER
  5
10
330
2
100
AcDbSymbolTableRecord
100
AcDbLayerTableRecord
  2
0
 70
     0
 62
     7
  6
Continuous
370
    -3
390
F
347
46
348
0
  0
LAYER
  5
5F
330
2
100
AcDbSymbolTableRecord
100
AcDbLayerTableRecord
  2
Системный слой
 70
     0
 62
     7
  6
Continuous
370
    -3
390
F
347
46
348
0
  0
ENDTAB
  0
TABLE
  2
STYLE
  5
3
330
0
100
AcDbSymbolTable
 70
     1
  0
STYLE
  5
11
330
3
100
AcDbSymbolTableRecord
100
AcDbTextStyleTableRecord
  2
Standard
 70
     0
 40
0.0
 41
1.0
 50
0.0
 71
     0
 42
2.5
  3
txt
  4

  0
ENDTAB
  0
TABLE
  2
VIEW
  5
6
330
0
100
AcDbSymbolTable
 70
     0
  0
ENDTAB
  0
TABLE
  2
UCS
  5
7
330
0
100
AcDbSymbolTable
 70
     0
  0
ENDTAB
  0
TABLE
  2
APPID
  5
9
330
0
100
AcDbSymbolTable
 70
     2
  0
APPID
  5
12
330
9
100
AcDbSymbolTableRecord
100
AcDbRegAppTableRecord
  2
ACAD
 70
     0
  0
APPID
  5
5E
330
9
100
AcDbSymbolTableRecord
100
AcDbRegAppTableRecord
  2
KOMPAS
 70
     0
  0
ENDTAB
  0
TABLE
  2
DIMSTYLE
  5
A
330
0
100
AcDbSymbolTable
 70
     1
100
AcDbDimStyleTable
  0
DIMSTYLE
105
27
330
A
100
AcDbSymbolTableRecord
100
AcDbDimStyleTableRecord
  2
ISO-25
 70
     0
 41
2.5
 42
0.625
 43
3.75
 44
1.25
 73
     0
 74
     0
 77
     1
 78
     8
140
2.5
141
2.5
143
0.03937007874016
147
0.625
171
     3
172
     1
178
     0
271
     2
272
     2
274
     3
278
    44
283
     0
284
     8
340
11
  0
ENDTAB
  0
TABLE
  2
BLOCK_RECORD
  5
1
330
0
100
AcDbSymbolTable
 70
     1
  0
BLOCK_RECORD
  5
1F
330
1
100
AcDbSymbolTableRecord
100
AcDbBlockTableRecord
  2
*Model_Space
340
22
 70
     0
280
     1
281
     0
  0
BLOCK_RECORD
  5
1B
330
1
100
AcDbSymbolTableRecord
100
AcDbBlockTableRecord
  2
*Paper_Space
340
1E
 70
     0
280
     1
281
     0
  0
BLOCK_RECORD
  5
23
330
1
100
AcDbSymbolTableRecord
100
AcDbBlockTableRecord
  2
*Paper_Space0
340
26
 70
     0
280
     1
281
     0
  0
ENDTAB
  0
ENDSEC
  0
SECTION
  2
BLOCKS
  0
BLOCK
  5
20
330
1F
100
AcDbEntity
  8
0
100
AcDbBlockBegin
  2
*Model_Space
 70
     0
 10
0.0
 20
0.0
 30
0.0
  3
*Model_Space
  1

  0
ENDBLK
  5
21
330
1F
100
AcDbEntity
  8
0
100
AcDbBlockEnd
  0
BLOCK
  5
1C
330
1B
100
AcDbEntity
 67
     1
  8
0
100
AcDbBlockBegin
  2
*Paper_Space
 70
     0
 10
0.0
 20
0.0
 30
0.0
  3
*Paper_Space
  1

  0
ENDBLK
  5
1D
330
1B
100
AcDbEntity
 67
     1
  8
0
100
AcDbBlockEnd
  0
BLOCK
  5
24
330
23
100
AcDbEntity
  8
0
100
AcDbBlockBegin
  2
*Paper_Space0
 70
     0
 10
0.0
 20
0.0
 30
0.0
  3
*Paper_Space0
  1

  0
ENDBLK
  5
25
330
23
100
AcDbEntity
  8
0
100
AcDbBlockEnd
  0
ENDSEC
  0
SECTION
  2
ENTITIES
  0
LINE
  5
61
330
1F
100
AcDbEntity
  8
0
  6
K5LT_BASIC
 62
   150
420
    33023
370
    60
100
AcDbLine
 10
-37.50821151431803
 20
-46.32793019355589
 30
0.0
 11
-44.06142786863002
 21
-50.9165416843643
 31
0.0
  0
LINE
  5
62
330
1F
100
AcDbEntity
  8
0
  6
K5LT_BASIC
 62
   150
420
    33023
370
    60
100
AcDbLine
 10
-56.9324831003475
 20
-32.53476981051933
 30
0.0
 11
-52.87871844068133
 21
-29.69629323769296
 31
0.0
  0
LINE
  5
63
330
1F
100
AcDbEntity
  8
0
  6
K5LT_BASIC
 62
   150
420
    33023
370
    60
100
AcDbLine
 10
35.89965457863261
 20
-53.48438659356709
 30
0.0
 11
37.99107946845392
 21
-57.96946174351481
 31
0.0
  0
LINE
  5
64
330
1F
100
AcDbEntity
  8
0
  6
K5LT_BASIC
 62
   150
420
    33023
370
    60
100
AcDbLine
 10
0.8962447611041711
 20
-32.73002773160299
 30
0.0
 11
-12.18769688864198
 21
-29.22419613273755
 31
0.0
  0
LINE
  5
65
330
1F
100
AcDbEntity
  8
0
  6
K5LT_BASIC
 62
   150
420
    33023
370
    60
100
AcDbLine
 10
22.94328240516623
 20
-68.29649850937562
 30
0.0
 11
21.64031087368355
 21
-68.90408411286396
 31
0.0
  0
LINE
  5
66
330
1F
100
AcDbEntity
  8
0
  6
K5LT_BASIC
 62
   150
420
    33023
370
    60
100
AcDbLine
 10
36.54001089256607
 20
-61.95623988984685
 30
0.0
 11
35.23703936108336
 21
-62.56382549333517
 31
0.0
  0
LINE
  5
67
330
1F
100
AcDbEntity
  8
0
  6
K5LT_BASIC
 62
   150
420
    33023
370
    60
100
AcDbLine
 10
-56.84459627923357
 20
-37.89062558577539
 30
0.0
 11
-57.66920992416134
 21
-36.71295525243944
 31
0.0
  0
LINE
  5
68
330
1F
100
AcDbEntity
  8
0
  6
K5LT_BASIC
 62
   150
420
    33023
370
    60
100
AcDbLine
 10
-48.23961331055014
 20
-50.17981486055046
 30
0.0
 11
-49.06422695547782
 21
-49.00214452721465
 31
0.0
  0
LINE
  5
69
330
1F
100
AcDbEntity
  8
0
  6
K5LT_BASIC
 62
   150
420
    33023
370
    60
100
AcDbLine
 10
14.27258663342587
 20
-60.20255324068288
 30
0.0
 11
7.863141825461028
 21
-39.43965846319585
 31
0.0
  0
LINE
  5
6A
330
1F
100
AcDbEntity
  8
0
  6
K5LT_BASIC
 62
   150
420
    33023
370
    60
100
AcDbLine
 10
-21.57602209772267
 20
-31.55145826413132
 30
0.0
 11
-37.50821151431803
 21
-46.32793019355589
 31
0.0
  0
LINE
  5
6B
330
1F
100
AcDbEntity
  8
0
  6
K5LT_BASIC
 62
   150
420
    33023
370
    60
100
AcDbLine
 10
17.65353272735149
 20
-67.4530155369761
 30
0.0
 11
14.27258663342587
 21
-60.20255324068288
 31
0.0
  0
LINE
  5
6C
330
1F
100
AcDbEntity
  8
0
  6
K5LT_BASIC
 62
   150
420
    33023
370
    60
100
AcDbLine
 10
-42.96041666633248
 20
-38.89006363248159
 30
0.0
 11
-45.25472241173668
 21
-35.6134554553256
 31
0.0
  0
LINE
  5
6D
330
1F
100
AcDbEntity
  8
0
  6
K5LT_BASIC
 62
   150
420
    33023
370
    60
100
AcDbLine
 10
26.33849923039853
 20
-54.7968013778781
 30
0.0
 11
22.7132680822519
 21
-56.48727442484092
 31
0.0
  0
LINE
  5
6E
330
1F
100
AcDbEntity
  8
0
  6
K5LT_BASIC
 62
   150
420
    33023
370
    60
100
AcDbLine
 10
18.87183442524299
 20
-33.34222338884624
 30
0.0
 11
20.39143317055631
 21
-36.60101341456829
 31
0.0
  0
LINE
  5
6F
330
1F
100
AcDbEntity
  8
0
  6
K5LT_BASIC
 62
   150
420
    33023
370
    60
100
AcDbLine
 10
11.65190776072744
 20
-35.60555256486484
 30
0.0
 11
17.54290837646566
 21
-32.85853386355029
 31
0.0
  0
LINE
  5
70
330
1F
100
AcDbEntity
  8
0
  6
K5LT_BASIC
 62
   150
420
    33023
370
    60
100
AcDbLine
 10
12.68781698074481
 20
-40.19326863936424
 30
0.0
 11
11.1682182354315
 21
-36.93447861364221
 31
0.0
  0
LINE
  5
71
330
1F
100
AcDbEntity
  8
0
  6
K5LT_BASIC
 62
   150
420
    33023
370
    60
100
AcDbLine
 10
21.73097656049809
 20
-37.69902229725695
 30
0.0
 11
28.58248347259429
 21
-52.3921262861662
 31
0.0
  0
LINE
  5
72
330
1F
100
AcDbEntity
  8
0
  6
K5LT_BASIC
 62
   150
420
    33023
370
    60
100
AcDbLine
 10
21.76992735769483
 20
-56.67225129311699
 30
0.0
 11
20.84833165100514
 21
-57.10199842886916
 31
0.0
  0
LINE
  5
73
330
1F
100
AcDbEntity
  8
0
  6
K5LT_BASIC
 62
   150
420
    33023
370
    60
100
AcDbLine
 10
19.51940560222779
 20
-56.61830890357322
 30
0.0
 11
12.66789869013162
 21
-41.92520491466399
 31
0.0
  0
LINE
  5
74
330
1F
100
AcDbEntity
  8
0
  6
K5LT_BASIC
 62
   150
420
    33023
370
    60
100
AcDbLine
 10
28.09879394729833
 20
-53.72105233494356
 30
0.0
 11
27.08656746190496
 21
-54.19306129686981
 31
0.0
  0
LINE
  5
75
330
1F
100
AcDbEntity
  8
0
  6
K5LT_BASIC
 62
   150
420
    33023
370
    60
100
AcDbLine
 10
26.51707402522813
 20
-28.84092484019413
 30
0.0
 11
18.86223314043116
 21
-26.78981640692404
 31
0.0
  0
LINE
  5
76
330
1F
100
AcDbEntity
  8
0
  6
K5LT_BASIC
 62
   150
420
    33023
370
    60
100
AcDbLine
 10
31.94071168959354
 20
-37.24236248417369
 30
0.0
 11
27.62060284897953
 21
-36.08479280911661
 31
0.0
  0
LINE
  5
77
330
1F
100
AcDbEntity
  8
0
  6
K5LT_BASIC
 62
   150
420
    33023
370
    60
100
AcDbLine
 10
37.36434935395896
 20
-45.64380012815325
 30
0.0
 11
33.04424051334493
 21
-44.48623045309618
 31
0.0
  0
LINE
  5
78
330
1F
100
AcDbEntity
  8
0
  6
K5LT_BASIC
 62
   150
420
    33023
370
    60
100
AcDbLine
 10
-26.9798368272692
 20
-31.30162620105371
 30
0.0
 11
-40.25996786180376
 21
-40.60047405984748
 31
0.0
  0
LINE
  5
79
330
1F
100
AcDbEntity
  8
0
  6
K5LT_BASIC
 62
   150
420
    33023
370
    60
100
AcDbLine
 10
-23.18571230542899
 20
-27.72937066838377
 30
0.0
 11
-26.13111843529031
 21
-29.79176624360175
 31
0.0
  0
LINE
  5
7A
330
1F
100
AcDbEntity
  8
0
  6
K5LT_BASIC
 62
   150
420
    33023
370
    60
100
AcDbLine
 10
-45.60069846348119
 20
-34.7165670921363
 30
0.0
 11
-46.24130783325215
 21
-33.80168209759759
 31
0.0
  0
LINE
  5
7B
330
1F
100
AcDbEntity
  8
0
  6
K5LT_BASIC
 62
   150
420
    33023
370
    60
100
AcDbLine
 10
-45.99573222531419
 20
-32.40895361695755
 30
0.0
 11
-32.71560119077963
 21
-23.11010575816377
 31
0.0
  0
LINE
  5
7C
330
1F
100
AcDbEntity
  8
0
  6
K5LT_BASIC
 62
   150
420
    33023
370
    60
100
AcDbLine
 10
-26.66838353377283
 20
-21.01215389986528
 30
0.0
 11
-22.94013669749104
 21
-26.33664218774372
 31
0.0
  0
LINE
  5
7D
330
1F
100
AcDbEntity
  8
0
  6
K5LT_BASIC
 62
   150
420
    33023
370
    60
100
AcDbLine
 10
-31.00651814427419
 20
-22.82897386714531
 30
0.0
 11
-28.06111201441286
 21
-20.76657829192733
 31
0.0
  0
LINE
  5
7E
330
1F
100
AcDbEntity
  8
0
  6
K5LT_BASIC
 62
   150
420
    33023
370
    60
100
AcDbLine
 10
-41.6526963424438
 20
-40.35489845190953
 30
0.0
 11
-42.23594806857965
 21
-39.52192866179971
 31
0.0
  0
LINE
  5
7F
330
1F
100
AcDbEntity
  8
0
  6
K5LT_BASIC
 62
   150
420
    33023
370
    60
100
AcDbLine
 10
-45.90677925158335
 20
-23.33136846547005
 30
0.0
 11
-50.22688809219736
 21
-22.17379879041297
 31
0.0
  0
LINE
  5
80
330
1F
100
AcDbEntity
  8
0
  6
K5LT_BASIC
 62
   150
420
    33023
370
    60
100
AcDbLine
 10
-24.77659356689574
 20
-15.0968280320541
 30
0.0
 11
-32.4314344516927
 21
-13.04571959878401
 31
0.0
  0
LINE
  5
81
330
1F
100
AcDbEntity
  8
0
  6
K5LT_BASIC
 62
   150
420
    33023
370
    60
100
AcDbLine
 10
-37.00905243133104
 20
-18.76732886965557
 30
0.0
 11
-41.32916127194503
 21
-17.6097591945985
 31
0.0
  0
LINE
  5
82
330
1F
100
AcDbEntity
  8
0
  6
K5LT_BASIC
 62
   150
420
    33023
370
    60
100
AcDbLine
 10
48.90067485433943
 20
-54.39868982321904
 30
0.0
 11
55.45389120865141
 21
-49.81007833241063
 31
0.0
  0
LINE
  5
83
330
1F
100
AcDbEntity
  8
0
  6
K5LT_BASIC
 62
   150
420
    33023
370
    60
100
AcDbLine
 10
68.3249464403689
 20
-68.1918502062556
 30
0.0
 11
64.27118178070273
 21
-71.03032677908197
 31
0.0
  0
LINE
  5
84
330
1F
100
AcDbEntity
  8
0
  6
K5LT_BASIC
 62
   150
420
    33023
370
    60
100
AcDbLine
 10
-24.5071912386112
 20
-47.24223342320783
 30
0.0
 11
-26.59861612843251
 21
-42.75715827326011
 31
0.0
  0
LINE
  5
85
330
1F
100
AcDbEntity
  8
0
  6
K5LT_BASIC
 62
   150
420
    33023
370
    60
100
AcDbLine
 10
10.49621857891719
 20
-67.99659228517191
 30
0.0
 11
23.58016022866337
 21
-71.50242388403737
 31
0.0
  0
LINE
  5
86
330
1F
100
AcDbEntity
  8
0
  6
K5LT_BASIC
 62
   150
420
    33023
370
    60
100
AcDbLine
 10
-11.55081906514482
 20
-32.43012150739931
 30
0.0
 11
-10.24784753366212
 21
-31.82253590391098
 31
0.0
  0
LINE
  5
87
330
1F
100
AcDbEntity
  8
0
  6
K5LT_BASIC
 62
   150
420
    33023
370
    60
100
AcDbLine
 10
-25.14754755254465
 20
-38.77038012692807
 30
0.0
 11
-23.84457602106198
 21
-38.16279452343975
 31
0.0
  0
LINE
  5
88
330
1F
100
AcDbEntity
  8
0
  6
K5LT_BASIC
 62
   150
420
    33023
370
    60
100
AcDbLine
 10
68.23705961925498
 20
-62.83599443099956
 30
0.0
 11
69.06167326418273
 21
-64.01366476433549
 31
0.0
  0
LINE
  5
89
330
1F
100
AcDbEntity
  8
0
  6
K5LT_BASIC
 62
   150
420
    33023
370
    60
100
AcDbLine
 10
59.63207665057155
 20
-50.54680515622447
 30
0.0
 11
60.45669029549924
 21
-51.72447548956028
 31
0.0
  0
LINE
  5
8A
330
1F
100
AcDbEntity
  8
0
  6
K5LT_BASIC
 62
   150
420
    33023
370
    60
100
AcDbLine
 10
-2.880123293404466
 20
-40.52406677609204
 30
0.0
 11
3.52932151456038
 21
-61.28696155357907
 31
0.0
  0
LINE
  5
8B
330
1F
100
AcDbEntity
  8
0
  6
K5LT_BASIC
 62
   150
420
    33023
370
    60
100
AcDbLine
 10
32.96848543774409
 20
-69.17516175264359
 30
0.0
 11
48.90067485433943
 21
-54.39868982321904
 31
0.0
  0
LINE
  5
8C
330
1F
100
AcDbEntity
  8
0
  6
K5LT_BASIC
 62
   150
420
    33023
370
    60
100
AcDbLine
 10
-6.261069387330082
 20
-33.27360447979883
 30
0.0
 11
-2.880123293404466
 21
-40.52406677609204
 31
0.0
  0
LINE
  5
8D
330
1F
100
AcDbEntity
  8
0
  6
K5LT_BASIC
 62
   150
420
    33023
370
    60
100
AcDbLine
 10
54.3528800063539
 20
-61.83655638429334
 30
0.0
 11
56.64718575175809
 21
-65.11316456144931
 31
0.0
  0
LINE
  5
8E
330
1F
100
AcDbEntity
  8
0
  6
K5LT_BASIC
 62
   150
420
    33023
370
    60
100
AcDbLine
 10
-14.94603589037713
 20
-45.92981863889682
 30
0.0
 11
-11.32080474223051
 21
-44.23934559193399
 31
0.0
  0
LINE
  5
8F
330
1F
100
AcDbEntity
  8
0
  6
K5LT_BASIC
 62
   150
420
    33023
370
    60
100
AcDbLine
 10
-7.479371085221601
 20
-67.38439662792868
 30
0.0
 11
-8.998969830534918
 21
-64.12560660220663
 31
0.0
  0
LINE
  5
90
330
1F
100
AcDbEntity
  8
0
  6
K5LT_BASIC
 62
   150
420
    33023
370
    60
100
AcDbLine
 10
-0.259444420706032
 20
-65.12106745191008
 30
0.0
 11
-6.150445036444253
 21
-67.86808615322462
 31
0.0
  0
LINE
  5
91
330
1F
100
AcDbEntity
  8
0
  6
K5LT_BASIC
 62
   150
420
    33023
370
    60
100
AcDbLine
 10
-1.295353640723405
 20
-60.53335137741069
 30
0.0
 11
0.2242451045899116
 21
-63.79214140313271
 31
0.0
  0
LINE
  5
92
330
1F
100
AcDbEntity
  8
0
  6
K5LT_BASIC
 62
   150
420
    33023
370
    60
100
AcDbLine
 10
-10.3385132204767
 20
-63.02759771951798
 30
0.0
 11
-17.1900201325729
 21
-48.33449373060872
 31
0.0
  0
LINE
  5
93
330
1F
100
AcDbEntity
  8
0
  6
K5LT_BASIC
 62
   150
420
    33023
370
    60
100
AcDbLine
 10
-10.37746401767342
 20
-44.05436872365794
 30
0.0
 11
-9.455868310983746
 21
-43.62462158790576
 31
0.0
  0
LINE
  5
94
330
1F
100
AcDbEntity
  8
0
  6
K5LT_BASIC
 62
   150
420
    33023
370
    60
100
AcDbLine
 10
-8.126942262206384
 20
-44.1083111132017
 30
0.0
 11
-1.275435350110229
 21
-58.80141510211093
 31
0.0
  0
LINE
  5
95
330
1F
100
AcDbEntity
  8
0
  6
K5LT_BASIC
 62
   150
420
    33023
370
    60
100
AcDbLine
 10
-16.70633060727693
 20
-47.00556768183136
 30
0.0
 11
-15.69410412188357
 21
-46.53355871990512
 31
0.0
  0
LINE
  5
96
330
1F
100
AcDbEntity
  8
0
  6
K5LT_BASIC
 62
   150
420
    33023
370
    60
100
AcDbLine
 10
-15.12461068520672
 20
-71.88569517658078
 30
0.0
 11
-7.46976980040975
 21
-73.93680360985087
 31
0.0
  0
LINE
  5
97
330
1F
100
AcDbEntity
  8
0
  6
K5LT_BASIC
 62
   150
420
    33023
370
    60
100
AcDbLine
 10
-20.54824834957213
 20
-63.48425753260123
 30
0.0
 11
-16.22813950895814
 21
-64.64182720765831
 31
0.0
  0
LINE
  5
98
330
1F
100
AcDbEntity
  8
0
  6
K5LT_BASIC
 62
   150
420
    33023
370
    60
100
AcDbLine
 10
-25.97188601393754
 20
-55.08281988862167
 30
0.0
 11
-21.65177717332354
 21
-56.24038956367873
 31
0.0
  0
LINE
  5
99
330
1F
100
AcDbEntity
  8
0
  6
K5LT_BASIC
 62
   150
420
    33023
370
    60
100
AcDbLine
 10
38.3723001672906
 20
-69.4249938157212
 30
0.0
 11
51.65243120182515
 21
-60.12614595692745
 31
0.0
  0
LINE
  5
9A
330
1F
100
AcDbEntity
  8
0
  6
K5LT_BASIC
 62
   150
420
    33023
370
    60
100
AcDbLine
 10
34.57817564545039
 20
-72.99724934839116
 30
0.0
 11
37.52358177531171
 21
-70.93485377317316
 31
0.0
  0
LINE
  5
9B
330
1F
100
AcDbEntity
  8
0
  6
K5LT_BASIC
 62
   150
420
    33023
370
    60
100
AcDbLine
 10
56.9931618035026
 20
-66.01005292463864
 30
0.0
 11
57.63377117327354
 21
-66.92493791917735
 31
0.0
  0
LINE
  5
9C
330
1F
100
AcDbEntity
  8
0
  6
K5LT_BASIC
 62
   150
420
    33023
370
    60
100
AcDbLine
 10
57.38819556533559
 20
-68.31766639981737
 30
0.0
 11
44.10806453080104
 21
-77.61651425861115
 31
0.0
  0
LINE
  5
9D
330
1F
100
AcDbEntity
  8
0
  6
K5LT_BASIC
 62
   150
420
    33023
370
    60
100
AcDbLine
 10
38.06084687379422
 20
-79.71446611690965
 30
0.0
 11
34.33260003751245
 21
-74.38997782903121
 31
0.0
  0
LINE
  5
9E
330
1F
100
AcDbEntity
  8
0
  6
K5LT_BASIC
 62
   150
420
    33023
370
    60
100
AcDbLine
 10
42.3989814842956
 20
-77.89764614962962
 30
0.0
 11
39.45357535443426
 21
-79.9600417248476
 31
0.0
  0
LINE
  5
9F
330
1F
100
AcDbEntity
  8
0
  6
K5LT_BASIC
 62
   150
420
    33023
370
    60
100
AcDbLine
 10
53.0451596824652
 20
-60.37172156486539
 30
0.0
 11
53.62841140860104
 21
-61.20469135497522
 31
0.0
  0
LINE
  5
A0
330
1F
100
AcDbEntity
  8
0
  6
K5LT_BASIC
 62
   150
420
    33023
370
    60
100
AcDbLine
 10
57.29924259160478
 20
-77.39525155130488
 30
0.0
 11
61.61935143221876
 21
-78.55282122636197
 31
0.0
  0
LINE
  5
A1
330
1F
100
AcDbEntity
  8
0
  6
K5LT_BASIC
 62
   150
420
    33023
370
    60
100
AcDbLine
 10
36.16905690691713
 20
-85.62979198472081
 30
0.0
 11
43.82389779171407
 21
-87.68090041799093
 31
0.0
  0
LINE
  5
A2
330
1F
100
AcDbEntity
  8
0
  6
K5LT_BASIC
 62
   150
420
    33023
370
    60
100
AcDbLine
 10
48.40151577135242
 20
-81.95929114711936
 30
0.0
 11
52.72162461196643
 21
-83.11686082217642
 31
0.0
  0
LINE
  5
A3
330
1F
100
AcDbEntity
  8
0
  6
K5LT_BASIC
 62
   150
420
    33023
370
    60
100
AcDbLine
 10
44.40212227048062
 20
-53.29032737346491
 30
0.0
 11
45.01696508963897
 21
-53.45507401033046
 31
0.0
  0
LINE
  5
A4
330
1F
100
AcDbEntity
  8
0
  6
K5LT_BASIC
 62
   150
420
    33023
370
    60
100
AcDbLine
 10
-33.35735145337578
 20
-46.16240280569685
 30
0.0
 11
-33.97219427253415
 21
-45.99765616883129
 31
0.0
  0
ARC
  5
A5
330
1F
100
AcDbEntity
  8
0
  6
K5LT_BASIC
 62
   150
420
    33023
370
    60
100
AcDbCircle
 10
-14.77588733966721
 20
-38.88345439562823
 30
0.0
 40
10.0
100
AcDbArc
 50
74.9999999999999
 51
132.8446960995296
  0
ARC
  5
A6
330
1F
100
AcDbEntity
  8
0
  6
K5LT_BASIC
 62
   150
420
    33023
370
    60
100
AcDbCircle
 10
-12.70633930941206
 20
-57.32767929750427
 30
0.0
 40
43.92192887891967
100
AcDbArc
 50
44.04921468279903
 51
105.950785317201
  0
ARC
  5
A7
330
1F
100
AcDbEntity
  8
0
  6
K5LT_BASIC
 62
   150
420
    33023
370
    60
100
AcDbCircle
 10
-1.691945689921027
 20
-42.38928599449367
 30
0.0
 40
10.0
100
AcDbArc
 50
17.15530390047043
 51
74.99999999999993
  0
ARC
  5
A8
330
1F
100
AcDbEntity
  8
0
  6
K5LT_BASIC
 62
   150
420
    33023
370
    60
100
AcDbCircle
 10
-41.3221125777545
 20
-37.74291075977951
 30
0.0
 40
2.0
100
AcDbArc
 50
214.9999999999999
 51
242.8116066118038
  0
ARC
  5
A9
330
1F
100
AcDbEntity
  8
0
  6
K5LT_BASIC
 62
   150
420
    33023
370
    60
100
AcDbCircle
 10
-43.61641832315869
 20
-34.46630258262352
 30
0.0
 40
2.0
100
AcDbArc
 50
187.1883933881965
 51
214.9999999999997
  0
ARC
  5
AA
330
1F
100
AcDbEntity
  8
0
  6
K5LT_BASIC
 62
   150
420
    33023
370
    60
100
AcDbCircle
 10
21.86803155877051
 20
-54.67465885076762
 30
0.0
 40
2.0
100
AcDbArc
 50
267.1883933881974
 51
294.9999999999999
  0
ARC
  5
AB
330
1F
100
AcDbEntity
  8
0
  6
K5LT_BASIC
 62
   150
420
    33023
370
    60
100
AcDbCircle
 10
25.49326270691712
 20
-52.98418580380481
 30
0.0
 40
2.0
100
AcDbArc
 50
295.0000000000003
 51
322.8116066118028
  0
ARC
  5
AC
330
1F
100
AcDbEntity
  8
0
  6
K5LT_BASIC
 62
   150
420
    33023
370
    60
100
AcDbCircle
 10
-45.78215717768316
 20
-48.45908555149732
 30
0.0
 40
2.999999999999998
100
AcDbArc
 50
215.0
 51
305.0000000000001
  0
ARC
  5
AD
330
1F
100
AcDbEntity
  8
0
  6
K5LT_BASIC
 62
   150
420
    33023
370
    60
100
AcDbCircle
 10
20.37245608846142
 20
-66.18516075175398
 30
0.0
 40
2.999999999999995
100
AcDbArc
 50
205.0000000000001
 51
295.0000000000002
  0
ARC
  5
AE
330
1F
100
AcDbEntity
  8
0
  6
K5LT_BASIC
 62
   150
420
    33023
370
    60
100
AcDbCircle
 10
35.27215610734395
 20
-59.2373165287369
 30
0.0
 40
2.999999999999998
100
AcDbArc
 50
295.0
 51
24.99999999999987
  0
ARC
  5
AF
330
1F
100
AcDbEntity
  8
0
  6
K5LT_BASIC
 62
   150
420
    33023
370
    60
100
AcDbCircle
 10
-55.21175379129436
 20
-34.99222594338631
 30
0.0
 40
2.999999999999999
100
AcDbArc
 50
124.9999999999999
 51
214.9999999999999
  0
ARC
  5
B0
330
1F
100
AcDbEntity
  8
0
  6
K5LT_BASIC
 62
   150
420
    33023
370
    60
100
AcDbCircle
 10
-56.70885848701357
 20
-46.07527705643732
 30
0.0
 40
6.08333333333336
100
AcDbArc
 50
10.05808370116672
 51
59.94191629883342
  0
ARC
  5
B1
330
1F
100
AcDbEntity
  8
0
  6
K5LT_BASIC
 62
   150
420
    33023
370
    60
100
AcDbCircle
 10
31.02716124943636
 20
-69.58407269194007
 30
0.0
 40
6.08333333333336
100
AcDbArc
 50
90.05808370116698
 51
139.9419162988331
  0
ARC
  5
B2
330
1F
100
AcDbEntity
  8
0
  6
K5LT_BASIC
 62
   150
420
    33023
370
    60
100
AcDbCircle
 10
31.01085674367637
 20
-53.50074762296867
 30
0.0
 40
9.999999999999998
100
AcDbArc
 50
270.0580837011669
 51
295.0000000000001
  0
ARC
  5
B3
330
1F
100
AcDbEntity
  8
0
  6
K5LT_BASIC
 62
   150
420
    33023
370
    60
100
AcDbCircle
 10
-48.65307583634366
 20
-32.15486122226491
 30
0.0
 40
10.00000000000001
100
AcDbArc
 50
215.0000000000001
 51
239.9419162988334
  0
ARC
  5
B4
330
1F
100
AcDbEntity
  8
0
  6
K5LT_BASIC
 62
   150
420
    33023
370
    60
100
AcDbCircle
 10
-40.8727065125879
 20
-43.26638016370418
 30
0.0
 40
10.0
100
AcDbArc
 50
190.0580837011667
 51
214.9999999999999
  0
ARC
  5
B5
330
1F
100
AcDbEntity
  8
0
  6
K5LT_BASIC
 62
   150
420
    33023
370
    60
100
AcDbCircle
 10
18.71709978775924
 20
-59.23342063900912
 30
0.0
 40
10.0
100
AcDbArc
 50
295.0
 51
319.9419162988331
  0
ARC
  5
B6
330
1F
100
AcDbEntity
  8
0
  6
K5LT_BASIC
 62
   150
420
    33023
370
    60
100
AcDbCircle
 10
21.29774095759298
 20
-36.1783951528276
 30
0.0
 40
1.000000000000003
100
AcDbArc
 50
205.0000000000002
 51
256.3178125465098
  0
ARC
  5
B7
330
1F
100
AcDbEntity
  8
0
  6
K5LT_BASIC
 62
   150
420
    33023
370
    60
100
AcDbCircle
 10
11.78150919370816
 20
-40.61588690110495
 30
0.0
 40
1.000000000000001
100
AcDbArc
 50
333.6821874534888
 51
25.00000000000002
  0
ARC
  5
B8
330
1F
100
AcDbEntity
  8
0
  6
K5LT_BASIC
 62
   150
420
    33023
370
    60
100
AcDbCircle
 10
17.96552663820636
 20
-33.76484165058694
 30
0.0
 40
1.000000000000001
100
AcDbArc
 50
25.00000000000015
 51
115.0
  0
ARC
  5
B9
330
1F
100
AcDbEntity
  8
0
  6
K5LT_BASIC
 62
   150
420
    33023
370
    60
100
AcDbCircle
 10
12.07452602246813
 20
-36.51186035190149
 30
0.0
 40
1.000000000000005
100
AcDbArc
 50
114.9999999999999
 51
205.0000000000006
  0
ARC
  5
BA
330
1F
100
AcDbEntity
  8
0
  6
K5LT_BASIC
 62
   150
420
    33023
370
    60
100
AcDbCircle
 10
13.57420647716826
 20
-41.50258665292329
 30
0.0
 40
1.0
100
AcDbArc
 50
153.6821874534885
 51
205.0000000000003
  0
ARC
  5
BB
330
1F
100
AcDbEntity
  8
0
  6
K5LT_BASIC
 62
   150
420
    33023
370
    60
100
AcDbCircle
 10
20.82466877346147
 20
-38.12164055899765
 30
0.0
 40
0.999999999999991
100
AcDbArc
 50
24.99999999999984
 51
76.31781254650983
  0
ARC
  5
BC
330
1F
100
AcDbEntity
  8
0
  6
K5LT_BASIC
 62
   150
420
    33023
370
    60
100
AcDbCircle
 10
27.67617568555762
 20
-52.8147445479069
 30
0.0
 40
1.000000000000003
100
AcDbArc
 50
295.0000000000002
 51
25.00000000000015
  0
ARC
  5
BD
330
1F
100
AcDbEntity
  8
0
  6
K5LT_BASIC
 62
   150
420
    33023
370
    60
100
AcDbCircle
 10
20.42571338926444
 20
-56.19569064183251
 30
0.0
 40
1.0
100
AcDbArc
 50
205.0
 51
295.0000000000003
  0
ARC
  5
BE
330
1F
100
AcDbEntity
  8
0
  6
K5LT_BASIC
 62
   150
420
    33023
370
    60
100
AcDbCircle
 10
25.48179784481805
 20
-32.7046281453504
 30
0.0
 40
4.0
100
AcDbArc
 50
302.3236532642578
 51
75.00000000000001
  0
ARC
  5
BF
330
1F
100
AcDbEntity
  8
0
  6
K5LT_BASIC
 62
   150
420
    33023
370
    60
100
AcDbCircle
 10
36.32907317354888
 20
-49.50750343330953
 30
0.0
 40
4.0
100
AcDbArc
 50
263.8371550113131
 51
75.00000000000001
  0
ARC
  5
C0
330
1F
100
AcDbEntity
  8
0
  6
K5LT_BASIC
 62
   150
420
    33023
370
    60
100
AcDbCircle
 10
30.90543550918345
 20
-41.10606578932997
 30
0.0
 40
4.0
100
AcDbArc
 50
302.3236532642578
 51
75.00000000000001
  0
ARC
  5
C1
330
1F
100
AcDbEntity
  8
0
  6
K5LT_BASIC
 62
   150
420
    33023
370
    60
100
AcDbCircle
 10
-40.83354429815481
 20
-39.78132201555849
 30
0.0
 40
0.9999999999999986
100
AcDbArc
 50
214.9999999999997
 51
305.0000000000002
  0
ARC
  5
C2
330
1F
100
AcDbEntity
  8
0
  6
K5LT_BASIC
 62
   150
420
    33023
370
    60
100
AcDbCircle
 10
-31.58009458062523
 20
-22.00982182285632
 30
0.0
 40
0.9999999999999992
100
AcDbArc
 50
253.6821874534903
 51
305.0000000000002
  0
ARC
  5
C3
330
1F
100
AcDbEntity
  8
0
  6
K5LT_BASIC
 62
   150
420
    33023
370
    60
100
AcDbCircle
 10
-27.48753557806182
 20
-21.58573033621633
 30
0.0
 40
1.000000000000003
100
AcDbArc
 50
35.0000000000002
 51
124.9999999999999
  0
ARC
  5
C4
330
1F
100
AcDbEntity
  8
0
  6
K5LT_BASIC
 62
   150
420
    33023
370
    60
100
AcDbCircle
 10
-45.42215578896315
 20
-33.22810566124654
 30
0.0
 40
1.000000000000003
100
AcDbArc
 50
124.9999999999999
 51
214.9999999999998
  0
ARC
  5
C5
330
1F
100
AcDbEntity
  8
0
  6
K5LT_BASIC
 62
   150
420
    33023
370
    60
100
AcDbCircle
 10
-32.14202475442857
 20
-23.92925780245276
 30
0.0
 40
0.9999999999999986
100
AcDbArc
 50
73.68218745349
 51
125.0000000000002
  0
ARC
  5
C6
330
1F
100
AcDbEntity
  8
0
  6
K5LT_BASIC
 62
   150
420
    33023
370
    60
100
AcDbCircle
 10
-25.55754199893925
 20
-30.61091828789075
 30
0.0
 40
1.000000000000006
100
AcDbArc
 50
125.0
 51
176.3178125465112
  0
ARC
  5
C7
330
1F
100
AcDbEntity
  8
0
  6
K5LT_BASIC
 62
   150
420
    33023
370
    60
100
AcDbCircle
 10
-27.55341326362025
 20
-30.48247415676472
 30
0.0
 40
0.9999999999999928
100
AcDbArc
 50
304.9999999999998
 51
356.3178125465117
  0
ARC
  5
C8
330
1F
100
AcDbEntity
  8
0
  6
K5LT_BASIC
 62
   150
420
    33023
370
    60
100
AcDbCircle
 10
-23.75928874178003
 20
-26.91021862409477
 30
0.0
 40
0.9999999999999986
100
AcDbArc
 50
304.9999999999998
 51
35.0000000000002
  0
ARC
  5
C9
330
1F
100
AcDbEntity
  8
0
  6
K5LT_BASIC
 62
   150
420
    33023
370
    60
100
AcDbCircle
 10
-42.36443745235512
 20
-21.47346249975477
 30
0.0
 40
4.0
100
AcDbArc
 50
75.00000000000001
 51
207.6763467357422
  0
ARC
  5
CA
330
1F
100
AcDbEntity
  8
0
  6
K5LT_BASIC
 62
   150
420
    33023
370
    60
100
AcDbCircle
 10
-33.46671063210279
 20
-16.90942290394029
 30
0.0
 40
4.0
100
AcDbArc
 50
75.00000000000001
 51
207.6763467357422
  0
ARC
  5
CB
330
1F
100
AcDbEntity
  8
0
  6
K5LT_BASIC
 62
   150
420
    33023
370
    60
100
AcDbCircle
 10
-51.26216427260745
 20
-26.03750209556924
 30
0.0
 40
4.0
100
AcDbArc
 50
75.00000000000001
 51
246.1628449886869
  0
ARC
  5
CC
330
1F
100
AcDbEntity
  8
0
  6
K5LT_BASIC
 62
   150
420
    33023
370
    60
100
AcDbCircle
 10
26.16835067968859
 20
-61.8431656211467
 30
0.0
 40
10.0
100
AcDbArc
 50
254.9999999999999
 51
312.8446960995296
  0
ARC
  5
CD
330
1F
100
AcDbEntity
  8
0
  6
K5LT_BASIC
 62
   150
420
    33023
370
    60
100
AcDbCircle
 10
24.09880264943347
 20
-43.39894071927066
 30
0.0
 40
43.92192887891967
100
AcDbArc
 50
224.049214682799
 51
285.950785317201
  0
ARC
  5
CE
330
1F
100
AcDbEntity
  8
0
  6
K5LT_BASIC
 62
   150
420
    33023
370
    60
100
AcDbCircle
 10
13.08440902994242
 20
-58.33733402228125
 30
0.0
 40
10.0
100
AcDbArc
 50
197.1553039004704
 51
254.9999999999999
  0
ARC
  5
CF
330
1F
100
AcDbEntity
  8
0
  6
K5LT_BASIC
 62
   150
420
    33023
370
    60
100
AcDbCircle
 10
52.7145759177759
 20
-62.98370925699542
 30
0.0
 40
2.0
100
AcDbArc
 50
34.99999999999987
 51
62.81160661180375
  0
ARC
  5
D0
330
1F
100
AcDbEntity
  8
0
  6
K5LT_BASIC
 62
   150
420
    33023
370
    60
100
AcDbCircle
 10
55.00888166318006
 20
-66.2603174341514
 30
0.0
 40
2.0
100
AcDbArc
 50
7.188393388196577
 51
34.99999999999973
  0
ARC
  5
D1
330
1F
100
AcDbEntity
  8
0
  6
K5LT_BASIC
 62
   150
420
    33023
370
    60
100
AcDbCircle
 10
-10.47556821874912
 20
-46.0519611660073
 30
0.0
 40
2.0
100
AcDbArc
 50
87.18839338819738
 51
114.9999999999999
  0
ARC
  5
D2
330
1F
100
AcDbEntity
  8
0
  6
K5LT_BASIC
 62
   150
420
    33023
370
    60
100
AcDbCircle
 10
-14.10079936689573
 20
-47.7424342129701
 30
0.0
 40
2.0
100
AcDbArc
 50
115.0000000000003
 51
142.8116066118028
  0
ARC
  5
D3
330
1F
100
AcDbEntity
  8
0
  6
K5LT_BASIC
 62
   150
420
    33023
370
    60
100
AcDbCircle
 10
57.17462051770454
 20
-52.26753446527759
 30
0.0
 40
2.999999999999998
100
AcDbArc
 50
35.00000000000006
 51
125.0
  0
ARC
  5
D4
330
1F
100
AcDbEntity
  8
0
  6
K5LT_BASIC
 62
   150
420
    33023
370
    60
100
AcDbCircle
 10
-8.979992748440011
 20
-34.54145926502093
 30
0.0
 40
2.999999999999995
100
AcDbArc
 50
25.00000000000012
 51
115.0000000000002
  0
ARC
  5
D5
330
1F
100
AcDbEntity
  8
0
  6
K5LT_BASIC
 62
   150
420
    33023
370
    60
100
AcDbCircle
 10
-23.87969276732256
 20
-41.48930348803803
 30
0.0
 40
2.999999999999998
100
AcDbArc
 50
115.0
 51
204.9999999999999
  0
ARC
  5
D6
330
1F
100
AcDbEntity
  8
0
  6
K5LT_BASIC
 62
   150
420
    33023
370
    60
100
AcDbCircle
 10
66.60421713131575
 20
-65.73439407338864
 30
0.0
 40
2.999999999999999
100
AcDbArc
 50
304.9999999999999
 51
34.99999999999996
  0
ARC
  5
D7
330
1F
100
AcDbEntity
  8
0
  6
K5LT_BASIC
 62
   150
420
    33023
370
    60
100
AcDbCircle
 10
68.10132182703498
 20
-54.65134296033762
 30
0.0
 40
6.08333333333336
100
AcDbArc
 50
190.0580837011667
 51
239.9419162988334
  0
ARC
  5
D8
330
1F
100
AcDbEntity
  8
0
  6
K5LT_BASIC
 62
   150
420
    33023
370
    60
100
AcDbCircle
 10
-19.63469790941494
 20
-31.14254732483484
 30
0.0
 40
6.08333333333336
100
AcDbArc
 50
270.0580837011669
 51
319.9419162988331
  0
ARC
  5
D9
330
1F
100
AcDbEntity
  8
0
  6
K5LT_BASIC
 62
   150
420
    33023
370
    60
100
AcDbCircle
 10
-19.61839340365498
 20
-47.22587239380625
 30
0.0
 40
9.999999999999998
100
AcDbArc
 50
90.0580837011669
 51
115.0
  0
ARC
  5
DA
330
1F
100
AcDbEntity
  8
0
  6
K5LT_BASIC
 62
   150
420
    33023
370
    60
100
AcDbCircle
 10
60.04553917636508
 20
-68.57175879451003
 30
0.0
 40
10.00000000000001
100
AcDbArc
 50
35.00000000000011
 51
59.9419162988334
  0
ARC
  5
DB
330
1F
100
AcDbEntity
  8
0
  6
K5LT_BASIC
 62
   150
420
    33023
370
    60
100
AcDbCircle
 10
52.26516985260929
 20
-57.46023985307074
 30
0.0
 40
10.0
100
AcDbArc
 50
10.05808370116668
 51
34.99999999999996
  0
ARC
  5
DC
330
1F
100
AcDbEntity
  8
0
  6
K5LT_BASIC
 62
   150
420
    33023
370
    60
100
AcDbCircle
 10
-7.324636447737831
 20
-41.49319937776581
 30
0.0
 40
10.0
100
AcDbArc
 50
115.0
 51
139.9419162988331
  0
ARC
  5
DD
330
1F
100
AcDbEntity
  8
0
  6
K5LT_BASIC
 62
   150
420
    33023
370
    60
100
AcDbCircle
 10
-9.90527761757157
 20
-64.54822486394733
 30
0.0
 40
1.000000000000003
100
AcDbArc
 50
25.00000000000018
 51
76.31781254650981
  0
ARC
  5
DE
330
1F
100
AcDbEntity
  8
0
  6
K5LT_BASIC
 62
   150
420
    33023
370
    60
100
AcDbCircle
 10
-0.3890458536867527
 20
-60.11073311566997
 30
0.0
 40
1.000000000000001
100
AcDbArc
 50
153.6821874534889
 51
205.0
  0
ARC
  5
DF
330
1F
100
AcDbEntity
  8
0
  6
K5LT_BASIC
 62
   150
420
    33023
370
    60
100
AcDbCircle
 10
-6.573063298184948
 20
-66.96177836618799
 30
0.0
 40
1.000000000000001
100
AcDbArc
 50
205.0000000000001
 51
295.0
  0
ARC
  5
E0
330
1F
100
AcDbEntity
  8
0
  6
K5LT_BASIC
 62
   150
420
    33023
370
    60
100
AcDbCircle
 10
-0.6820626824467269
 20
-64.21475966487344
 30
0.0
 40
1.000000000000005
100
AcDbArc
 50
294.9999999999999
 51
25.00000000000058
  0
ARC
  5
E1
330
1F
100
AcDbEntity
  8
0
  6
K5LT_BASIC
 62
   150
420
    33023
370
    60
100
AcDbCircle
 10
-2.181743137146867
 20
-59.22403336385163
 30
0.0
 40
1.0
100
AcDbArc
 50
333.6821874534884
 51
25.00000000000028
  0
ARC
  5
E2
330
1F
100
AcDbEntity
  8
0
  6
K5LT_BASIC
 62
   150
420
    33023
370
    60
100
AcDbCircle
 10
-9.43220543344006
 20
-62.60497945777727
 30
0.0
 40
0.999999999999991
100
AcDbArc
 50
204.9999999999998
 51
256.3178125465098
  0
ARC
  5
E3
330
1F
100
AcDbEntity
  8
0
  6
K5LT_BASIC
 62
   150
420
    33023
370
    60
100
AcDbCircle
 10
-16.28371234553622
 20
-47.91187546886801
 30
0.0
 40
1.000000000000003
100
AcDbArc
 50
115.0000000000002
 51
205.0000000000001
  0
ARC
  5
E4
330
1F
100
AcDbEntity
  8
0
  6
K5LT_BASIC
 62
   150
420
    33023
370
    60
100
AcDbCircle
 10
-9.033250049243037
 20
-44.53092937494242
 30
0.0
 40
1.0
100
AcDbArc
 50
25.00000000000002
 51
115.0000000000003
  0
ARC
  5
E5
330
1F
100
AcDbEntity
  8
0
  6
K5LT_BASIC
 62
   150
420
    33023
370
    60
100
AcDbCircle
 10
-14.08933450479664
 20
-68.02199187142452
 30
0.0
 40
4.0
100
AcDbArc
 50
122.3236532642578
 51
255.0
  0
ARC
  5
E6
330
1F
100
AcDbEntity
  8
0
  6
K5LT_BASIC
 62
   150
420
    33023
370
    60
100
AcDbCircle
 10
-24.93660983352747
 20
-51.2191165834654
 30
0.0
 40
4.0
100
AcDbArc
 50
83.83715501131316
 51
255.0
  0
ARC
  5
E7
330
1F
100
AcDbEntity
  8
0
  6
K5LT_BASIC
 62
   150
420
    33023
370
    60
100
AcDbCircle
 10
-19.51297216916205
 20
-59.62055422744496
 30
0.0
 40
4.0
100
AcDbArc
 50
122.3236532642578
 51
255.0
  0
ARC
  5
E8
330
1F
100
AcDbEntity
  8
0
  6
K5LT_BASIC
 62
   150
420
    33023
370
    60
100
AcDbCircle
 10
52.22600763817621
 20
-60.94529800121645
 30
0.0
 40
0.9999999999999986
100
AcDbArc
 50
34.99999999999976
 51
125.0000000000002
  0
ARC
  5
E9
330
1F
100
AcDbEntity
  8
0
  6
K5LT_BASIC
 62
   150
420
    33023
370
    60
100
AcDbCircle
 10
42.97255792064664
 20
-78.7167981939186
 30
0.0
 40
0.9999999999999992
100
AcDbArc
 50
73.68218745349033
 51
125.0000000000002
  0
ARC
  5
EA
330
1F
100
AcDbEntity
  8
0
  6
K5LT_BASIC
 62
   150
420
    33023
370
    60
100
AcDbCircle
 10
38.87999891808323
 20
-79.14088968055859
 30
0.0
 40
1.000000000000003
100
AcDbArc
 50
215.0000000000002
 51
304.9999999999999
  0
ARC
  5
EB
330
1F
100
AcDbEntity
  8
0
  6
K5LT_BASIC
 62
   150
420
    33023
370
    60
100
AcDbCircle
 10
56.81461912898456
 20
-67.49851435552839
 30
0.0
 40
1.000000000000003
100
AcDbArc
 50
304.9999999999999
 51
34.99999999999986
  0
ARC
  5
EC
330
1F
100
AcDbEntity
  8
0
  6
K5LT_BASIC
 62
   150
420
    33023
370
    60
100
AcDbCircle
 10
43.53448809444996
 20
-76.79736221432216
 30
0.0
 40
0.9999999999999986
100
AcDbArc
 50
253.68218745349
 51
305.0000000000002
  0
ARC
  5
ED
330
1F
100
AcDbEntity
  8
0
  6
K5LT_BASIC
 62
   150
420
    33023
370
    60
100
AcDbCircle
 10
36.95000533896065
 20
-70.11570172888418
 30
0.0
 40
1.000000000000006
100
AcDbArc
 50
305.0
 51
356.3178125465112
  0
ARC
  5
EE
330
1F
100
AcDbEntity
  8
0
  6
K5LT_BASIC
 62
   150
420
    33023
370
    60
100
AcDbCircle
 10
38.94587660364166
 20
-70.2441458600102
 30
0.0
 40
0.9999999999999928
100
AcDbArc
 50
124.9999999999998
 51
176.3178125465116
  0
ARC
  5
EF
330
1F
100
AcDbEntity
  8
0
  6
K5LT_BASIC
 62
   150
420
    33023
370
    60
100
AcDbCircle
 10
35.15175208180142
 20
-73.81640139268015
 30
0.0
 40
0.9999999999999986
100
AcDbArc
 50
124.9999999999998
 51
215.0000000000002
  0
ARC
  5
F0
330
1F
100
AcDbEntity
  8
0
  6
K5LT_BASIC
 62
   150
420
    33023
370
    60
100
AcDbCircle
 10
53.75690079237651
 20
-79.25315751702016
 30
0.0
 40
4.0
100
AcDbArc
 50
255.0
 51
27.67634673574226
  0
ARC
  5
F1
330
1F
100
AcDbEntity
  8
0
  6
K5LT_BASIC
 62
   150
420
    33023
370
    60
100
AcDbCircle
 10
44.85917397212415
 20
-83.81719711283463
 30
0.0
 40
4.0
100
AcDbArc
 50
255.0
 51
27.67634673574226
  0
ARC
  5
F2
330
1F
100
AcDbEntity
  8
0
  6
K5LT_BASIC
 62
   150
420
    33023
370
    60
100
AcDbCircle
 10
62.65462761262884
 20
-74.6891179212057
 30
0.0
 40
4.0
100
AcDbArc
 50
255.0
 51
66.16284498868689
  0
ARC
  5
F3
330
1F
100
AcDbEntity
  8
0
  6
K5LT_BASIC
 62
   150
420
    33023
370
    60
100
AcDbCircle
 10
2.177313697156123
 20
-62.42561470126528
 30
0.0
 40
41.43527602379677
100
AcDbArc
 50
16.50006850799497
 51
43.49993149200497
  0
ARC
  5
F4
330
1F
100
AcDbEntity
  8
0
  6
K5LT_BASIC
 62
   150
420
    33023
370
    60
100
AcDbCircle
 10
49.62382325490071
 20
-35.03235963599337
 30
0.0
 40
19.0
100
AcDbArc
 50
345.0
 51
165.0
  0
ARC
  5
F5
330
1F
100
AcDbEntity
  8
0
  6
K5LT_BASIC
 62
   150
420
    33023
370
    60
100
AcDbCircle
 10
77.01707832017274
 20
-82.47886919373789
 30
0.0
 40
41.43527602379677
100
AcDbArc
 50
106.500068507995
 51
133.499931492005
  0
ARC
  5
F6
330
1F
100
AcDbEntity
  8
0
  6
K5LT_BASIC
 62
   150
420
    33023
370
    60
100
AcDbCircle
 10
45.74153757836291
 20
-49.52124703032939
 30
0.0
 40
4.0
100
AcDbArc
 50
196.5000685079949
 51
250.4363505140802
  0
ARC
  5
F7
330
1F
100
AcDbEntity
  8
0
  6
K5LT_BASIC
 62
   150
420
    33023
370
    60
100
AcDbCircle
 10
64.11271064923673
 20
-38.91464531253118
 30
0.0
 40
4.0
100
AcDbArc
 50
286.5000685079951
 51
345.0
  0
ARC
  5
F8
330
1F
100
AcDbEntity
  8
0
  6
K5LT_BASIC
 62
   150
420
    33023
370
    60
100
AcDbCircle
 10
35.13493586056468
 20
-31.15007395945555
 30
0.0
 40
4.0
100
AcDbArc
 50
165.0
 51
223.4999314920049
  0
ARC
  5
F9
330
1F
100
AcDbEntity
  8
0
  6
K5LT_BASIC
 62
   150
420
    33023
370
    60
100
AcDbCircle
 10
45.74153757836291
 20
-49.52124703032939
 30
0.0
 40
4.0
100
AcDbArc
 50
259.5636494859197
 51
313.499931492005
  0
ARC
  5
FA
330
1F
100
AcDbEntity
  8
0
  6
K5LT_BASIC
 62
   150
420
    33023
370
    60
100
AcDbCircle
 10
8.867457119948696
 20
-37.02711547789648
 30
0.0
 40
41.43527602379677
100
AcDbArc
 50
196.5000685079949
 51
223.499931492005
  0
ARC
  5
FB
330
1F
100
AcDbEntity
  8
0
  6
K5LT_BASIC
 62
   150
420
    33023
370
    60
100
AcDbCircle
 10
-38.57905243779589
 20
-64.42037054316839
 30
0.0
 40
19.0
100
AcDbArc
 50
165.0
 51
345.0
  0
ARC
  5
FC
330
1F
100
AcDbEntity
  8
0
  6
K5LT_BASIC
 62
   150
420
    33023
370
    60
100
AcDbCircle
 10
-65.9723075030679
 20
-16.97386098542385
 30
0.0
 40
41.43527602379677
100
AcDbArc
 50
286.500068507995
 51
313.499931492005
  0
ARC
  5
FD
330
1F
100
AcDbEntity
  8
0
  6
K5LT_BASIC
 62
   150
420
    33023
370
    60
100
AcDbCircle
 10
-34.69676676125808
 20
-49.93148314883237
 30
0.0
 40
4.0
100
AcDbArc
 50
16.50006850799494
 51
70.43635051408022
  0
ARC
  5
FE
330
1F
100
AcDbEntity
  8
0
  6
K5LT_BASIC
 62
   150
420
    33023
370
    60
100
AcDbCircle
 10
-53.06793983213192
 20
-60.53808486663058
 30
0.0
 40
4.0
100
AcDbArc
 50
106.5000685079951
 51
165.0
  0
ARC
  5
FF
330
1F
100
AcDbEntity
  8
0
  6
K5LT_BASIC
 62
   150
420
    33023
370
    60
100
AcDbCircle
 10
-24.09016504345986
 20
-68.30265621970622
 30
0.0
 40
4.0
100
AcDbArc
 50
345.0
 51
43.49993149200491
  0
ARC
  5
100
330
1F
100
AcDbEntity
  8
0
  6
K5LT_BASIC
 62
   150
420
    33023
370
    60
100
AcDbCircle
 10
-34.69676676125808
 20
-49.93148314883237
 30
0.0
 40
4.0
100
AcDbArc
 50
79.56364948591977
 51
133.4999314920051
  0
CIRCLE
  5
101
330
1F
100
AcDbEntity
  8
0
  6
K5LT_BASIC
 62
   150
420
    33023
370
    60
100
AcDbCircle
 10
19.50870296258759
 20
-65.70523311393424
 30
0.0
 40
1.5
  0
CIRCLE
  5
102
330
1F
100
AcDbEntity
  8
0
  6
K5LT_BASIC
 62
   150
420
    33023
370
    60
100
AcDbCircle
 10
35.45972001443265
 20
-58.26715170729795
 30
0.0
 40
1.5
  0
CIRCLE
  5
103
330
1F
100
AcDbEntity
  8
0
  6
K5LT_BASIC
 62
   150
420
    33023
370
    60
100
AcDbCircle
 10
-54.88910648894675
 20
-34.05825660861784
 30
0.0
 40
1.5
  0
CIRCLE
  5
104
330
1F
100
AcDbEntity
  8
0
  6
K5LT_BASIC
 62
   150
420
    33023
370
    60
100
AcDbCircle
 10
-3.350246509294109
 20
-22.41026560713467
 30
0.0
 40
3.0
  0
CIRCLE
  5
105
330
1F
100
AcDbEntity
  8
0
  6
K5LT_BASIC
 62
   150
420
    33023
370
    60
100
AcDbCircle
 10
-44.79416120916832
 20
-48.47533258810409
 30
0.0
 40
1.5
  0
CIRCLE
  5
106
330
1F
100
AcDbEntity
  8
0
  6
K5LT_BASIC
 62
   150
420
    33023
370
    60
100
AcDbCircle
 10
-20.69962480468308
 20
-18.92288869695435
 30
0.0
 40
1.5
  0
CIRCLE
  5
107
330
1F
100
AcDbEntity
  8
0
  6
K5LT_BASIC
 62
   150
420
    33023
370
    60
100
AcDbCircle
 10
13.41844428946933
 20
-28.06479775804172
 30
0.0
 40
1.5
  0
CIRCLE
  5
108
330
1F
100
AcDbEntity
  8
0
  6
K5LT_BASIC
 62
   150
420
    33023
370
    60
100
AcDbCircle
 10
25.48179784481805
 20
-32.7046281453504
 30
0.0
 40
1.5
  0
CIRCLE
  5
109
330
1F
100
AcDbEntity
  8
0
  6
K5LT_BASIC
 62
   150
420
    33023
370
    60
100
AcDbCircle
 10
30.90543550918345
 20
-41.10606578932997
 30
0.0
 40
1.5
  0
CIRCLE
  5
10A
330
1F
100
AcDbEntity
  8
0
  6
K5LT_BASIC
 62
   150
420
    33023
370
    60
100
AcDbCircle
 10
36.32907317354888
 20
-49.50750343330953
 30
0.0
 40
1.5
  0
CIRCLE
  5
10B
330
1F
100
AcDbEntity
  8
0
  6
K5LT_BASIC
 62
   150
420
    33023
370
    60
100
AcDbCircle
 10
-33.46671063210279
 20
-16.90942290394029
 30
0.0
 40
1.5
  0
CIRCLE
  5
10C
330
1F
100
AcDbEntity
  8
0
  6
K5LT_BASIC
 62
   150
420
    33023
370
    60
100
AcDbCircle
 10
-42.36443745235512
 20
-21.47346249975477
 30
0.0
 40
1.5
  0
CIRCLE
  5
10D
330
1F
100
AcDbEntity
  8
0
  6
K5LT_BASIC
 62
   150
420
    33023
370
    60
100
AcDbCircle
 10
-51.26216427260745
 20
-26.03750209556924
 30
0.0
 40
1.5
  0
CIRCLE
  5
10E
330
1F
100
AcDbEntity
  8
0
  6
K5LT_BASIC
 62
   150
420
    33023
370
    60
100
AcDbCircle
 10
-8.116239622566184
 20
-35.02138690284067
 30
0.0
 40
1.5
  0
CIRCLE
  5
10F
330
1F
100
AcDbEntity
  8
0
  6
K5LT_BASIC
 62
   150
420
    33023
370
    60
100
AcDbCircle
 10
-24.06725667441124
 20
-42.45946830947697
 30
0.0
 40
1.5
  0
CIRCLE
  5
110
330
1F
100
AcDbEntity
  8
0
  6
K5LT_BASIC
 62
   150
420
    33023
370
    60
100
AcDbCircle
 10
66.28156982896814
 20
-66.66836340815709
 30
0.0
 40
1.5
  0
CIRCLE
  5
111
330
1F
100
AcDbEntity
  8
0
  6
K5LT_BASIC
 62
   150
420
    33023
370
    60
100
AcDbCircle
 10
14.7427098493155
 20
-78.31635440964027
 30
0.0
 40
3.0
  0
CIRCLE
  5
112
330
1F
100
AcDbEntity
  8
0
  6
K5LT_BASIC
 62
   150
420
    33023
370
    60
100
AcDbCircle
 10
56.18662454918973
 20
-52.25128742867084
 30
0.0
 40
1.5
  0
CIRCLE
  5
113
330
1F
100
AcDbEntity
  8
0
  6
K5LT_BASIC
 62
   150
420
    33023
370
    60
100
AcDbCircle
 10
32.09208814470446
 20
-81.80373131982057
 30
0.0
 40
1.5
  0
CIRCLE
  5
114
330
1F
100
AcDbEntity
  8
0
  6
K5LT_BASIC
 62
   150
420
    33023
370
    60
100
AcDbCircle
 10
-2.025980949447927
 20
-72.6618222587332
 30
0.0
 40
1.5
  0
CIRCLE
  5
115
330
1F
100
AcDbEntity
  8
0
  6
K5LT_BASIC
 62
   150
420
    33023
370
    60
100
AcDbCircle
 10
-14.08933450479664
 20
-68.02199187142452
 30
0.0
 40
1.5
  0
CIRCLE
  5
116
330
1F
100
AcDbEntity
  8
0
  6
K5LT_BASIC
 62
   150
420
    33023
370
    60
100
AcDbCircle
 10
-19.51297216916205
 20
-59.62055422744496
 30
0.0
 40
1.5
  0
CIRCLE
  5
117
330
1F
100
AcDbEntity
  8
0
  6
K5LT_BASIC
 62
   150
420
    33023
370
    60
100
AcDbCircle
 10
-24.93660983352747
 20
-51.2191165834654
 30
0.0
 40
1.5
  0
CIRCLE
  5
118
330
1F
100
AcDbEntity
  8
0
  6
K5LT_BASIC
 62
   150
420
    33023
370
    60
100
AcDbCircle
 10
44.85917397212415
 20
-83.81719711283463
 30
0.0
 40
1.5
  0
CIRCLE
  5
119
330
1F
100
AcDbEntity
  8
0
  6
K5LT_BASIC
 62
   150
420
    33023
370
    60
100
AcDbCircle
 10
53.75690079237651
 20
-79.25315751702016
 30
0.0
 40
1.5
  0
CIRCLE
  5
11A
330
1F
100
AcDbEntity
  8
0
  6
K5LT_BASIC
 62
   150
420
    33023
370
    60
100
AcDbCircle
 10
62.65462761262884
 20
-74.6891179212057
 30
0.0
 40
1.5
  0
CIRCLE
  5
11B
330
1F
100
AcDbEntity
  8
0
  6
K5LT_BASIC
 62
   150
420
    33023
370
    60
100
AcDbCircle
 10
49.62382325490071
 20
-35.03235963599337
 30
0.0
 40
9.5
  0
CIRCLE
  5
11C
330
1F
100
AcDbEntity
  8
0
  6
K5LT_BASIC
 62
   150
420
    33023
370
    60
100
AcDbCircle
 10
35.13493586056468
 20
-31.15007395945555
 30
0.0
 40
1.5
  0
CIRCLE
  5
11D
330
1F
100
AcDbEntity
  8
0
  6
K5LT_BASIC
 62
   150
420
    33023
370
    60
100
AcDbCircle
 10
45.74153757836291
 20
-49.52124703032939
 30
0.0
 40
1.5
  0
CIRCLE
  5
11E
330
1F
100
AcDbEntity
  8
0
  6
K5LT_BASIC
 62
   150
420
    33023
370
    60
100
AcDbCircle
 10
64.11271064923673
 20
-38.91464531253118
 30
0.0
 40
1.5
  0
CIRCLE
  5
11F
330
1F
100
AcDbEntity
  8
0
  6
K5LT_BASIC
 62
   150
420
    33023
370
    60
100
AcDbCircle
 10
53.50610893143852
 20
-20.54347224165734
 30
0.0
 40
1.5
  0
CIRCLE
  5
120
330
1F
100
AcDbEntity
  8
0
  6
K5LT_BASIC
 62
   150
420
    33023
370
    60
100
AcDbCircle
 10
-38.57905243779589
 20
-64.42037054316839
 30
0.0
 40
9.5
  0
CIRCLE
  5
121
330
1F
100
AcDbEntity
  8
0
  6
K5LT_BASIC
 62
   150
420
    33023
370
    60
100
AcDbCircle
 10
-24.09016504345986
 20
-68.30265621970622
 30
0.0
 40
1.5
  0
CIRCLE
  5
122
330
1F
100
AcDbEntity
  8
0
  6
K5LT_BASIC
 62
   150
420
    33023
370
    60
100
AcDbCircle
 10
-34.69676676125808
 20
-49.93148314883237
 30
0.0
 40
1.5
  0
CIRCLE
  5
123
330
1F
100
AcDbEntity
  8
0
  6
K5LT_BASIC
 62
   150
420
    33023
370
    60
100
AcDbCircle
 10
-53.06793983213192
 20
-60.53808486663058
 30
0.0
 40
1.5
  0
CIRCLE
  5
124
330
1F
100
AcDbEntity
  8
0
  6
K5LT_BASIC
 62
   150
420
    33023
370
    60
100
AcDbCircle
 10
-42.46133811433371
 20
-78.90925793750444
 30
0.0
 40
1.5
  0
ENDSEC
  0
SECTION
  2
OBJECTS
  0
DICTIONARY
  5
C
330
0
100
AcDbDictionary
281
     1
  3
ACAD_DETAILVIEWSTYLE
350
12C
  3
ACAD_GROUP
350
D
  3
ACAD_LAYOUT
350
1A
  3
ACAD_MATERIAL
350
43
  3
ACAD_MLEADERSTYLE
350
5B
  3
ACAD_MLINESTYLE
350
17
  3
ACAD_PLOTSETTINGS
350
19
  3
ACAD_PLOTSTYLENAME
350
E
  3
ACAD_SCALELIST
350
47
  3
ACAD_SECTIONVIEWSTYLE
350
12D
  3
ACAD_TABLESTYLE
350
59
  3
ACAD_VISUALSTYLE
350
2A
  3
ACDB_RECOMPOSE_DATA
350
129
  3
AcDbVariableDictionary
350
125
  0
SUN
  5
5D
330
29
100
AcDbSun
 90
        1
290
     0
 63
     7
421
 16777215
 40
1.0
291
     1
 91
  2455826
 92
 54000000
292
     0
 70
     2
 71
   256
280
     1
  0
DICTIONARY
  5
12C
102
{ACAD_REACTORS
330
C
102
}
330
C
100
AcDbDictionary
281
     1
  0
DICTIONARY
  5
D
102
{ACAD_REACTORS
330
C
102
}
330
C
100
AcDbDictionary
281
     1
  0
DICTIONARY
  5
1A
102
{ACAD_REACTORS
330
C
102
}
330
C
100
AcDbDictionary
281
     1
  3
Layout1
350
1E
  3
Layout2
350
26
  3
Model
350
22
  0
DICTIONARY
  5
43
102
{ACAD_REACTORS
330
C
102
}
330
C
100
AcDbDictionary
281
     1
  3
ByBlock
350
45
  3
ByLayer
350
44
  3
Global
350
46
  0
DICTIONARY
  5
5B
102
{ACAD_REACTORS
330
C
102
}
330
C
100
AcDbDictionary
281
     1
  3
Standard
350
5C
  0
DICTIONARY
  5
17
102
{ACAD_REACTORS
330
C
102
}
330
C
100
AcDbDictionary
281
     1
  3
Standard
350
18
  0
DICTIONARY
  5
19
102
{ACAD_REACTORS
330
C
102
}
330
C
100
AcDbDictionary
281
     1
  0
ACDBDICTIONARYWDFLT
  5
E
102
{ACAD_REACTORS
330
C
102
}
330
C
100
AcDbDictionary
281
     1
  3
Normal
350
F
100
AcDbDictionaryWithDefault
340
F
  0
DICTIONARY
  5
47
102
{ACAD_REACTORS
330
C
102
}
330
C
100
AcDbDictionary
281
     1
  3
A0
350
48
  3
A1
350
49
  3
A2
350
4A
  3
A3
350
4B
  3
A4
350
4C
  3
A5
350
4D
  3
A6
350
4E
  3
A7
350
4F
  3
A8
350
50
  3
A9
350
51
  3
B0
350
52
  3
B1
350
53
  3
B2
350
54
  3
B3
350
55
  3
B4
350
56
  3
B5
350
57
  3
B6
350
58
  0
DICTIONARY
  5
12D
102
{ACAD_REACTORS
330
C
102
}
330
C
100
AcDbDictionary
281
     1
  0
DICTIONARY
  5
59
102
{ACAD_REACTORS
330
C
102
}
330
C
100
AcDbDictionary
281
     1
  3
Standard
350
5A
  0
DICTIONARY
  5
2A
102
{ACAD_REACTORS
330
C
102
}
330
C
100
AcDbDictionary
281
     1
  3
2dWireframe
350
2F
  3
Basic
350
32
  3
Brighten
350
36
  3
ColorChange
350
3A
  3
Conceptual
350
34
  3
Dim
350
35
  3
EdgeColorOff
350
3D
  3
Facepattern
350
39
  3
Flat
350
2B
  3
FlatWithEdges
350
2C
  3
Gouraud
350
2D
  3
GouraudWithEdges
350
2E
  3
Hidden
350
31
  3
JitterOff
350
3B
  3
Linepattern
350
38
  3
OverhangOff
350
3C
  3
Realistic
350
33
  3
Shaded
350
42
  3
Shaded with edges
350
41
  3
Shades of Gray
350
3E
  3
Sketchy
350
3F
  3
Thicken
350
37
  3
Wireframe
350
30
  3
X-Ray
350
40
  0
XRECORD
  5
129
102
{ACAD_REACTORS
330
C
102
}
330
C
100
AcDbXrecord
280
     1
 90
        1
330
5A
  0
DICTIONARY
  5
125
102
{ACAD_REACTORS
330
C
102
}
330
C
100
AcDbDictionary
281
     1
  3
CANNOSCALE
350
126
  3
CENTEREXE
350
12F
  3
CENTERLTYPEFILE
350
130
  3
CMLEADERSTYLE
350
12B
  3
CTABLESTYLE
350
12A
  3
WIPEOUTFRAME
350
12E
  0
LAYOUT
  5
1E
102
{ACAD_REACTORS
330
1A
102
}
330
1A
100
AcDbPlotSettings
  1

  2
none_device
  4

  6

 40
0.0
 41
0.0
 42
0.0
 43
0.0
 44
0.0
 45
0.0
 46
0.0
 47
0.0
 48
0.0
 49
0.0
140
0.0
141
0.0
142
1.0
143
1.0
 70
   688
 72
     1
 73
     0
 74
     5
  7

 75
    16
 76
     0
 77
     2
 78
   300
147
1.0
148
0.0
149
0.0
100
AcDbLayout
  1
Layout1
 70
     1
 71
     1
 10
0.0
 20
0.0
 11
420.0
 21
297.0
 12
0.0
 22
0.0
 32
0.0
 14
1.000000000000000E+20
 24
1.000000000000000E+20
 34
1.000000000000000E+20
 15
-1.000000000000000E+20
 25
-1.000000000000000E+20
 35
-1.000000000000000E+20
146
0.0
 13
0.0
 23
0.0
 33
0.0
 16
1.0
 26
0.0
 36
0.0
 17
0.0
 27
1.0
 37
0.0
 76
     0
330
1B
  0
LAYOUT
  5
26
102
{ACAD_REACTORS
330
1A
102
}
330
1A
100
AcDbPlotSettings
  1

  2
none_device
  4

  6

 40
0.0
 41
0.0
 42
0.0
 43
0.0
 44
0.0
 45
0.0
 46
0.0
 47
0.0
 48
0.0
 49
0.0
140
0.0
141
0.0
142
1.0
143
1.0
 70
   688
 72
     1
 73
     0
 74
     5
  7

 75
    16
 76
     0
 77
     2
 78
   300
147
1.0
148
0.0
149
0.0
100
AcDbLayout
  1
Layout2
 70
     1
 71
     2
 10
0.0
 20
0.0
 11
0.0
 21
0.0
 12
0.0
 22
0.0
 32
0.0
 14
0.0
 24
0.0
 34
0.0
 15
0.0
 25
0.0
 35
0.0
146
0.0
 13
0.0
 23
0.0
 33
0.0
 16
1.0
 26
0.0
 36
0.0
 17
0.0
 27
1.0
 37
0.0
 76
     0
330
23
  0
LAYOUT
  5
22
102
{ACAD_REACTORS
330
1A
102
}
330
1A
100
AcDbPlotSettings
  1

  2
none_device
  4
Letter_(8.50_x_11.00_Inches)
  6

 40
6.35
 41
6.35
 42
6.35000508
 43
6.35000508
 44
215.9
 45
279.4
 46
0.0
 47
0.0
 48
0.0
 49
0.0
140
0.0
141
0.0
142
1.0
143
1.0
 70
  1712
 72
     1
 73
     0
 74
     0
  7

 75
     0
 76
     0
 77
     2
 78
   300
147
1.0
148
0.0
149
0.0
100
AcDbLayout
  1
Model
 70
     1
 71
     0
 10
0.0
 20
0.0
 11
420.0
 21
297.0
 12
0.0
 22
0.0
 32
0.0
 14
-58.21175379129436
 24
-87.81719711283463
 34
0.0
 15
69.60421713131575
 25
-12.90942290394029
 35
0.0
146
0.0
 13
0.0
 23
0.0
 33
0.0
 16
1.0
 26
0.0
 36
0.0
 17
0.0
 27
1.0
 37
0.0
 76
     0
330
1F
331
29
  0
MATERIAL
  5
45
102
{ACAD_REACTORS
330
43
102
}
330
43
100
AcDbMaterial
  1
ByBlock
 72
     1
 94
      127
  0
MATERIAL
  5
44
102
{ACAD_REACTORS
330
43
102
}
330
43
100
AcDbMaterial
  1
ByLayer
 72
     1
 94
      127
  0
MATERIAL
  5
46
102
{ACAD_REACTORS
330
43
102
}
330
43
100
AcDbMaterial
  1
Global
 72
     1
 94
      127
  0
MLEADERSTYLE
  5
5C
102
{ACAD_REACTORS
330
5B
102
}
330
5B
100
AcDbMLeaderStyle
179
     2
170
     2
171
     1
172
     0
 90
        2
 40
0.0
 41
0.0
173
     1
 91
-1056964608
340
14
 92
       -2
290
     1
 42
2.0
291
     1
 43
8.0
  3
Standard
341
0
 44
4.0
300

342
11
174
     1
178
     6
175
     1
176
     0
 93
-1056964608
 45
4.0
292
     0
297
     0
 46
4.0
343
0
 94
-1056964608
 47
1.0
 49
1.0
140
1.0
293
     1
141
0.0
294
     1
177
     0
142
1.0
295
     0
296
     0
143
3.75
271
     0
272
     9
273
     9
298
     0
  0
MLINESTYLE
  5
18
102
{ACAD_REACTORS
330
17
102
}
330
17
100
AcDbMlineStyle
  2
Standard
 70
     0
  3

 62
   256
 51
90.0
 52
90.0
 71
     2
 49
0.5
 62
   256
  6
BYLAYER
 49
-0.5
 62
   256
  6
BYLAYER
  0
ACDBPLACEHOLDER
  5
F
102
{ACAD_REACTORS
330
E
102
}
330
E
  0
SCALE
  5
48
102
{ACAD_REACTORS
330
47
102
}
330
47
100
AcDbScale
 70
     0
300
1:1
140
1.0
141
1.0
290
     1
  0
SCALE
  5
49
102
{ACAD_REACTORS
330
47
102
}
330
47
100
AcDbScale
 70
     0
300
1:2
140
1.0
141
2.0
290
     0
  0
SCALE
  5
4A
102
{ACAD_REACTORS
330
47
102
}
330
47
100
AcDbScale
 70
     0
300
1:4
140
1.0
141
4.0
290
     0
  0
SCALE
  5
4B
102
{ACAD_REACTORS
330
47
102
}
330
47
100
AcDbScale
 70
     0
300
1:5
140
1.0
141
5.0
290
     0
  0
SCALE
  5
4C
102
{ACAD_REACTORS
330
47
102
}
330
47
100
AcDbScale
 70
     0
300
1:8
140
1.0
141
8.0
290
     0
  0
SCALE
  5
4D
102
{ACAD_REACTORS
330
47
102
}
330
47
100
AcDbScale
 70
     0
300
1:10
140
1.0
141
10.0
290
     0
  0
SCALE
  5
4E
102
{ACAD_REACTORS
330
47
102
}
330
47
100
AcDbScale
 70
     0
300
1:16
140
1.0
141
16.0
290
     0
  0
SCALE
  5
4F
102
{ACAD_REACTORS
330
47
102
}
330
47
100
AcDbScale
 70
     0
300
1:20
140
1.0
141
20.0
290
     0
  0
SCALE
  5
50
102
{ACAD_REACTORS
330
47
102
}
330
47
100
AcDbScale
 70
     0
300
1:30
140
1.0
141
30.0
290
     0
  0
SCALE
  5
51
102
{ACAD_REACTORS
330
47
102
}
330
47
100
AcDbScale
 70
     0
300
1:40
140
1.0
141
40.0
290
     0
  0
SCALE
  5
52
102
{ACAD_REACTORS
330
47
102
}
330
47
100
AcDbScale
 70
     0
300
1:50
140
1.0
141
50.0
290
     0
  0
SCALE
  5
53
102
{ACAD_REACTORS
330
47
102
}
330
47
100
AcDbScale
 70
     0
300
1:100
140
1.0
141
100.0
290
     0
  0
SCALE
  5
54
102
{ACAD_REACTORS
330
47
102
}
330
47
100
AcDbScale
 70
     0
300
2:1
140
2.0
141
1.0
290
     0
  0
SCALE
  5
55
102
{ACAD_REACTORS
330
47
102
}
330
47
100
AcDbScale
 70
     0
300
4:1
140
4.0
141
1.0
290
     0
  0
SCALE
  5
56
102
{ACAD_REACTORS
330
47
102
}
330
47
100
AcDbScale
 70
     0
300
8:1
140
8.0
141
1.0
290
     0
  0
SCALE
  5
57
102
{ACAD_REACTORS
330
47
102
}
330
47
100
AcDbScale
 70
     0
300
10:1
140
10.0
141
1.0
290
     0
  0
SCALE
  5
58
102
{ACAD_REACTORS
330
47
102
}
330
47
100
AcDbScale
 70
     0
300
100:1
140
100.0
141
1.0
290
     0
  0
TABLESTYLE
  5
5A
102
{ACAD_REACTORS
330
59
102
}
102
{ACAD_XDICTIONARY
360
127
102
}
330
59
100
AcDbTableStyle
  3
Standard
 70
     0
 71
     0
 40
0.06
 41
0.06
280
     0
281
     0
  7
Standard
140
4.5
170
     2
 62
     0
 63
   257
283
     0
 90
        4
 91
        0
  1

274
    -2
284
     1
 64
     0
275
    -2
285
     1
 65
     0
276
    -2
286
     1
 66
     0
277
    -2
287
     1
 67
     0
278
    -2
288
     1
 68
     0
279
    -2
289
     1
 69
     0
  7
Standard
140
6.0
170
     5
 62
     0
 63
   257
283
     0
 90
        4
 91
        0
  1

274
    -2
284
     1
 64
     0
275
    -2
285
     1
 65
     0
276
    -2
286
     1
 66
     0
277
    -2
287
     1
 67
     0
278
    -2
288
     1
 68
     0
279
    -2
289
     1
 69
     0
  7
Standard
140
4.5
170
     5
 62
     0
 63
   257
283
     0
 90
        4
 91
        0
  1

274
    -2
284
     1
 64
     0
275
    -2
285
     1
 65
     0
276
    -2
286
     1
 66
     0
277
    -2
287
     1
 67
     0
278
    -2
288
     1
 68
     0
279
    -2
289
     1
 69
     0
  0
VISUALSTYLE
  5
2F
102
{ACAD_REACTORS
330
2A
102
}
330
2A
100
AcDbVisualStyle
  2
2dWireframe
 70
     4
177
     3
291
     0
 70
    58
 90
        0
176
     1
 90
        2
176
     1
 90
        0
176
     1
 90
        0
176
     1
 40
0.6
176
     1
 40
30.0
176
     1
 62
     7
420
 16777215
176
     1
 90
        1
176
     1
 90
        4
176
     1
 62
     7
176
     1
 62
   257
176
     1
 90
        1
176
     1
 90
        1
176
     1
 40
1.0
176
     1
 90
        0
176
     1
 62
   257
176
     1
 40
1.0
176
     1
 90
        1
176
     1
 90
        6
176
     1
 90
        2
176
     1
 62
     7
176
     1
 90
        5
176
     1
 90
        0
176
     1
 90
        0
176
     1
290
     0
176
     1
 90
        1
176
     1
 40
0.0
176
     1
 90
        0
176
     1
290
     1
176
     1
290
     1
176
     1
290
     0
176
     1
290
     0
176
     1
290
     0
176
     1
290
     0
176
     1
290
     0
176
     1
290
     0
176
     1
290
     0
176
     1
 90
       50
176
     1
 40
0.0
176
     1
 40
1.0
176
     1
 90
        0
176
     1
 62
    18
420
        0
176
     1
 90
       50
176
     1
 90
        3
176
     1
 62
     5
420
      255
176
     1
290
     0
176
     1
 90
       50
176
     1
 90
       50
176
     1
 90
       50
176
     1
290
     0
176
     1
 90
       50
176
     1
 62
   256
176
     0
 40
1.0
176
     0
 90
        2
176
     1
  1
strokes_ogs.tif
176
     1
290
     0
176
     1
 40
1.0
176
     1
 40
1.0
176
     1
  0
VISUALSTYLE
  5
32
102
{ACAD_REACTORS
330
2A
102
}
330
2A
100
AcDbVisualStyle
  2
Basic
 70
     7
177
     3
291
     1
 70
    58
 90
        1
176
     1
 90
        0
176
     1
 90
        1
176
     1
 90
        0
176
     1
 40
0.6
176
     1
 40
30.0
176
     1
 62
     7
420
 16777215
176
     1
 90
        0
176
     1
 90
        4
176
     1
 62
     7
176
     1
 62
   257
176
     1
 90
        1
176
     1
 90
        1
176
     1
 40
1.0
176
     1
 90
        8
176
     1
 62
     7
176
     1
 40
1.0
176
     1
 90
        1
176
     1
 90
        6
176
     1
 90
        2
176
     1
 62
     7
176
     1
 90
        5
176
     1
 90
        0
176
     1
 90
        0
176
     1
290
     0
176
     1
 90
        1
176
     1
 40
0.0
176
     1
 90
        0
176
     1
290
     0
176
     1
290
     1
176
     1
290
     1
176
     1
290
     0
176
     1
290
     0
176
     1
290
     0
176
     1
290
     0
176
     1
290
     0
176
     1
290
     0
176
     1
 90
       50
176
     1
 40
0.0
176
     1
 40
1.0
176
     1
 90
        0
176
     1
 62
    18
420
        0
176
     1
 90
       50
176
     1
 90
        3
176
     1
 62
     5
420
      255
176
     1
290
     0
176
     1
 90
       50
176
     1
 90
       50
176
     1
 90
       50
176
     1
290
     0
176
     1
 90
       50
176
     1
 62
   256
176
     0
 40
1.0
176
     0
 90
        2
176
     1
  1
strokes_ogs.tif
176
     1
290
     0
176
     1
 40
1.0
176
     1
 40
1.0
176
     1
  0
VISUALSTYLE
  5
36
102
{ACAD_REACTORS
330
2A
102
}
330
2A
100
AcDbVisualStyle
  2
Brighten
 70
    12
177
     3
291
     1
 70
    58
 90
        2
176
     1
 90
        2
176
     1
 90
        0
176
     1
 90
        0
176
     1
 40
0.6
176
     1
 40
30.0
176
     1
 62
     7
420
 16777215
176
     1
 90
        1
176
     1
 90
        4
176
     1
 62
     7
176
     1
 62
   257
176
     1
 90
        1
176
     1
 90
        1
176
     1
 40
1.0
176
     1
 90
        8
176
     1
 62
     7
176
     1
 40
1.0
176
     1
 90
        1
176
     1
 90
        6
176
     1
 90
        2
176
     1
 62
     7
176
     1
 90
        5
176
     1
 90
        0
176
     1
 90
        0
176
     1
290
     0
176
     1
 90
        1
176
     1
 40
50.0
176
     1
 90
        0
176
     1
290
     0
176
     1
290
     1
176
     1
290
     1
176
     1
290
     0
176
     1
290
     0
176
     1
290
     0
176
     1
290
     0
176
     1
290
     0
176
     1
290
     0
176
     1
 90
       50
176
     1
 40
0.0
176
     1
 40
1.0
176
     1
 90
        0
176
     1
 62
    18
420
        0
176
     1
 90
       50
176
     1
 90
        3
176
     1
 62
     5
420
      255
176
     1
290
     0
176
     1
 90
       50
176
     1
 90
       50
176
     1
 90
       50
176
     1
290
     0
176
     1
 90
       50
176
     1
 62
   256
176
     0
 40
1.0
176
     0
 90
        2
176
     1
  1
strokes_ogs.tif
176
     1
290
     0
176
     1
 40
1.0
176
     1
 40
1.0
176
     1
  0
VISUALSTYLE
  5
3A
102
{ACAD_REACTORS
330
2A
102
}
330
2A
100
AcDbVisualStyle
  2
ColorChange
 70
    16
177
     3
291
     1
 70
    58
 90
        2
176
     1
 90
        2
176
     1
 90
        3
176
     1
 90
        0
176
     1
 40
0.6
176
     1
 40
30.0
176
     1
 62
     8
420
  8421504
176
     1
 90
        1
176
     1
 90
        4
176
     1
 62
     7
176
     1
 62
   257
176
     1
 90
        1
176
     1
 90
        1
176
     1
 40
1.0
176
     1
 90
        8
176
     1
 62
     8
420
  8421504
176
     1
 40
1.0
176
     1
 90
        1
176
     1
 90
        6
176
     1
 90
        2
176
     1
 62
     7
176
     1
 90
        5
176
     1
 90
        0
176
     1
 90
        0
176
     1
290
     0
176
     1
 90
        1
176
     1
 40
0.0
176
     1
 90
        0
176
     1
290
     0
176
     1
290
     1
176
     1
290
     1
176
     1
290
     0
176
     1
290
     0
176
     1
290
     0
176
     1
290
     0
176
     1
290
     0
176
     1
290
     0
176
     1
 90
       50
176
     1
 40
0.0
176
     1
 40
1.0
176
     1
 90
        0
176
     1
 62
    18
420
        0
176
     1
 90
       50
176
     1
 90
        3
176
     1
 62
     5
420
      255
176
     1
290
     0
176
     1
 90
       50
176
     1
 90
       50
176
     1
 90
       50
176
     1
290
     0
176
     1
 90
       50
176
     1
 62
   256
176
     0
 40
1.0
176
     0
 90
        2
176
     1
  1
strokes_ogs.tif
176
     1
290
     0
176
     1
 40
1.0
176
     1
 40
1.0
176
     1
  0
VISUALSTYLE
  5
34
102
{ACAD_REACTORS
330
2A
102
}
330
2A
100
AcDbVisualStyle
  2
Conceptual
 70
     9
177
     3
291
     0
 70
    58
 90
        3
176
     1
 90
        2
176
     1
 90
        0
176
     1
 90
        0
176
     1
 40
0.6
176
     1
 40
30.0
176
     1
 62
     7
420
 16777215
176
     1
 90
        2
176
     1
 90
        2
176
     1
 62
     7
176
     1
 62
   257
176
     1
 90
        1
176
     1
 90
        1
176
     1
 40
179.0
176
     1
 90
        8
176
     1
 62
     7
176
     1
 40
1.0
176
     1
 90
        1
176
     1
 90
        6
176
     1
 90
        2
176
     1
 62
     7
176
     1
 90
        3
176
     1
 90
        0
176
     1
 90
        0
176
     1
290
     0
176
     1
 90
        1
176
     1
 40
0.0
176
     1
 90
        0
176
     1
290
     0
176
     1
290
     1
176
     1
290
     1
176
     1
290
     0
176
     1
290
     0
176
     1
290
     0
176
     1
290
     0
176
     1
290
     0
176
     1
290
     0
176
     1
 90
       50
176
     1
 40
0.0
176
     1
 40
1.0
176
     1
 90
        0
176
     1
 62
    18
420
        0
176
     1
 90
       50
176
     1
 90
        3
176
     1
 62
     5
420
      255
176
     1
290
     0
176
     1
 90
       50
176
     1
 90
       50
176
     1
 90
       50
176
     1
290
     0
176
     1
 90
       50
176
     1
 62
   256
176
     0
 40
1.0
176
     0
 90
        2
176
     1
  1
strokes_ogs.tif
176
     1
290
     0
176
     1
 40
1.0
176
     1
 40
1.0
176
     1
  0
VISUALSTYLE
  5
35
102
{ACAD_REACTORS
330
2A
102
}
330
2A
100
AcDbVisualStyle
  2
Dim
 70
    11
177
     3
291
     1
 70
    58
 90
        2
176
     1
 90
        2
176
     1
 90
        0
176
     1
 90
        0
176
     1
 40
0.6
176
     1
 40
30.0
176
     1
 62
     7
420
 16777215
176
     1
 90
        1
176
     1
 90
        4
176
     1
 62
     7
176
     1
 62
   257
176
     1
 90
        1
176
     1
 90
        1
176
     1
 40
1.0
176
     1
 90
        8
176
     1
 62
     7
176
     1
 40
1.0
176
     1
 90
        1
176
     1
 90
        6
176
     1
 90
        2
176
     1
 62
     7
176
     1
 90
        5
176
     1
 90
        0
176
     1
 90
        0
176
     1
290
     0
176
     1
 90
        1
176
     1
 40
-50.0
176
     1
 90
        0
176
     1
290
     0
176
     1
290
     1
176
     1
290
     1
176
     1
290
     0
176
     1
290
     0
176
     1
290
     0
176
     1
290
     0
176
     1
290
     0
176
     1
290
     0
176
     1
 90
       50
176
     1
 40
0.0
176
     1
 40
1.0
176
     1
 90
        0
176
     1
 62
    18
420
        0
176
     1
 90
       50
176
     1
 90
        3
176
     1
 62
     5
420
      255
176
     1
290
     0
176
     1
 90
       50
176
     1
 90
       50
176
     1
 90
       50
176
     1
290
     0
176
     1
 90
       50
176
     1
 62
   256
176
     0
 40
1.0
176
     0
 90
        2
176
     1
  1
strokes_ogs.tif
176
     1
290
     0
176
     1
 40
1.0
176
     1
 40
1.0
176
     1
  0
VISUALSTYLE
  5
3D
102
{ACAD_REACTORS
330
2A
102
}
330
2A
100
AcDbVisualStyle
  2
EdgeColorOff
 70
    22
177
     3
291
     1
 70
    58
 90
        2
176
     0
 90
        2
176
     0
 90
        0
176
     0
 90
        0
176
     0
 40
0.6
176
     0
 40
30.0
176
     0
 62
     7
420
 16777215
176
     0
 90
        1
176
     0
 90
        4
176
     0
 62
     7
176
     0
 62
   257
176
     0
 90
        1
176
     0
 90
        1
176
     0
 40
1.0
176
     0
 90
        8
176
     2
 62
     7
176
     0
 40
1.0
176
     0
 90
        1
176
     0
 90
        6
176
     0
 90
        2
176
     0
 62
     7
176
     0
 90
        5
176
     0
 90
        0
176
     0
 90
        0
176
     0
290
     0
176
     0
 90
        1
176
     0
 40
0.0
176
     0
 90
        0
176
     0
290
     0
176
     0
290
     1
176
     0
290
     1
176
     0
290
     0
176
     0
290
     0
176
     0
290
     0
176
     0
290
     0
176
     0
290
     0
176
     0
290
     0
176
     0
 90
       50
176
     0
 40
0.0
176
     0
 40
1.0
176
     0
 90
        0
176
     0
 62
    18
420
        0
176
     0
 90
       50
176
     0
 90
        3
176
     0
 62
     5
420
      255
176
     0
290
     0
176
     0
 90
       50
176
     0
 90
       50
176
     0
 90
       50
176
     0
290
     0
176
     0
 90
       50
176
     0
 62
   256
176
     0
 40
1.0
176
     0
 90
        2
176
     0
  1
strokes_ogs.tif
176
     0
290
     0
176
     0
 40
1.0
176
     0
 40
1.0
176
     0
  0
VISUALSTYLE
  5
39
102
{ACAD_REACTORS
330
2A
102
}
330
2A
100
AcDbVisualStyle
  2
Facepattern
 70
    15
177
     3
291
     1
 70
    58
 90
        2
176
     1
 90
        2
176
     1
 90
        0
176
     1
 90
        0
176
     1
 40
0.6
176
     1
 40
30.0
176
     1
 62
     7
420
 16777215
176
     1
 90
        1
176
     1
 90
        4
176
     1
 62
     7
176
     1
 62
   257
176
     1
 90
        1
176
     1
 90
        1
176
     1
 40
1.0
176
     1
 90
        8
176
     1
 62
     7
176
     1
 40
1.0
176
     1
 90
        1
176
     1
 90
        6
176
     1
 90
        2
176
     1
 62
     7
176
     1
 90
        5
176
     1
 90
        0
176
     1
 90
        0
176
     1
290
     0
176
     1
 90
        1
176
     1
 40
0.0
176
     1
 90
        0
176
     1
290
     0
176
     1
290
     1
176
     1
290
     1
176
     1
290
     0
176
     1
290
     0
176
     1
290
     0
176
     1
290
     0
176
     1
290
     0
176
     1
290
     0
176
     1
 90
       50
176
     1
 40
0.0
176
     1
 40
1.0
176
     1
 90
        0
176
     1
 62
    18
420
        0
176
     1
 90
       50
176
     1
 90
        3
176
     1
 62
     5
420
      255
176
     1
290
     0
176
     1
 90
       50
176
     1
 90
       50
176
     1
 90
       50
176
     1
290
     0
176
     1
 90
       50
176
     1
 62
   256
176
     0
 40
1.0
176
     0
 90
        2
176
     1
  1
strokes_ogs.tif
176
     1
290
     0
176
     1
 40
1.0
176
     1
 40
1.0
176
     1
  0
VISUALSTYLE
  5
2B
102
{ACAD_REACTORS
330
2A
102
}
330
2A
100
AcDbVisualStyle
  2
Flat
 70
     0
177
     3
291
     1
 70
    58
 90
        2
176
     1
 90
        1
176
     1
 90
        1
176
     1
 90
        2
176
     1
 40
0.6
176
     1
 40
30.0
176
     1
 62
     7
420
 16777215
176
     1
 90
        0
176
     1
 90
        0
176
     1
 62
     7
176
     1
 62
   257
176
     1
 90
        1
176
     1
 90
        1
176
     1
 40
1.0
176
     1
 90
        8
176
     1
 62
     7
176
     1
 40
1.0
176
     1
 90
        1
176
     1
 90
        6
176
     1
 90
        2
176
     1
 62
     7
176
     1
 90
        5
176
     1
 90
        0
176
     1
 90
        0
176
     1
290
     0
176
     1
 90
       13
176
     1
 40
0.0
176
     1
 90
        0
176
     1
290
     0
176
     1
290
     1
176
     1
290
     1
176
     1
290
     0
176
     1
290
     0
176
     1
290
     0
176
     1
290
     0
176
     1
290
     0
176
     1
290
     0
176
     1
 90
       50
176
     1
 40
0.0
176
     1
 40
1.0
176
     1
 90
        0
176
     1
 62
    18
420
        0
176
     1
 90
       50
176
     1
 90
        3
176
     1
 62
     5
420
      255
176
     1
290
     0
176
     1
 90
       50
176
     1
 90
       50
176
     1
 90
       50
176
     1
290
     0
176
     1
 90
       50
176
     1
 62
   256
176
     0
 40
1.0
176
     0
 90
        2
176
     1
  1
strokes_ogs.tif
176
     1
290
     0
176
     1
 40
1.0
176
     1
 40
1.0
176
     1
  0
VISUALSTYLE
  5
2C
102
{ACAD_REACTORS
330
2A
102
}
330
2A
100
AcDbVisualStyle
  2
FlatWithEdges
 70
     1
177
     3
291
     1
 70
    58
 90
        2
176
     1
 90
        1
176
     1
 90
        1
176
     1
 90
        2
176
     1
 40
0.6
176
     1
 40
30.0
176
     1
 62
     7
420
 16777215
176
     1
 90
        1
176
     1
 90
        0
176
     1
 62
     7
176
     1
 62
   257
176
     1
 90
        1
176
     1
 90
        1
176
     1
 40
1.0
176
     1
 90
        0
176
     1
 62
   257
176
     1
 40
1.0
176
     1
 90
        1
176
     1
 90
        6
176
     1
 90
        2
176
     1
 62
     7
176
     1
 90
        5
176
     1
 90
        0
176
     1
 90
        0
176
     1
290
     0
176
     1
 90
       13
176
     1
 40
0.0
176
     1
 90
        0
176
     1
290
     0
176
     1
290
     1
176
     1
290
     1
176
     1
290
     0
176
     1
290
     0
176
     1
290
     0
176
     1
290
     0
176
     1
290
     0
176
     1
290
     0
176
     1
 90
       50
176
     1
 40
0.0
176
     1
 40
1.0
176
     1
 90
        0
176
     1
 62
    18
420
        0
176
     1
 90
       50
176
     1
 90
        3
176
     1
 62
     5
420
      255
176
     1
290
     0
176
     1
 90
       50
176
     1
 90
       50
176
     1
 90
       50
176
     1
290
     0
176
     1
 90
       50
176
     1
 62
   256
176
     0
 40
1.0
176
     0
 90
        2
176
     1
  1
strokes_ogs.tif
176
     1
290
     0
176
     1
 40
1.0
176
     1
 40
1.0
176
     1
  0
VISUALSTYLE
  5
2D
102
{ACAD_REACTORS
330
2A
102
}
330
2A
100
AcDbVisualStyle
  2
Gouraud
 70
     2
177
     3
291
     1
 70
    58
 90
        2
176
     1
 90
        2
176
     1
 90
        1
176
     1
 90
        2
176
     1
 40
0.6
176
     1
 40
30.0
176
     1
 62
     7
420
 16777215
176
     1
 90
        0
176
     1
 90
        0
176
     1
 62
     7
176
     1
 62
   257
176
     1
 90
        1
176
     1
 90
        1
176
     1
 40
1.0
176
     1
 90
        0
176
     1
 62
     7
176
     1
 40
1.0
176
     1
 90
        1
176
     1
 90
        6
176
     1
 90
        2
176
     1
 62
     7
176
     1
 90
        5
176
     1
 90
        0
176
     1
 90
        0
176
     1
290
     0
176
     1
 90
       13
176
     1
 40
0.0
176
     1
 90
        0
176
     1
290
     0
176
     1
290
     1
176
     1
290
     1
176
     1
290
     0
176
     1
290
     0
176
     1
290
     0
176
     1
290
     0
176
     1
290
     0
176
     1
290
     0
176
     1
 90
       50
176
     1
 40
0.0
176
     1
 40
1.0
176
     1
 90
        0
176
     1
 62
    18
420
        0
176
     1
 90
       50
176
     1
 90
        3
176
     1
 62
     5
420
      255
176
     1
290
     0
176
     1
 90
       50
176
     1
 90
       50
176
     1
 90
       50
176
     1
290
     0
176
     1
 90
       50
176
     1
 62
   256
176
     0
 40
1.0
176
     0
 90
        2
176
     1
  1
strokes_ogs.tif
176
     1
290
     0
176
     1
 40
1.0
176
     1
 40
1.0
176
     1
  0
VISUALSTYLE
  5
2E
102
{ACAD_REACTORS
330
2A
102
}
330
2A
100
AcDbVisualStyle
  2
GouraudWithEdges
 70
     3
177
     3
291
     1
 70
    58
 90
        2
176
     1
 90
        2
176
     1
 90
        1
176
     1
 90
        2
176
     1
 40
0.6
176
     1
 40
30.0
176
     1
 62
     7
420
 16777215
176
     1
 90
        1
176
     1
 90
        0
176
     1
 62
     7
176
     1
 62
   257
176
     1
 90
        1
176
     1
 90
        1
176
     1
 40
1.0
176
     1
 90
        0
176
     1
 62
   257
176
     1
 40
1.0
176
     1
 90
        1
176
     1
 90
        6
176
     1
 90
        2
176
     1
 62
     7
176
     1
 90
        5
176
     1
 90
        0
176
     1
 90
        0
176
     1
290
     0
176
     1
 90
       13
176
     1
 40
0.0
176
     1
 90
        0
176
     1
290
     0
176
     1
290
     1
176
     1
290
     1
176
     1
290
     0
176
     1
290
     0
176
     1
290
     0
176
     1
290
     0
176
     1
290
     0
176
     1
290
     0
176
     1
 90
       50
176
     1
 40
0.0
176
     1
 40
1.0
176
     1
 90
        0
176
     1
 62
    18
420
        0
176
     1
 90
       50
176
     1
 90
        3
176
     1
 62
     5
420
      255
176
     1
290
     0
176
     1
 90
       50
176
     1
 90
       50
176
     1
 90
       50
176
     1
290
     0
176
     1
 90
       50
176
     1
 62
   256
176
     0
 40
1.0
176
     0
 90
        2
176
     1
  1
strokes_ogs.tif
176
     1
290
     0
176
     1
 40
1.0
176
     1
 40
1.0
176
     1
  0
VISUALSTYLE
  5
31
102
{ACAD_REACTORS
330
2A
102
}
330
2A
100
AcDbVisualStyle
  2
Hidden
 70
     6
177
     3
291
     0
 70
    58
 90
        1
176
     1
 90
        2
176
     1
 90
        2
176
     1
 90
        0
176
     1
 40
0.6
176
     1
 40
30.0
176
     1
 62
     7
420
 16777215
176
     1
 90
        2
176
     1
 90
        2
176
     1
 62
     7
176
     1
 62
   257
176
     1
 90
        2
176
     1
 90
        1
176
     1
 40
40.0
176
     1
 90
        0
176
     1
 62
   257
176
     1
 40
1.0
176
     1
 90
        1
176
     1
 90
        6
176
     1
 90
        2
176
     1
 62
     7
176
     1
 90
        3
176
     1
 90
        0
176
     1
 90
        0
176
     1
290
     0
176
     1
 90
        1
176
     1
 40
0.0
176
     1
 90
        0
176
     1
290
     0
176
     1
290
     1
176
     1
290
     1
176
     1
290
     0
176
     1
290
     0
176
     1
290
     0
176
     1
290
     0
176
     1
290
     0
176
     1
290
     0
176
     1
 90
       50
176
     1
 40
0.0
176
     1
 40
1.0
176
     1
 90
        0
176
     1
 62
    18
420
        0
176
     1
 90
       50
176
     1
 90
        3
176
     1
 62
     5
420
      255
176
     1
290
     0
176
     1
 90
       50
176
     1
 90
       50
176
     1
 90
       50
176
     1
290
     0
176
     1
 90
       50
176
     1
 62
   256
176
     0
 40
1.0
176
     0
 90
        2
176
     1
  1
strokes_ogs.tif
176
     1
290
     0
176
     1
 40
1.0
176
     1
 40
1.0
176
     1
  0
VISUALSTYLE
  5
3B
102
{ACAD_REACTORS
330
2A
102
}
330
2A
100
AcDbVisualStyle
  2
JitterOff
 70
    20
177
     3
291
     1
 70
    58
 90
        2
176
     0
 90
        2
176
     0
 90
        0
176
     0
 90
        0
176
     0
 40
0.6
176
     0
 40
30.0
176
     0
 62
     7
420
 16777215
176
     0
 90
        1
176
     0
 90
        4
176
     0
 62
     7
176
     0
 62
   257
176
     0
 90
        1
176
     0
 90
        1
176
     0
 40
1.0
176
     0
 90
       10
176
     2
 62
     7
176
     0
 40
1.0
176
     0
 90
        1
176
     0
 90
        6
176
     0
 90
        2
176
     0
 62
     7
176
     0
 90
        5
176
     0
 90
        0
176
     0
 90
        0
176
     0
290
     0
176
     0
 90
        1
176
     0
 40
0.0
176
     0
 90
        0
176
     0
290
     0
176
     0
290
     1
176
     0
290
     1
176
     0
290
     0
176
     0
290
     0
176
     0
290
     0
176
     0
290
     0
176
     0
290
     0
176
     0
290
     0
176
     0
 90
       50
176
     0
 40
0.0
176
     0
 40
1.0
176
     0
 90
        0
176
     0
 62
    18
420
        0
176
     0
 90
       50
176
     0
 90
        3
176
     0
 62
     5
420
      255
176
     0
290
     0
176
     0
 90
       50
176
     0
 90
       50
176
     0
 90
       50
176
     0
290
     0
176
     0
 90
       50
176
     0
 62
   256
176
     0
 40
1.0
176
     0
 90
        2
176
     0
  1
strokes_ogs.tif
176
     0
290
     0
176
     0
 40
1.0
176
     0
 40
1.0
176
     0
  0
VISUALSTYLE
  5
38
102
{ACAD_REACTORS
330
2A
102
}
330
2A
100
AcDbVisualStyle
  2
Linepattern
 70
    14
177
     3
291
     1
 70
    58
 90
        2
176
     1
 90
        2
176
     1
 90
        0
176
     1
 90
        0
176
     1
 40
0.6
176
     1
 40
30.0
176
     1
 62
     7
420
 16777215
176
     1
 90
        1
176
     1
 90
        4
176
     1
 62
     7
176
     1
 62
   257
176
     1
 90
        7
176
     1
 90
        7
176
     1
 40
1.0
176
     1
 90
        8
176
     1
 62
     7
176
     1
 40
1.0
176
     1
 90
        1
176
     1
 90
        6
176
     1
 90
        2
176
     1
 62
     7
176
     1
 90
        5
176
     1
 90
        0
176
     1
 90
        0
176
     1
290
     0
176
     1
 90
        1
176
     1
 40
0.0
176
     1
 90
        0
176
     1
290
     0
176
     1
290
     1
176
     1
290
     1
176
     1
290
     0
176
     1
290
     0
176
     1
290
     0
176
     1
290
     0
176
     1
290
     0
176
     1
290
     0
176
     1
 90
       50
176
     1
 40
0.0
176
     1
 40
1.0
176
     1
 90
        0
176
     1
 62
    18
420
        0
176
     1
 90
       50
176
     1
 90
        3
176
     1
 62
     5
420
      255
176
     1
290
     0
176
     1
 90
       50
176
     1
 90
       50
176
     1
 90
       50
176
     1
290
     0
176
     1
 90
       50
176
     1
 62
   256
176
     0
 40
1.0
176
     0
 90
        2
176
     1
  1
strokes_ogs.tif
176
     1
290
     0
176
     1
 40
1.0
176
     1
 40
1.0
176
     1
  0
VISUALSTYLE
  5
3C
102
{ACAD_REACTORS
330
2A
102
}
330
2A
100
AcDbVisualStyle
  2
OverhangOff
 70
    21
177
     3
291
     1
 70
    58
 90
        2
176
     0
 90
        2
176
     0
 90
        0
176
     0
 90
        0
176
     0
 40
0.6
176
     0
 40
30.0
176
     0
 62
     7
420
 16777215
176
     0
 90
        1
176
     0
 90
        4
176
     0
 62
     7
176
     0
 62
   257
176
     0
 90
        1
176
     0
 90
        1
176
     0
 40
1.0
176
     0
 90
        9
176
     2
 62
     7
176
     0
 40
1.0
176
     0
 90
        1
176
     0
 90
        6
176
     0
 90
        2
176
     0
 62
     7
176
     0
 90
        5
176
     0
 90
        0
176
     0
 90
        0
176
     0
290
     0
176
     0
 90
        1
176
     0
 40
0.0
176
     0
 90
        0
176
     0
290
     0
176
     0
290
     1
176
     0
290
     1
176
     0
290
     0
176
     0
290
     0
176
     0
290
     0
176
     0
290
     0
176
     0
290
     0
176
     0
290
     0
176
     0
 90
       50
176
     0
 40
0.0
176
     0
 40
1.0
176
     0
 90
        0
176
     0
 62
    18
420
        0
176
     0
 90
       50
176
     0
 90
        3
176
     0
 62
     5
420
      255
176
     0
290
     0
176
     0
 90
       50
176
     0
 90
       50
176
     0
 90
       50
176
     0
290
     0
176
     0
 90
       50
176
     0
 62
   256
176
     0
 40
1.0
176
     0
 90
        2
176
     0
  1
strokes_ogs.tif
176
     0
290
     0
176
     0
 40
1.0
176
     0
 40
1.0
176
     0
  0
VISUALSTYLE
  5
33
102
{ACAD_REACTORS
330
2A
102
}
330
2A
100
AcDbVisualStyle
  2
Realistic
 70
     8
177
     3
291
     0
 70
    58
 90
        2
176
     1
 90
        3
176
     1
 90
        0
176
     1
 90
        2
176
     1
 40
0.6
176
     1
 40
30.0
176
     1
 62
     7
420
 16777215
176
     1
 90
        0
176
     1
 90
        0
176
     1
 62
     7
176
     1
 62
   257
176
     1
 90
        1
176
     1
 90
        1
176
     1
 40
1.0
176
     1
 90
        8
176
     1
 62
   257
176
     1
 40
1.0
176
     1
 90
        1
176
     1
 90
        6
176
     1
 90
        2
176
     1
 62
     7
176
     1
 90
        3
176
     1
 90
        0
176
     1
 90
        0
176
     1
290
     0
176
     1
 90
       13
176
     1
 40
0.0
176
     1
 90
        0
176
     1
290
     0
176
     1
290
     1
176
     1
290
     1
176
     1
290
     0
176
     1
290
     0
176
     1
290
     0
176
     1
290
     0
176
     1
290
     0
176
     1
290
     0
176
     1
 90
       50
176
     1
 40
0.0
176
     1
 40
1.0
176
     1
 90
        0
176
     1
 62
    18
420
        0
176
     1
 90
       50
176
     1
 90
        3
176
     1
 62
     5
420
      255
176
     1
290
     0
176
     1
 90
       50
176
     1
 90
       50
176
     1
 90
       50
176
     1
290
     0
176
     1
 90
       50
176
     1
 62
   256
176
     0
 40
1.0
176
     0
 90
        2
176
     1
  1
strokes_ogs.tif
176
     1
290
     0
176
     1
 40
1.0
176
     1
 40
1.0
176
     1
  0
VISUALSTYLE
  5
42
102
{ACAD_REACTORS
330
2A
102
}
330
2A
100
AcDbVisualStyle
  2
Shaded
 70
    27
177
     3
291
     0
 70
    58
 90
        2
176
     1
 90
        2
176
     1
 90
        1
176
     1
 90
        2
176
     1
 40
0.6
176
     1
 40
30.0
176
     1
 62
     7
420
 16777215
176
     1
 90
        0
176
     1
 90
        4
176
     1
 62
     7
176
     1
 62
   257
176
     1
 90
        1
176
     1
 90
        1
176
     1
 40
1.0
176
     1
 90
        8
176
     1
 62
   257
176
     1
 40
1.0
176
     1
 90
        1
176
     1
 90
        6
176
     1
 90
        2
176
     1
 62
     8
420
  7895160
176
     1
 90
        3
176
     1
 90
        0
176
     1
 90
        0
176
     1
290
     0
176
     1
 90
        5
176
     1
 40
0.0
176
     1
 90
        0
176
     1
290
     0
176
     1
290
     1
176
     1
290
     1
176
     1
290
     0
176
     1
290
     0
176
     1
290
     0
176
     1
290
     0
176
     1
290
     0
176
     1
290
     0
176
     1
 90
       50
176
     1
 40
0.0
176
     1
 40
1.0
176
     1
 90
        0
176
     1
 62
    18
420
        0
176
     1
 90
       50
176
     1
 90
        3
176
     1
 62
     5
420
      255
176
     1
290
     0
176
     1
 90
       50
176
     1
 90
       50
176
     1
 90
       50
176
     1
290
     0
176
     1
 90
       50
176
     1
 62
   256
176
     0
 40
1.0
176
     0
 90
        2
176
     1
  1
strokes_ogs.tif
176
     1
290
     0
176
     1
 40
1.0
176
     1
 40
1.0
176
     1
  0
VISUALSTYLE
  5
41
102
{ACAD_REACTORS
330
2A
102
}
330
2A
100
AcDbVisualStyle
  2
Shaded with edges
 70
    26
177
     3
291
     0
 70
    58
 90
        2
176
     1
 90
        2
176
     1
 90
        1
176
     1
 90
        2
176
     1
 40
0.6
176
     1
 40
30.0
176
     1
 62
     7
420
 16777215
176
     1
 90
        1
176
     1
 90
       10
176
     1
 62
     7
176
     1
 62
   257
176
     1
 90
        2
176
     1
 90
        1
176
     1
 40
1.0
176
     1
 90
        8
176
     1
 62
   257
176
     1
 40
1.0
176
     1
 90
        1
176
     1
 90
        6
176
     1
 90
        2
176
     1
 62
     7
176
     1
 90
        3
176
     1
 90
        0
176
     1
 90
        0
176
     1
290
     0
176
     1
 90
        5
176
     1
 40
0.0
176
     1
 90
        0
176
     1
290
     0
176
     1
290
     1
176
     1
290
     1
176
     1
290
     0
176
     1
290
     0
176
     1
290
     0
176
     1
290
     0
176
     1
290
     0
176
     1
290
     0
176
     1
 90
       50
176
     1
 40
0.0
176
     1
 40
1.0
176
     1
 90
        0
176
     1
 62
    18
420
        0
176
     1
 90
       50
176
     1
 90
        3
176
     1
 62
     5
420
      255
176
     1
290
     0
176
     1
 90
       50
176
     1
 90
       50
176
     1
 90
       50
176
     1
290
     0
176
     1
 90
       50
176
     1
 62
   256
176
     0
 40
1.0
176
     0
 90
        2
176
     1
  1
strokes_ogs.tif
176
     1
290
     0
176
     1
 40
1.0
176
     1
 40
1.0
176
     1
  0
VISUALSTYLE
  5
3E
102
{ACAD_REACTORS
330
2A
102
}
330
2A
100
AcDbVisualStyle
  2
Shades of Gray
 70
    23
177
     3
291
     0
 70
    58
 90
        2
176
     1
 90
        2
176
     1
 90
        3
176
     1
 90
        0
176
     1
 40
0.6
176
     1
 40
30.0
176
     1
 62
     7
420
 16777215
176
     1
 90
        2
176
     1
 90
        2
176
     1
 62
     7
176
     1
 62
     7
176
     1
 90
        1
176
     1
 90
        1
176
     1
 40
40.0
176
     1
 90
        8
176
     1
 62
     7
176
     1
 40
1.0
176
     1
 90
        1
176
     1
 90
        6
176
     1
 90
        2
176
     1
 62
     7
176
     1
 90
        3
176
     1
 90
        0
176
     1
 90
        0
176
     1
290
     0
176
     1
 90
        1
176
     1
 40
0.0
176
     1
 90
        0
176
     1
290
     0
176
     1
290
     1
176
     1
290
     1
176
     1
290
     0
176
     1
290
     0
176
     1
290
     0
176
     1
290
     0
176
     1
290
     0
176
     1
290
     0
176
     1
 90
       50
176
     1
 40
0.0
176
     1
 40
1.0
176
     1
 90
        0
176
     1
 62
    18
420
        0
176
     1
 90
       50
176
     1
 90
        3
176
     1
 62
     5
420
      255
176
     1
290
     0
176
     1
 90
       50
176
     1
 90
       50
176
     1
 90
       50
176
     1
290
     0
176
     1
 90
       50
176
     1
 62
   256
176
     0
 40
1.0
176
     0
 90
        2
176
     1
  1
strokes_ogs.tif
176
     1
290
     0
176
     1
 40
1.0
176
     1
 40
1.0
176
     1
  0
VISUALSTYLE
  5
3F
102
{ACAD_REACTORS
330
2A
102
}
330
2A
100
AcDbVisualStyle
  2
Sketchy
 70
    24
177
     3
291
     0
 70
    58
 90
        1
176
     1
 90
        2
176
     1
 90
        2
176
     1
 90
        0
176
     1
 40
0.6
176
     1
 40
30.0
176
     1
 62
     7
420
 16777215
176
     1
 90
        2
176
     1
 90
        2
176
     1
 62
     7
176
     1
 62
     7
176
     1
 90
        1
176
     1
 90
        1
176
     1
 40
40.0
176
     1
 90
       11
176
     1
 62
     7
176
     1
 40
1.0
176
     1
 90
        1
176
     1
 90
        6
176
     1
 90
        2
176
     1
 62
     7
176
     1
 90
        6
176
     1
 90
        0
176
     1
 90
        0
176
     1
290
     0
176
     1
 90
        1
176
     1
 40
0.0
176
     1
 90
        0
176
     1
290
     0
176
     1
290
     1
176
     1
290
     1
176
     1
290
     0
176
     1
290
     0
176
     1
290
     0
176
     1
290
     0
176
     1
290
     0
176
     1
290
     0
176
     1
 90
       50
176
     1
 40
0.0
176
     1
 40
1.0
176
     1
 90
        0
176
     1
 62
    18
420
        0
176
     1
 90
       50
176
     1
 90
        3
176
     1
 62
     5
420
      255
176
     1
290
     0
176
     1
 90
       50
176
     1
 90
       50
176
     1
 90
       50
176
     1
290
     0
176
     1
 90
       50
176
     1
 62
   256
176
     0
 40
1.0
176
     0
 90
        2
176
     1
  1
strokes_ogs.tif
176
     1
290
     0
176
     1
 40
1.0
176
     1
 40
1.0
176
     1
  0
VISUALSTYLE
  5
37
102
{ACAD_REACTORS
330
2A
102
}
330
2A
100
AcDbVisualStyle
  2
Thicken
 70
    13
177
     3
291
     1
 70
    58
 90
        2
176
     1
 90
        2
176
     1
 90
        0
176
     1
 90
        0
176
     1
 40
0.6
176
     1
 40
30.0
176
     1
 62
     7
420
 16777215
176
     1
 90
        1
176
     1
 90
        4
176
     1
 62
     7
176
     1
 62
   257
176
     1
 90
        1
176
     1
 90
        1
176
     1
 40
1.0
176
     1
 90
       12
176
     1
 62
     7
176
     1
 40
1.0
176
     1
 90
        1
176
     1
 90
        6
176
     1
 90
        2
176
     1
 62
     7
176
     1
 90
        5
176
     1
 90
        0
176
     1
 90
        0
176
     1
290
     0
176
     1
 90
        1
176
     1
 40
0.0
176
     1
 90
        0
176
     1
290
     0
176
     1
290
     1
176
     1
290
     1
176
     1
290
     0
176
     1
290
     0
176
     1
290
     0
176
     1
290
     0
176
     1
290
     0
176
     1
290
     0
176
     1
 90
       50
176
     1
 40
0.0
176
     1
 40
1.0
176
     1
 90
        0
176
     1
 62
    18
420
        0
176
     1
 90
       50
176
     1
 90
        3
176
     1
 62
     5
420
      255
176
     1
290
     0
176
     1
 90
       50
176
     1
 90
       50
176
     1
 90
       50
176
     1
290
     0
176
     1
 90
       50
176
     1
 62
   256
176
     0
 40
1.0
176
     0
 90
        2
176
     1
  1
strokes_ogs.tif
176
     1
290
     0
176
     1
 40
1.0
176
     1
 40
1.0
176
     1
  0
VISUALSTYLE
  5
30
102
{ACAD_REACTORS
330
2A
102
}
330
2A
100
AcDbVisualStyle
  2
Wireframe
 70
     5
177
     3
291
     0
 70
    58
 90
        0
176
     1
 90
        2
176
     1
 90
        0
176
     1
 90
        0
176
     1
 40
0.6
176
     1
 40
30.0
176
     1
 62
     7
420
 16777215
176
     1
 90
        1
176
     1
 90
        4
176
     1
 62
     7
176
     1
 62
   257
176
     1
 90
        1
176
     1
 90
        1
176
     1
 40
1.0
176
     1
 90
        0
176
     1
 62
   257
176
     1
 40
1.0
176
     1
 90
        1
176
     1
 90
        6
176
     1
 90
        2
176
     1
 62
     7
176
     1
 90
        3
176
     1
 90
        0
176
     1
 90
        0
176
     1
290
     0
176
     1
 90
        1
176
     1
 40
0.0
176
     1
 90
        0
176
     1
290
     0
176
     1
290
     1
176
     1
290
     1
176
     1
290
     0
176
     1
290
     0
176
     1
290
     0
176
     1
290
     0
176
     1
290
     0
176
     1
290
     0
176
     1
 90
       50
176
     1
 40
0.0
176
     1
 40
1.0
176
     1
 90
        0
176
     1
 62
    18
420
        0
176
     1
 90
       50
176
     1
 90
        3
176
     1
 62
     5
420
      255
176
     1
290
     0
176
     1
 90
       50
176
     1
 90
       50
176
     1
 90
       50
176
     1
290
     0
176
     1
 90
       50
176
     1
 62
   256
176
     0
 40
1.0
176
     0
 90
        2
176
     1
  1
strokes_ogs.tif
176
     1
290
     0
176
     1
 40
1.0
176
     1
 40
1.0
176
     1
  0
VISUALSTYLE
  5
40
102
{ACAD_REACTORS
330
2A
102
}
330
2A
100
AcDbVisualStyle
  2
X-Ray
 70
    25
177
     3
291
     0
 70
    58
 90
        2
176
     1
 90
        2
176
     1
 90
        1
176
     1
 90
        1
176
     1
 40
0.5
176
     1
 40
30.0
176
     1
 62
     7
420
 16777215
176
     1
 90
        1
176
     1
 90
        0
176
     1
 62
     7
176
     1
 62
   257
176
     1
 90
        1
176
     1
 90
        1
176
     1
 40
1.0
176
     1
 90
        8
176
     1
 62
     7
176
     1
 40
1.0
176
     1
 90
        1
176
     1
 90
        6
176
     1
 90
        2
176
     1
 62
     7
176
     1
 90
        3
176
     1
 90
        0
176
     1
 90
        0
176
     1
290
     0
176
     1
 90
       13
176
     1
 40
0.0
176
     1
 90
        0
176
     1
290
     0
176
     1
290
     1
176
     1
290
     1
176
     1
290
     0
176
     1
290
     0
176
     1
290
     0
176
     1
290
     0
176
     1
290
     0
176
     1
290
     0
176
     1
 90
       50
176
     1
 40
0.0
176
     1
 40
1.0
176
     1
 90
        0
176
     1
 62
    18
420
        0
176
     1
 90
       50
176
     1
 90
        3
176
     1
 62
     5
420
      255
176
     1
290
     0
176
     1
 90
       50
176
     1
 90
       50
176
     1
 90
       50
176
     1
290
     0
176
     1
 90
       50
176
     1
 62
   256
176
     0
 40
1.0
176
     0
 90
        2
176
     1
  1
strokes_ogs.tif
176
     1
290
     0
176
     1
 40
1.0
176
     1
 40
1.0
176
     1
  0
DICTIONARYVAR
  5
126
102
{ACAD_REACTORS
330
125
102
}
330
125
100
DictionaryVariables
280
     0
  1
1:1
  0
DICTIONARYVAR
  5
12F
102
{ACAD_REACTORS
330
125
102
}
330
125
100
DictionaryVariables
280
     0
  1
3.500000
  0
DICTIONARYVAR
  5
130
102
{ACAD_REACTORS
330
125
102
}
330
125
100
DictionaryVariables
280
     0
  1
acadiso.lin
  0
DICTIONARYVAR
  5
12B
102
{ACAD_REACTORS
330
125
102
}
330
125
100
DictionaryVariables
280
     0
  1
Standard
  0
DICTIONARYVAR
  5
12A
102
{ACAD_REACTORS
330
125
102
}
330
125
100
DictionaryVariables
280
     0
  1
Standard
  0
DICTIONARYVAR
  5
12E
102
{ACAD_REACTORS
330
125
102
}
330
125
100
DictionaryVariables
280
     0
  1
0
  0
DICTIONARY
  5
127
330
5A
100
AcDbDictionary
280
     1
281
     1
  3
ACAD_ROUNDTRIP_2008_TABLESTYLE_CELLSTYLEMAP
360
128
  0
CELLSTYLEMAP
  5
128
102
{ACAD_REACTORS
330
127
102
}
330
127
100
AcDbCellStyleMap
 90
        3
300
CELLSTYLE
  1
TABLEFORMAT_BEGIN
 90
        5
170
     1
 91
        0
 92
    32768
 62
   257
 93
        1
300
CONTENTFORMAT
  1
CONTENTFORMAT_BEGIN
 90
        0
 91
        0
 92
        4
 93
        0
300

 40
0.0
140
1.0
 94
        5
 62
     0
340
11
144
6.0
309
CONTENTFORMAT_END
171
     1
301
MARGIN
  1
CELLMARGIN_BEGIN
 40
1.5
 40
1.5
 40
1.5
 40
1.5
 40
1.5
 40
1.5
309
CELLMARGIN_END
 94
        6
 95
        1
302
GRIDFORMAT
  1
GRIDFORMAT_BEGIN
 90
        0
 91
        1
 62
     0
 92
       -2
340
14
 93
        0
 40
0.045
309
GRIDFORMAT_END
 95
        2
302
GRIDFORMAT
  1
GRIDFORMAT_BEGIN
 90
        0
 91
        1
 62
     0
 92
       -2
340
14
 93
        0
 40
0.045
309
GRIDFORMAT_END
 95
        4
302
GRIDFORMAT
  1
GRIDFORMAT_BEGIN
 90
        0
 91
        1
 62
     0
 92
       -2
340
14
 93
        0
 40
0.045
309
GRIDFORMAT_END
 95
        8
302
GRIDFORMAT
  1
GRIDFORMAT_BEGIN
 90
        0
 91
        1
 62
     0
 92
       -2
340
14
 93
        0
 40
0.045
309
GRIDFORMAT_END
 95
       16
302
GRIDFORMAT
  1
GRIDFORMAT_BEGIN
 90
        0
 91
        1
 62
     0
 92
       -2
340
14
 93
        0
 40
0.045
309
GRIDFORMAT_END
 95
       32
302
GRIDFORMAT
  1
GRIDFORMAT_BEGIN
 90
        0
 91
        1
 62
     0
 92
       -2
340
14
 93
        0
 40
0.045
309
GRIDFORMAT_END
309
TABLEFORMAT_END
  1
CELLSTYLE_BEGIN
 90
        1
 91
        1
300
_TITLE
309
CELLSTYLE_END
300
CELLSTYLE
  1
TABLEFORMAT_BEGIN
 90
        5
170
     1
 91
        0
 92
        0
 62
   257
 93
        1
300
CONTENTFORMAT
  1
CONTENTFORMAT_BEGIN
 90
        0
 91
        0
 92
        4
 93
        0
300

 40
0.0
140
1.0
 94
        5
 62
     0
340
11
144
4.5
309
CONTENTFORMAT_END
171
     1
301
MARGIN
  1
CELLMARGIN_BEGIN
 40
1.5
 40
1.5
 40
1.5
 40
1.5
 40
1.5
 40
1.5
309
CELLMARGIN_END
 94
        6
 95
        1
302
GRIDFORMAT
  1
GRIDFORMAT_BEGIN
 90
        0
 91
        1
 62
     0
 92
       -2
340
14
 93
        0
 40
0.045
309
GRIDFORMAT_END
 95
        2
302
GRIDFORMAT
  1
GRIDFORMAT_BEGIN
 90
        0
 91
        1
 62
     0
 92
       -2
340
14
 93
        0
 40
0.045
309
GRIDFORMAT_END
 95
        4
302
GRIDFORMAT
  1
GRIDFORMAT_BEGIN
 90
        0
 91
        1
 62
     0
 92
       -2
340
14
 93
        0
 40
0.045
309
GRIDFORMAT_END
 95
        8
302
GRIDFORMAT
  1
GRIDFORMAT_BEGIN
 90
        0
 91
        1
 62
     0
 92
       -2
340
14
 93
        0
 40
0.045
309
GRIDFORMAT_END
 95
       16
302
GRIDFORMAT
  1
GRIDFORMAT_BEGIN
 90
        0
 91
        1
 62
     0
 92
       -2
340
14
 93
        0
 40
0.045
309
GRIDFORMAT_END
 95
       32
302
GRIDFORMAT
  1
GRIDFORMAT_BEGIN
 90
        0
 91
        1
 62
     0
 92
       -2
340
14
 93
        0
 40
0.045
309
GRIDFORMAT_END
309
TABLEFORMAT_END
  1
CELLSTYLE_BEGIN
 90
        2
 91
        1
300
_HEADER
309
CELLSTYLE_END
300
CELLSTYLE
  1
TABLEFORMAT_BEGIN
 90
        5
170
     1
 91
        0
 92
        0
 62
   257
 93
        1
300
CONTENTFORMAT
  1
CONTENTFORMAT_BEGIN
 90
        0
 91
        0
 92
        4
 93
        0
300

 40
0.0
140
1.0
 94
        2
 62
     0
340
11
144
4.5
309
CONTENTFORMAT_END
171
     1
301
MARGIN
  1
CELLMARGIN_BEGIN
 40
1.5
 40
1.5
 40
1.5
 40
1.5
 40
1.5
 40
1.5
309
CELLMARGIN_END
 94
        6
 95
        1
302
GRIDFORMAT
  1
GRIDFORMAT_BEGIN
 90
        0
 91
        1
 62
     0
 92
       -2
340
14
 93
        0
 40
0.045
309
GRIDFORMAT_END
 95
        2
302
GRIDFORMAT
  1
GRIDFORMAT_BEGIN
 90
        0
 91
        1
 62
     0
 92
       -2
340
14
 93
        0
 40
0.045
309
GRIDFORMAT_END
 95
        4
302
GRIDFORMAT
  1
GRIDFORMAT_BEGIN
 90
        0
 91
        1
 62
     0
 92
       -2
340
14
 93
        0
 40
0.045
309
GRIDFORMAT_END
 95
        8
302
GRIDFORMAT
  1
GRIDFORMAT_BEGIN
 90
        0
 91
        1
 62
     0
 92
       -2
340
14
 93
        0
 40
0.045
309
GRIDFORMAT_END
 95
       16
302
GRIDFORMAT
  1
GRIDFORMAT_BEGIN
 90
        0
 91
        1
 62
     0
 92
       -2
340
14
 93
        0
 40
0.045
309
GRIDFORMAT_END
 95
       32
302
GRIDFORMAT
  1
GRIDFORMAT_BEGIN
 90
        0
 91
        1
 62
     0
 92
       -2
340
14
 93
        0
 40
0.045
309
GRIDFORMAT_END
309
TABLEFORMAT_END
  1
CELLSTYLE_BEGIN
 90
        3
 91
        2
300
_DATA
309
CELLSTYLE_END
  0
ENDSEC
  0
SECTION
  2
THUMBNAILIMAGE
 90
   263208
310
28000000000200000002000001000800000000000000000000000000000000000000000000000000FFFFFF00FF000000FFFF000000FF000000FFFF000000FF00FF00FF000000000080808000C0C0C000FF000000FF7F7F00A5000000A55252007F0000007F3F3F004C0000004C2626002600000026131300FF3F0000FF9F7F
310
00A5290000A56752007F1F00007F4F3F004C1300004C2F26002609000026171300FF7F0000FFBF7F00A5520000A57C52007F3F00007F5F3F004C2600004C39260026130000261C1300FFBF0000FFDF7F00A57C0000A59152007F5F00007F6F3F004C3900004C422600261C000026211300FFFF0000FFFF7F00A5A50000A5A5
310
52007F7F00007F7F3F004C4C00004C4C26002626000026261300BFFF0000DFFF7F007CA5000091A552005F7F00006F7F3F00394C0000424C26001C260000212613007FFF0000BFFF7F0052A500007CA552003F7F00005F7F3F00264C0000394C2600132600001C2613003FFF00009FFF7F0029A5000067A552001F7F00004F
310
7F3F00134C00002F4C2600092600001726130000FF00007FFF7F0000A5000052A55200007F00003F7F3F00004C0000264C2600002600001326130000FF3F007FFF9F0000A5290052A56700007F1F003F7F4F00004C1300264C2F00002609001326170000FF7F007FFFBF0000A5520052A57C00007F3F003F7F5F00004C2600
310
264C39000026130013261C0000FFBF007FFFDF0000A57C0052A59100007F5F003F7F6F00004C3900264C420000261C001326210000FFFF007FFFFF0000A5A50052A5A500007F7F003F7F7F00004C4C00264C4C00002626001326260000BFFF007FDFFF00007CA5005291A500005F7F003F6F7F0000394C0026424C00001C26
310
0013212600007FFF007FBFFF000052A500527CA500003F7F003F5F7F0000264C0026394C0000132600131C2600003FFF007F9FFF000029A5005267A500001F7F003F4F7F0000134C00262F4C0000092600131726000000FF007F7FFF000000A5005252A50000007F003F3F7F0000004C0026264C0000002600131326003F00
310
FF009F7FFF002900A5006752A5001F007F004F3F7F0013004C002F264C0009002600171326007F00FF00BF7FFF005200A5007C52A5003F007F005F3F7F0026004C0039264C00130026001C132600BF00FF00DF7FFF007C00A5009152A5005F007F006F3F7F0039004C0042264C001C00260021132600FF00FF00FF7FFF00A5
310
00A500A552A5007F007F007F3F7F004C004C004C264C002600260026132600FF00BF00FF7FDF00A5007C00A55291007F005F007F3F6F004C0039004C26420026001C0026132100FF007F00FF7FBF00A5005200A5527C007F003F007F3F5F004C0026004C2639002600130026131C00FF003F00FF7F9F00A5002900A5526700
310
7F001F007F3F4F004C0013004C262F002600090026131700000000002D2D2D005B5B5B0089898900B7B7B700B3B3B30000000000000000000000000000000000000000000000000000000000000000000000000000000000000000000000000000000000000000000000000000000000000000000000000000000000000000
310
00000000000000000000000000000000000000000000000000000000000000000000000000000000000000000000000000000000000000000000000000000000000000000000000000000000000000000000000000000000000000000000000000000000000000000000000000000000000000000000000000000000000000
310
00000000000000000000000000000000000000000000000000000000000000000000000000000000000000000000000000000000000000000000000000000000000000000000000000000000000000000000000000000000000000000000000000000000000000000000000000000000000000000000000000000000000000
310
00000000000000000000000000000000000000000000000000000000000000000000000000000000000000000000000000000000000000000000000000000000000000000000000000000000000000000000000000000000000000000000000000000000000000000000000000000000000000000000000000000000000000
310
00000000000000000000000000000000000000000000000000000000000000000000000000000000000000000000000000000000000000000000000000000000000000000000000000000000000000000000000000000000000000000000000000000000000000000000000000000000000000000000000000000000000000
310
00000000000000000000000000000000000000000000000000000000000000000000000000000000000000000000000000000000000000000000000000000000000000000000000000000000000000000000000000000000000000000000000000000000000000000000000000000000000000000000000000000000000000
310
00000000000000000000000000000000000000000000000000000000000000000000000000000000000000000000000000000000000000000000000000000000000000000000000000000000000000000000000000000000000000000000000000000000000000000000000000000000000000000000000000000000000000
310
00000000000000000000000000000000000000000000000000000000000000000000000000000000000000000000000000000000000000000000000000000000000000000000000000000000000000000000000000000000000000000000000000000000000000000000000000000000000000000000000000000000000000
310
00000000000000000000000000000000000000000000000000000000000000000000000000000000000000000000000000000000000000000000000000000000000000000000000000000000000000000000000000000000000000000000000000000000000000000000000000000000000000000000000000000000000000
310
00000000000000000000000000000000000000000000000000000000000000000000000000000000000000000000000000000000000000000000000000000000000000000000000000000000000000000000000000000000000000000000000000000000000000000000000000000000000000000000000000000000000000
310
00000000000000000000000000000000000000000000000000000000000000000000000000000000000000000000000000000000000000000000000000000000000000000000000000000000000000000000000000000000000000000000000000000000000000000000000000000000000000000000000000000000000000
310
00000000000000000000000000000000000000000000000000000000000000000000000000000000000000000000000000000000000000000000000000000000000000000000000000000000000000000000000000000000000000000000000000000000000000000000000000000000000000000000000000000000000000
310
00000000000000000000000000000000000000000000000000000000000000000000000000000000000000000000000000000000000000000000000000000000000000000000000000000000000000000000000000000000000000000000000000000000000000000000000000000000000000000000000000000000000000
310
00000000000000000000000000000000000000000000000000000000000000000000000000000000000000000000000000000000000000000000000000000000000000000000000000000000000000000000000000000000000000000000000000000000000000000000000000000000000000000000000000000000000000
310
00000000000000000000000000000000000000000000000000000000000000000000000000000000000000000000000000000000000000000000000000000000000000000000000000000000000000000000000000000000000000000000000000000000000000000000000000000000000000000000000000000000000000
310
00000000000000000000000000000000000000000000000000000000000000000000000000000000000000000000000000000000000000000000000000000000000000000000000000000000000000000000000000000000000000000000000000000000000000000000000000000000000000000000000000000000000000
310
00000000000000000000000000000000000000000000000000000000000000000000000000000000000000000000000000000000000000000000000000000000000000000000000000000000000000000000000000000000000000000000000000000000000000000000000000000000000000000000000000000000000000
310
00000000000000000000000000000000000000000000000000000000000000000000000000000000000000000000000000000000000000000000000000000000000000000000000000000000000000000000000000000000000000000000000000000000000000000000000000000000000000000000000000000000000000
310
00000000000000000000000000000000000000000000000000000000000000000000000000000000000000000000000000000000000000000000000000000000000000000000000000000000000000000000000000000000000000000000000000000000000000000000000000000000000000000000000000000000000000
310
00000000000000000000000000000000000000000000000000000000000000000000000000000000000000000000000000000000000000000000000000000000000000000000000000000000000000000000000000000000000000000000000000000000000000000000000000000000000000000000000000000000000000
310
00000000000000000000000000000000000000000000000000000000000000000000000000000000000000000000000000000000000000000000000000000000000000000000000000000000000000000000000000000000000000000000000000000000000000000000000000000000000000000000000000000000000000
310
00000000000000000000000000000000000000000000000000000000000000000000000000000000000000000000000000000000000000000000000000000000000000000000000000000000000000000000000000000000000000000000000000000000000000000000000000000000000000000000000000000000000000
310
00000000000000000000000000000000000000000000000000000000000000000000000000000000000000000000000000000000000000000000000000000000000000000000000000000000000000000000000000000000000000000000000000000000000000000000000000000000000000000000000000000000000000
310
00000000000000000000000000000000000000000000000000000000000000000000000000000000000000000000000000000000000000000000000000000000000000000000000000000000000000000000000000000000000000000000000000000000000000000000000000000000000000000000000000000000000000
310
00000000000000000000000000000000000000000000000000000000000000000000000000000000000000000000000000000000000000000000000000000000000000000000000000000000000000000000000000000000000000000000000000000000000000000000000000000000000000000000000000000000000000
310
00000000000000000000000000000000000000000000000000000000000000000000000000000000000000000000000000000000000000000000000000000000000000000000000000000000000000000000000000000000000000000000000000000000000000000000000000000000000000000000000000000000000000
310
00000000000000000000000000000000000000000000000000000000000000000000000000000000000000000000000000000000000000000000000000000000000000000000000000000000000000000000000000000000000000000000000000000000000000000000000000000000000000000000000000000000000000
310
00000000000000000000000000000000000000000000000000000000000000000000000000000000000000000000000000000000000000000000000000000000000000000000000000000000000000000000000000000000000000000000000000000000000000000000000000000000000000000000000000000000000000
310
00000000000000000000000000000000000000000000000000000000000000000000000000000000000000000000000000000000000000000000000000000000000000000000000000000000000000000000000000000000000000000000000000000000000000000000000000000000000000000000000000000000000000
310
00000000000000000000000000000000000000000000000000000000000000000000000000000000000000000000000000000000000000000000000000000000000000000000000000000000000000000000000000000000000000000000000000000000000000000000000000000000000000000000000000000000000000
310
00000000000000000000000000000000000000000000000000000000000000000000000000000000000000000000000000000000000000000000000000000000000000000000000000000000000000000000000000000000000000000000000000000000000000000000000000000000000000000000000000000000000000
310
00000000000000000000000000000000000000000000000000000000000000000000000000000000000000000000000000000000000000000000000000000000000000000000000000000000000000000000000000000000000000000000000000000000000000000000000000000000000000000000000000000000000000
310
00000000000000000000000000000000000000000000000000000000000000000000000000000000000000000000000000000000000000000000000000000000000000000000000000000000000000000000000000000000000000000000000000000000000000000000000000000000000000000000000000000000000000
310
00000000000000000000000000000000000000000000000000000000000000000000000000000000000000000000000000000000000000000000000000000000000000000000000000000000000000000000000000000000000000000000000000000000000000000000000000000000000000000000000000000000000000
310
00000000000000000000000000000000000000000000000000000000000000000000000000000000000000000000000000000000000000000000000000000000000000000000000000000000000000000000000000000000000000000000000000000000000000000000000000000000000000000000000000000000000000
310
00000000000000000000000000000000000000000000000000000000000000000000000000000000000000000000000000000000000000000000000000000000000000000000000000000000000000000000000000000000000000000000000000000000000000000000000000000000000000000000000000000000000000
310
00000000000000000000000000000000000000000000000000000000000000000000000000000000000000000000000000000000000000000000000000000000000000000000000000000000000000000000000000000000000000000000000000000000000000000000000000000000000000000000000000000000000000
310
00000000000000000000000000000000000000000000000000000000000000000000000000000000000000000000000000000000000000000000000000000000000000000000000000000000000000000000000000000000000000000000000000000000000000000000000000000000000000000000000000000000000000
310
00000000000000000000000000000000000000000000000000000000000000000000000000000000000000000000000000000000000000000000000000000000000000000000000000000000000000000000000000000000000000000000000000000000000000000000000000000000000000000000000000000000000000
310
00000000000000000000000000000000000000000000000000000000000000000000000000000000000000000000000000000000000000000000000000000000000000000000000000000000000000000000000000000000000000000000000000000000000000000000000000000000000000000000000000000000000000
310
00000000000000000000000000000000000000000000000000000000000000000000000000000000000000000000000000000000000000000000000000000000000000000000000000000000000000000000000000000000000000000000000000000000000000000000000000000000000000000000000000000000000000
310
00000000000000000000000000000000000000000000000000000000000000000000000000000000000000000000000000000000000000000000000000000000000000000000000000000000000000000000000000000000000000000000000000000000000000000000000000000000000000000000000000000000000000
310
00000000000000000000000000000000000000000000000000000000000000000000000000000000000000000000000000000000000000000000000000000000000000000000000000000000000000000000000000000000000000000000000000000000000000000000000000000000000000000000000000000000000000
310
00000000000000000000000000000000000000000000000000000000000000000000000000000000000000000000000000000000000000000000000000000000000000000000000000000000000000000000000000000000000000000000000000000000000000000000000000000000000000000000000000000000000000
310
00000000000000000000000000000000000000000000000000000000000000000000000000000000000000000000000000000000000000000000000000000000000000000000000000000000000000000000000000000000000000000000000000000000000000000000000000000000000000000000000000000000000000
310
00000000000000000000000000000000000000000000000000000000000000000000000000000000000000000000000000000000000000000000000000000000000000000000000000000000000000000000000000000000000000000000000000000000000000000000000000000000000000000000000000000000000000
310
00000000000000000000000000000000000000000000000000000000000000000000000000000000000000000000000000000000000000000000000000000000000000000000000000000000000000000000000000000000000000000000000000000000000000000000000000000000000000000000000000000000000000
310
00000000000000000000000000000000000000000000000000000000000000000000000000000000000000000000000000000000000000000000000000000000000000000000000000000000000000000000000000000000000000000000000000000000000000000000000000000000000000000000000000000000000000
310
00000000000000000000000000000000000000000000000000000000000000000000000000000000000000000000000000000000000000000000000000000000000000000000000000000000000000000000000000000000000000000000000000000000000000000000000000000000000000000000000000000000000000
310
00000000000000000000000000000000000000000000000000000000000000000000000000000000000000000000000000000000000000000000000000000000000000000000000000000000000000000000000000000000000000000000000000000000000000000000000000000000000000000000000000000000000000
310
00000000000000000000000000000000000000000000000000000000000000000000000000000000000000000000000000000000000000000000000000000000000000000000000000000000000000000000000000000000000000000000000000000000000000000000000000000000000000000000000000000000000000
310
00000000000000000000000000000000000000000000000000000000000000000000000000000000000000000000000000000000000000000000000000000000000000000000000000000000000000000000000000000000000000000000000000000000000000000000000000000000000000000000000000000000000000
310
00000000000000000000000000000000000000000000000000000000000000000000000000000000000000000000000000000000000000000000000000000000000000000000000000000000000000000000000000000000000000000000000000000000000000000000000000000000000000000000000000000000000000
310
00000000000000000000000000000000000000000000000000000000000000000000000000000000000000000000000000000000000000000000000000000000000000000000000000000000000000000000000000000000000000000000000000000000000000000000000000000000000000000000000000000000000000
310
00000000000000000000000000000000000000000000000000000000000000000000000000000000000000000000000000000000000000000000000000000000000000000000000000000000000000000000000000000000000000000000000000000000000000000000000000000000000000000000000000000000000000
310
00000000000000000000000000000000000000000000000000000000000000000000000000000000000000000000000000000000000000000000000000000000000000000000000000000000000000000000000000000000000000000000000000000000000000000000000000000000000000000000000000000000000000
310
00000000000000000000000000000000000000000000000000000000000000000000000000000000000000000000000000000000000000000000000000000000000000000000000000000000000000000000000000000000000000000000000000000000000000000000000000000000000000000000000000000000000000
310
00000000000000000000000000000000000000000000000000000000000000000000000000000000000000000000000000000000000000000000000000000000000000000000000000000000000000000000000000000000000000000000000000000000000000000000000000000000000000000000000000000000000000
310
00000000000000000000000000000000000000000000000000000000000000000000000000000000000000000000000000000000000000000000000000000000000000000000000000000000000000000000000000000000000000000000000000000000000000000000000000000000000000000000000000000000000000
310
00000000000000000000000000000000000000000000000000000000000000000000000000000000000000000000000000000000000000000000000000000000000000000000000000000000000000000000000000000000000000000000000000000000000000000000000000000000000000000000000000000000000000
310
00000000000000000000000000000000000000000000000000000000000000000000000000000000000000000000000000000000000000000000000000000000000000000000000000000000000000000000000000000000000000000000000000000000000000000000000000000000000000000000000000000000000000
310
00000000000000000000000000000000000000000000000000000000000000000000000000000000000000000000000000000000000000000000000000000000000000000000000000000000000000000000000000000000000000000000000000000000000000000000000000000000000000000000000000000000000000
310
00000000000000000000000000000000000000000000000000000000000000000000000000000000000000000000000000000000000000000000000000000000000000000000000000000000000000000000000000000000000000000000000000000000000000000000000000000000000000000000000000000000000000
310
00000000000000000000000000000000000000000000000000000000000000000000000000000000000000000000000000000000000000000000000000000000000000000000000000000000000000000000000000000000000000000000000000000000000000000000000000000000000000000000000000000000000000
310
00000000000000000000000000000000000000000000000000000000000000000000000000000000000000000000000000000000000000000000000000000000000000000000000000000000000000000000000000000000000000000000000000000000000000000000000000000000000000000000000000000000000000
310
00000000000000000000000000000000000000000000000000000000000000000000000000000000000000000000000000000000000000000000000000000000000000000000000000000000000000000000000000000000000000000000000000000000000000000000000000000000000000000000000000000000000000
310
00000000000000000000000000000000000000000000000000000000000000000000000000000000000000000000000000000000000000000000000000000000000000000000000000000000000000000000000000000000000000000000000000000000000000000000000000000000000000000000000000000000000000
310
00000000000000000000000000000000000000000000000000000000000000000000000000000000000000000000000000000000000000000000000000000000000000000000000000000000000000000000000000000000000000000000000000000000000000000000000000000000000000000000000000000000000000
310
00000000000000000000000000000000000000000000000000000000000000000000000000000000000000000000000000000000000000000000000000000000000000000000000000000000000000000000000000000000000000000000000000000000000000000000000000000000000000000000000000000000000000
310
00000000000000000000000000000000000000000000000000000000000000000000000000000000000000000000000000000000000000000000000000000000000000000000000000000000000000000000000000000000000000000000000000000000000000000000000000000000000000000000000000000000000000
310
00000000000000000000000000000000000000000000000000000000000000000000000000000000000000000000000000000000000000000000000000000000000000000000000000000000000000000000000000000000000000000000000000000000000000000000000000000000000000000000000000000000000000
310
00000000000000000000000000000000000000000000000000000000000000000000000000000000000000000000000000000000000000000000000000000000000000000000000000000000000000000000000000000000000000000000000000000000000000000000000000000000000000000000000000000000000000
310
00000000000000000000000000000000000000000000000000000000000000000000000000000000000000000000000000000000000000000000000000000000000000000000000000000000000000000000000000000000000000000000000000000000000000000000000000000000000000000000000000000000000000
310
00000000000000000000000000000000000000000000000000000000000000000000000000000000000000000000000000000000000000000000000000000000000000000000000000000000000000000000000000000000000000000000000000000000000000000000000000000000000000000000000000000000000000
310
00000000000000000000000000000000000000000000000000000000000000000000000000000000000000000000000000000000000000000000000000000000000000000000000000000000000000000000000000000000000000000000000000000000000000000000000000000000000000000000000000000000000000
310
00000000000000000000000000000000000000000000000000000000000000000000000000000000000000000000000000000000000000000000000000000000000000000000000000000000000000000000000000000000000000000000000000000000000000000000000000000000000000000000000000000000000000
310
00000000000000000000000000000000000000000000000000000000000000000000000000000000000000000000000000000000000000000000000000000000000000000000000000000000000000000000000000000000000000000000000000000000000000000000000000000000000000000000000000000000000000
310
00000000000000000000000000000000000000000000000000000000000000000000000000000000000000000000000000000000000000000000000000000000000000000000000000000000000000000000000000000000000000000000000000000000000000000000000000000000000000000000000000000000000000
310
00000000000000000000000000000000000000000000000000000000000000000000000000000000000000000000000000000000000000000000000000000000000000000000000000000000000000000000000000000000000000000000000000000000000000000000000000000000000000000000000000000000000000
310
00000000000000000000000000000000000000000000000000000000000000000000000000000000000000000000000000000000000000000000000000000000000000000000000000000000000000000000000000000000000000000000000000000000000000000000000000000000000000000000000000000000000000
310
00000000000000000000000000000000000000000000000000000000000000000000000000000000000000000000000000000000000000000000000000000000000000000000000000000000000000000000000000000000000000000000000000000000000000000000000000000000000000000000000000000000000000
310
00000000000000000000000000000000000000000000000000000000000000000000000000000000000000000000000000000000000000000000000000000000000000000000000000000000000000000000000000000000000000000000000000000000000000000000000000000000000000000000000000000000000000
310
00000000000000000000000000000000000000000000000000000000000000000000000000000000000000000000000000000000000000000000000000000000000000000000000000000000000000000000000000000000000000000000000000000000000000000000000000000000000000000000000000000000000000
310
00000000000000000000000000000000000000000000000000000000000000000000000000000000000000000000000000000000000000000000000000000000000000000000000000000000000000000000000000000000000000000000000000000000000000000000000000000000000000000000000000000000000000
310
00000000000000000000000000000000000000000000000000000000000000000000000000000000000000000000000000000000000000000000000000000000000000000000000000000000000000000000000000000000000000000000000000000000000000000000000000000000000000000000000000000000000000
310
00000000000000000000000000000000000000000000000000000000000000000000000000000000000000000000000000000000000000000000000000000000000000000000000000000000000000000000000000000000000000000000000000000000000000000000000000000000000000000000000000000000000000
310
00000000000000000000000000000000000000000000000000000000000000000000000000000000000000000000000000000000000000000000000000000000000000000000000000000000000000000000000000000000000000000000000000000000000000000000000000000000000000000000000000000000000000
310
00000000000000000000000000000000000000000000000000000000000000000000000000000000000000000000000000000000000000000000000000000000000000000000000000000000000000000000000000000000000000000000000000000000000000000000000000000000000000000000000000000000000000
310
00000000000000000000000000000000000000000000000000000000000000000000000000000000000000000000000000000000000000000000000000000000000000000000000000000000000000000000000000000000000000000000000000000000000000000000000000000000000000000000000000000000000000
310
00000000000000000000000000000000000000000000000000000000000000000000000000000000000000000000000000000000000000000000000000000000000000000000000000000000000000000000000000000000000000000000000000000000000000000000000000000000000000000000000000000000000000
310
00000000000000000000000000000000000000000000000000000000000000000000000000000000000000000000000000000000000000000000000000000000000000000000000000000000000000000000000000000000000000000000000000000000000000000000000000000000000000000000000000000000000000
310
00000000000000000000000000000000000000000000000000000000000000000000000000000000000000000000000000000000000000000000000000000000000000000000000000000000000000000000000000000000000000000000000000000000000000000000000000000000000000000000000000000000000000
310
00000000000000000000000000000000000000000000000000000000000000000000000000000000000000000000000000000000000000000000000000000000000000000000000000000000000000000000000000000000000000000000000000000000000000000000000000000000000000000000000000000000000000
310
00000000000000000000000000000000000000000000000000000000000000000000000000000000000000000000000000000000000000000000000000000000000000000000000000000000000000000000000000000000000000000000000000000000000000000000000000000000000000000000000000000000000000
310
00000000000000000000000000000000000000000000000000000000000000000000000000000000000000000000000000000000000000000000000000000000000000000000000000000000000000000000000000000000000000000000000000000000000000000000000000000000000000000000000000000000000000
310
00000000000000000000000000000000000000000000000000000000000000000000000000000000000000000000000000000000000000000000000000000000000000000000000000000000000000000000000000000000000000000000000000000000000000000000000000000000000000000000000000000000000000
310
00000000000000000000000000000000000000000000000000000000000000000000000000000000000000000000000000000000000000000000000000000000000000000000000000000000000000000000000000000000000000000000000000000000000000000000000000000000000000000000000000000000000000
310
00000000000000000000000000000000000000000000000000000000000000000000000000000000000000000000000000000000000000000000000000000000000000000000000000000000000000000000000000000000000000000000000000000000000000000000000000000000000000000000000000000000000000
310
00000000000000000000000000000000000000000000000000000000000000000000000000000000000000000000000000000000000000000000000000000000000000000000000000000000000000000000000000000000000000000000000000000000000000000000000000000000000000000000000000000000000000
310
00000000000000000000000000000000000000000000000000000000000000000000000000000000000000000000000000000000000000000000000000000000000000000000000000000000000000000000000000000000000000000000000000000000000000000000000000000000000000000000000000000000000000
310
00000000000000000000000000000000000000000000000000000000000000000000000000000000000000000000000000000000000000000000000000000000000000000000000000000000000000000000000000000000000000000000000000000000000000000000000000000000000000000000000000000000000000
310
00000000000000000000000000000000000000000000000000000000000000000000000000000000000000000000000000000000000000000000000000000000000000000000000000000000000000000000000000000000000000000000000000000000000000000000000000000000000000000000000000000000000000
310
00000000000000000000000000000000000000000000000000000000000000000000000000000000000000000000000000000000000000000000000000000000000000000000000000000000000000000000000000000000000000000000000000000000000000000000000000000000000000000000000000000000000000
310
00000000000000000000000000000000000000000000000000000000000000000000000000000000000000000000000000000000000000000000000000000000000000000000000000000000000000000000000000000000000000000000000000000000000000000000000000000000000000000000000000000000000000
310
00000000000000000000000000000000000000000000000000000000000000000000000000000000000000000000000000000000000000000000000000000000000000000000000000000000000000000000000000000000000000000000000000000000000000000000000000000000000000000000000000000000000000
310
00000000000000000000000000000000000000000000000000000000000000000000000000000000000000000000000000000000000000000000000000000000000000000000000000000000000000000000000000000000000000000000000000000000000000000000000000000000000000000000000000000000000000
310
00000000000000000000000000000000000000000000000000000000000000000000000000000000000000000000000000000000000000000000000000000000000000000000000000000000000000000000000000000000000000000000000000000000000000000000000000000000000000000000000000000000000000
310
00000000000000000000000000000000000000000000000000000000000000000000000000000000000000000000000000000000000000000000000000000000000000000000000000000000000000000000000000000000000000000000000000000000000000000000000000000000000000000000000000000000000000
310
00000000000000000000000000000000000000000000000000000000000000000000000000000000000000000000000000000000000000000000000000000000000000000000000000000000000000000000000000000000000000000000000000000000000000000000000000000000000000000000000000000000000000
310
00000000000000000000000000000000000000000000000000000000000000000000000000000000000000000000000000000000000000000000000000000000000000000000000000000000000000000000000000000000000000000000000000000000000000000000000000000000000000000000000000000000000000
310
00000000000000000000000000000000000000000000000000000000000000000000000000000000000000000000000000000000000000000000000000000000000000000000000000000000000000000000000000000000000000000000000000000000000000000000000000000000000000000000000000000000000000
310
00000000000000000000000000000000000000000000000000000000000000000000000000000000000000000000000000000000000000000000000000000000000000000000000000000000000000000000000000000000000000000000000000000000000000000000000000000000000000000000000000000000000000
310
00000000000000000000000000000000000000000000000000000000000000000000000000000000000000000000000000000000000000000000000000000000000000000000000000000000000000000000000000000000000000000000000000000000000000000000000000000000000000000000000000000000000000
310
00000000000000000000000000000000000000000000000000000000000000000000000000000000000000000000000000000000000000000000000000000000000000000000000000000000000000000000000000000000000000000000000000000000000000000000000000000000000000000000000000000000000000
310
00000000000000000000000000000000000000000000000000000000000000000000000000000000000000000000000000000000000000000000000000000000000000000000000000000000000000000000000000000000000000000000000000000000000000000000000000000000000000000000000000000000000000
310
00000000000000000000000000000000000000000000000000000000000000000000000000000000000000000000000000000000000000000000000000000000000000000000000000000000000000000000000000000000000000000000000000000000000000000000000000000000000000000000000000000000000000
310
00000000000000000000000000000000000000000000000000000000000000000000000000000000000000000000000000000000000000000000000000000000000000000000000000000000000000000000000000000000000000000000000000000000000000000000000000000000000000000000000000000000000000
310
00000000000000000000000000000000000000000000000000000000000000000000000000000000000000000000000000000000000000000000000000000000000000000000000000000000000000000000000000000000000000000000000000000000000000000000000000000000000000000000000000000000000000
310
00000000000000000000000000000000000000000000000000000000000000000000000000000000000000000000000000000000000000000000000000000000000000000000000000000000000000000000000000000000000000000000000000000000000000000000000000000000000000000000000000000000000000
310
00000000000000000000000000000000000000000000000000000000000000000000000000000000000000000000000000000000000000000000000000000000000000000000000000000000000000000000000000000000000000000000000000000000000000000000000000000000000000000000000000000000000000
310
00000000000000000000000000000000000000000000000000000000000000000000000000000000000000000000000000000000000000000000000000000000000000000000000000000000000000000000000000000000000000000000000000000000000000000000000000000000000000000000000000000000000000
310
00000000000000000000000000000000000000000000000000000000000000000000000000000000000000000000000000000000000000000000000000000000000000000000000000000000000000000000000000000000000000000000000000000000000000000000000000000000000000000000000000000000000000
310
00000000000000000000000000000000000000000000000000000000000000000000000000000000000000000000000000000000000000000000000000000000000000000000000000000000000000000000000000000000000000000000000000000000000000000000000000000000000000000000000000000000000000
310
00000000000000000000000000000000000000000000000000000000000000000000000000000000000000000000000000000000000000000000000000000000000000000000000000000000000000000000000000000000000000000000000000000000000000000000000000000000000000000000000000000000000000
310
00000000000000000000000000000000000000000000000000000000000000000000000000000000000000000000000000000000000000000000000000000000000000000000000000000000000000000000000000000000000000000000000000000000000000000000000000000000000000000000000000000000000000
310
00000000000000000000000000000000000000000000000000000000000000000000000000000000000000000000000000000000000000000000000000000000000000000000000000000000000000000000000000000000000000000000000000000000000000000000000000000000000000000000000000000000000000
310
00000000000000000000000000000000000000000000000000000000000000000000000000000000000000000000000000000000000000000000000000000000000000000000000000000000000000000000000000000000000000000000000000000000000000000000000000000000000000000000000000000000000000
310
00000000000000000000000000000000000000000000000000000000000000000000000000000000000000000000000000000000000000000000000000000000000000000000000000000000000000000000000000000000000000000000000000000000000000000000000000000000000000000000000000000000000000
310
00000000000000000000000000000000000000000000000000000000000000000000000000000000000000000000000000000000000000000000000000000000000000000000000000000000000000000000000000000000000000000000000000000000000000000000000000000000000000000000000000000000000000
310
00000000000000000000000000000000000000000000000000000000000000000000000000000000000000000000000000000000000000000000000000000000000000000000000000000000000000000000000000000000000000000000000000000000000000000000000000000000000000000000000000000000000000
310
00000000000000000000000000000000000000000000000000000000000000000000000000000000000000000000000000000000000000000000000000000000000000000000000000000000000000000000000000000000000000000000000000000000000000000000000000000000000000000000000000000000000000
310
00000000000000000000000000000000000000000000000000000000000000000000000000000000000000000000000000000000000000000000000000000000000000000000000000000000000000000000000000000000000000000000000000000000000000000000000000000000000000000000000000000000000000
310
00000000000000000000000000000000000000000000000000000000000000000000000000000000000000000000000000000000000000000000000000000000000000000000000000000000000000000000000000000000000000000000000000000000000000000000000000000000000000000000000000000000000000
310
00000000000000000000000000000000000000000000000000000000000000000000000000000000000000000000000000000000000000000000000000000000000000000000000000000000000000000000000000000000000000000000000000000000000000000000000000000000000000000000000000000000000000
310
00000000000000000000000000000000000000000000000000000000000000000000000000000000000000000000000000000000000000000000000000000000000000000000000000000000000000000000000000000000000000000000000000000000000000000000000000000000000000000000000000000000000000
310
00000000000000000000000000000000000000000000000000000000000000000000000000000000000000000000000000000000000000000000000000000000000000000000000000000000000000000000000000000000000000000000000000000000000000000000000000000000000000000000000000000000000000
310
00000000000000000000000000000000000000000000000000000000000000000000000000000000000000000000000000000000000000000000000000000000000000000000000000000000000000000000000000000000000000000000000000000000000000000000000000000000000000000000000000000000000000
310
00000000000000000000000000000000000000000000000000000000000000000000000000000000000000000000000000000000000000000000000000000000000000000000000000000000000000000000000000000000000000000000000000000000000000000000000000000000000000000000000000000000000000
310
00000000000000000000000000000000000000000000000000000000000000000000000000000000000000000000000000000000000000000000000000000000000000000000000000000000000000000000000000000000000000000000000000000000000000000000000000000000000000000000000000000000000000
310
00000000000000000000000000000000000000000000000000000000000000000000000000000000000000000000000000000000000000000000000000000000000000000000000000000000000000000000000000000000000000000000000000000000000000000000000000000000000000000000000000000000000000
310
00000000000000000000000000000000000000000000000000000000000000000000000000000000000000000000000000000000000000000000000000000000000000000000000000000000000000000000000000000000000000000000000000000000000000000000000000000000000000000000000000000000000000
310
00000000000000000000000000000000000000000000000000000000000000000000000000000000000000000000000000000000000000000000000000000000000000000000000000000000000000000000000000000000000000000000000000000000000000000000000000000000000000000000000000000000000000
310
00000000000000000000000000000000000000000000000000000000000000000000000000000000000000000000000000000000000000000000000000000000000000000000000000000000000000000000000000000000000000000000000000000000000000000000000000000000000000000000000000000000000000
310
00000000000000000000000000000000000000000000000000000000000000000000000000000000000000000000000000000000000000000000000000000000000000000000000000000000000000000000000000000000000000000000000000000000000000000000000000000000000000000000000000000000000000
310
00000000000000000000000000000000000000000000000000000000000000000000000000000000000000000000000000000000000000000000000000000000000000000000000000000000000000000000000000000000000000000000000000000000000000000000000000000000000000000000000000000000000000
310
00000000000000000000000000000000000000000000000000000000000000000000000000000000000000000000000000000000000000000000000000000000000000000000000000000000000000000000000000000000000000000000000000000000000000000000000000000000000000000000000000000000000000
310
00000000000000000000000000000000000000000000000000000000000000000000000000000000000000000000000000000000000000000000000000000000000000000000000000000000000000000000000000000000000000000000000000000000000000000000000000000000000000000000000000000000000000
310
00000000000000000000000000000000000000000000000000000000000000000000000000000000000000000000000000000000000000000000000000000000000000000000000000000000000000000000000000000000000000000000000000000000000000000000000000000000000000000000000000000000000000
310
00000000000000000000000000000000000000000000000000000000000000000000000000000000000000000000000000000000000000000000000000000000000000000000000000000000000000000000000000000000000000000000000000000000000000000000000000000000000000000000000000000000000000
310
00000000000000000000000000000000000000000000000000000000000000000000000000000000000000000000000000000000000000000000000000000000000000000000000000000000000000000000000000000000000000000000000000000000000000000000000000000000000000000000000000000000000000
310
00000000000000000000000000000000000000000000000000000000000000000000000000000000000000000000000000000000000000000000000000000000000000000000000000000000000000000000000000000000000000000000000000000000000000000000000000000000000000000000000000000000000000
310
00000000000000000000000000000000000000000000000000000000000000000000000000000000000000000000000000000000000000000000000000000000000000000000000000000000000000000000000000000000000000000000000000000000000000000000000000000000000000000000000000000000000000
310
00000000000000000000000000000000000000000000000000000000000000000000000000000000000000000000000000000000000000000000000000000000000000000000000000000000000000000000000000000000000000000000000000000000000000000000000000000000000000000000000000000000000000
310
00000000000000000000000000000000000000000000000000000000000000000000000000000000000000000000000000000000000000000000000000000000000000000000000000000000000000000000000000000000000000000000000000000000000000000000000000000000000000000000000000000000000000
310
00000000000000000000000000000000000000000000000000000000000000000000000000000000000000000000000000000000000000000000000000000000000000000000000000000000000000000000000000000000000000000000000000000000000000000000000000000000000000000000000000000000000000
310
00000000000000000000000000000000000000000000000000000000000000000000000000000000000000000000000000000000000000000000000000000000000000000000000000000000000000000000000000000000000000000000000000000000000000000000000000000000000000000000000000000000000000
310
00000000000000000000000000000000000000000000000000000000000000000000000000000000000000000000000000000000000000000000000000000000000000000000000000000000000000000000000000000000000000000000000000000000000000000000000000000000000000000000000000000000000000
310
00000000000000000000000000000000000000000000000000000000000000000000000000000000000000000000000000000000000000000000000000000000000000000000000000000000000000000000000000000000000000000000000000000000000000000000000000000000000000000000000000000000000000
310
00000000000000000000000000000000000000000000000000000000000000000000000000000000000000000000000000000000000000000000000000000000000000000000000000000000000000000000000000000000000000000000000000000000000000000000000000000000000000000000000000000000000000
310
00000000000000000000000000000000000000000000000000000000000000000000000000000000000000000000000000000000000000000000000000000000000000000000000000000000000000000000000000000000000000000000000000000000000000000000000000000000000000000000000000000000000000
310
00000000000000000000000000000000000000000000000000000000000000000000000000000000000000000000000000000000000000000000000000000000000000000000000000000000000000000000000000000000000000000000000000000000000000000000000000000000000000000000000000000000000000
310
00000000000000000000000000000000000000000000000000000000000000000000000000000000000000000000000000000000000000000000000000000000000000000000000000000000000000000000000000000000000000000000000000000000000000000000000000000000000000000000000000000000000000
310
00000000000000000000000000000000000000000000000000000000000000000000000000000000000000000000000000000000000000000000000000000000000000000000000000000000000000000000000000000000000000000000000000000000000000000000000000000000000000000000000000000000000000
310
00000000000000000000000000000000000000000000000000000000000000000000000000000000000000000000000000000000000000000000000000000000000000000000000000000000000000000000000000000000000000000000000000000000000000000000000000000000000000000000000000000000000000
310
00000000000000000000000000000000000000000000000000000000000000000000000000000000000000000000000000000000000000000000000000000000000000000000000000000000000000000000000000000000000000000000000000000000000000000000000000000000000000000000000000000000000000
310
00000000000000000000000000000000000000000000000000000000000000000000000000000000000000000000000000000000000000000000000000000000000000000000000000000000000000000000000000000000000000000000000000000000000000000000000000000000000000000000000000000000000000
310
00000000000000000000000000000000000000000000000000000000000000000000000000000000000000000000000000000000000000000000000000000000000000000000000000000000000000000000000000000000000000000000000000000000000000000000000000000000000000000000000000000000000000
310
00000000000000000000000000000000000000000000000000000000000000000000000000000000000000000000000000000000000000000000000000000000000000000000000000000000000000000000000000000000000000000000000000000000000000000000000000000000000000000000000000000000000000
310
00000000000000000000000000000000000000000000000000000000000000000000000000000000000000000000000000000000000000000000000000000000000000000000000000000000000000000000000000000000000000000000000000000000000000000000000000000000000000000000000000000000000000
310
00000000000000000000000000000000000000000000000000000000000000000000000000000000000000000000000000000000000000000000000000000000000000000000000000000000000000000000000000000000000000000000000000000000000000000000000000000000000000000000000000000000000000
310
00000000000000000000000000000000000000000000000000000000000000000000000000000000000000000000000000000000000000000000000000000000000000000000000000000000000000000000000000000000000000000000000000000000000000000000000000000000000000000000000000000000000000
310
00000000000000000000000000000000000000000000000000000000000000000000000000000000000000000000000000000000000000000000000000000000000000000000000000000000000000000000000000000000000000000000000000000000000000000000000000000000000000000000000000000000000000
310
00000000000000000000000000000000000000000000000000000000000000000000000000000000000000000000000000000000000000000000000000000000000000000000000000000000000000000000000000000000000000000000000000000000000000000000000000000000000000000000000000000000000000
310
00000000000000000000000000000000000000000000000000000000000000000000000000000000000000000000000000000000000000000000000000000000000000000000000000000000000000000000000000000000000000000000000000000000000000000000000000000000000000000000000000000000000000
310
00000000000000000000000000000000000000000000000000000000000000000000000000000000000000000000000000000000000000000000000000000000000000000000000000000000000000000000000000000000000000000000000000000000000000000000000000000000000000000000000000000000000000
310
00000000000000000000000000000000000000000000000000000000000000000000000000000000000000000000000000000000000000000000000000000000000000000000000000000000000000000000000000000000000000000000000000000000000000000000000000000000000000000000000000000000000000
310
00000000000000000000000000000000000000000000000000000000000000000000000000000000000000000000000000000000000000000000000000000000000000000000000000000000000000000000000000000000000000000000000000000000000000000000000000000000000000000000000000000000000000
310
00000000000000000000000000000000000000000000000000000000000000000000000000000000000000000000000000000000000000000000000000000000000000000000000000000000000000000000000000000000000000000000000000000000000000000000000000000000000000000000000000000000000000
310
00000000000000000000000000000000000000000000000000000000000000000000000000000000000000000000000000000000000000000000000000000000000000000000000000000000000000000000000000000000000000000000000000000000000000000000000000000000000000000000000000000000000000
310
00000000000000000000000000000000000000000000000000000000000000000000000000000000000000000000000000000000000000000000000000000000000000000000000000000000000000000000000000000000000000000000000000000000000000000000000000000000000000000000000000000000000000
310
00000000000000000000000000000000000000000000000000000000000000000000000000000000000000000000000000000000000000000000000000000000000000000000000000000000000000000000000000000000000000000000000000000000000000000000000000000000000000000000000000000000000000
310
00000000000000000000000000000000000000000000000000000000000000000000000000000000000000000000000000000000000000000000000000000000000000000000000000000000000000000000000000000000000000000000000000000000000000000000000000000000000000000000000000000000000000
310
00000000000000000000000000000000000000000000000000000000000000000000000000000000000000000000000000000000000000000000000000000000000000000000000000000000000000000000000000000000000000000000000000000000000000000000000000000000000000000000000000000000000000
310
00000000000000000000000000000000000000000000000000000000000000000000000000000000000000000000000000000000000000000000000000000000000000000000000000000000000000000000000000000000000000000000000000000000000000000000000000000000000000000000000000000000000000
310
00000000000000000000000000000000000000000000000000000000000000000000000000000000000000000000000000000000000000000000000000000000000000000000000000000000000000000000000000000000000000000000000000000000000000000000000000000000000000000000000000000000000000
310
00000000000000000000000000000000000000000000000000000000000000000000000000000000000000000000000000000000000000000000000000000000000000000000000000000000000000000000000000000000000000000000000000000000000000000000000000000000000000000000000000000000000000
310
00000000000000000000000000000000000000000000000000000000000000000000000000000000000000000000000000000000000000000000000000000000000000000000000000000000000000000000000000000000000000000000000000000000000000000000000000000000000000000000000000000000000000
310
00000000000000000000000000000000000000000000000000000000000000000000000000000000000000000000000000000000000000000000000000000000000000000000000000000000000000000000000000000000000000000000000000000000000000000000000000000000000000000000000000000000000000
310
00000000000000000000000000000000000000000000000000000000000000000000000000000000000000000000000000000000000000000000000000000000000000000000000000000000000000000000000000000000000000000000000000000000000000000000000000000000000000000000000000000000000000
310
00000000000000000000000000000000000000000000000000000000000000000000000000000000000000000000000000000000000000000000000000000000000000000000000000000000000000000000000000000000000000000000000000000000000000000000000000000000000000000000000000000000000000
310
00000000000000000000000000000000000000000000000000000000000000000000000000000000000000000000000000000000000000000000000000000000000000000000000000000000000000000000000000000000000000000000000000000000000000000000000000000000000000000000000000000000000000
310
00000000000000000000000000000000000000000000000000000000000000000000000000000000000000000000000000000000000000000000000000000000000000000000000000000000000000000000000000000000000000000000000000000000000000000000000000000000000000000000000000000000000000
310
00000000000000000000000000000000000000000000000000000000000000000000000000000000000000000000000000000000000000000000000000000000000000000000000000000000000000000000000000000000000000000000000000000000000000000000000000000000000000000000000000000000000000
310
00000000000000000000000000000000000000000000000000000000000000000000000000000000000000000000000000000000000000000000000000000000000000000000000000000000000000000000000000000000000000000000000000000000000000000000000000000000000000000000000000000000000000
310
00000000000000000000000000000000000000000000000000000000000000000000000000000000000000000000000000000000000000000000000000000000000000000000000000000000000000000000000000000000000000000000000000000000000000000000000000000000000000000000000000000000000000
310
00000000000000000000000000000000000000000000000000000000000000000000000000000000000000000000000000000000000000000000000000000000000000000000000000000000000000000000000000000000000000000000000000000000000000000000000000000000000000000000000000000000000000
310
00000000000000000000000000000000000000000000000000000000000000000000000000000000000000000000000000000000000000000000000000000000000000000000000000000000000000000000000000000000000000000000000000000000000000000000000000000000000000000000000000000000000000
310
00000000000000000000000000000000000000000000000000000000000000000000000000000000000000000000000000000000000000000000000000000000000000000000000000000000000000000000000000000000000000000000000000000000000000000000000000000000000000000000000000000000000000
310
00000000000000000000000000000000000000000000000000000000000000000000000000000000000000000000000000000000000000000000000000000000000000000000000000000000000000000000000000000000000000000000000000000000000000000000000000000000000000000000000000000000000000
310
00000000000000000000000000000000000000000000000000000000000000000000000000000000000000000000000000000000000000000000000000000000000000000000000000000000000000000000000000000000000000000000000000000000000000000000000000000000000000000000000000000000000000
310
00000000000000000000000000000000000000000000000000000000000000000000000000000000000000000000000000000000000000000000000000000000000000000000000000000000000000000000000000000000000000000000000000000000000000000000000000000000000000000000000000000000000000
310
00000000000000000000000000000000000000000000000000000000000000000000000000000000000000000000000000000000000000000000000000000000000000000000000000000000000000000000000000000000000000000000000000000000000000000000000000000000000000000000000000000000000000
310
00000000000000000000000000000000000000000000000000000000000000000000000000000000000000000000000000000000000000000000000000000000000000000000000000000000000000000000000000000000000000000000000000000000000000000000000000000000000000000000000000000000000000
310
00000000000000000000000000000000000000000000000000000000000000000000000000000000000000000000000000000000000000000000000000000000000000000000000000000000000000000000000000000000000000000000000000000000000000000000000000000000000000000000000000000000000000
310
00000000000000000000000000000000000000000000000000000000000000000000000000000000000000000000000000000000000000000000000000000000000000000000000000000000000000000000000000000000000000000000000000000000000000000000000000000000000000000000000000000000000000
310
00000000000000000000000000000000000000000000000000000000000000000000000000000000000000000000000000000000000000000000000000000000000000000000000000000000000000000000000000000000000000000000000000000000000000000000000000000000000000000000000000000000000000
310
00000000000000000000000000000000000000000000000000000000000000000000000000000000000000000000000000000000000000000000000000000000000000000000000000000000000000000000000000000000000000000000000000000000000000000000000000000000000000000000000000000000000000
310
00000000000000000000000000000000000000000000000000000000000000000000000000000000000000000000000000000000000000000000000000000000000000000000000000000000000000000000000000000000000000000000000000000000000000000000000000000000000000000000000000000000000000
310
00000000000000000000000000000000000000000000000000000000000000000000000000000000000000000000000000000000000000000000000000000000000000000000000000000000000000000000000000000000000000000000000000000000000000000000000000000000000000000000000000000000000000
310
00000000000000000000000000000000000000000000000000000000000000000000000000000000000000000000000000000000000000000000000000000000000000000000000000000000000000000000000000000000000000000000000000000000000000000000000000000000000000000000000000000000000000
310
00000000000000000000000000000000000000000000000000000000000000000000000000000000000000000000000000000000000000000000000000000000000000000000000000000000000000000000000000000000000000000000000000000000000000000000000000000000000000000000000000000000000000
310
00000000000000000000000000000000000000000000000000000000000000000000000000000000000000000000000000000000000000000000000000000000000000000000000000000000000000000000000000000000000000000000000000000000000000000000000000000000000000000000000000000000000000
310
00000000000000000000000000000000000000000000000000000000000000000000000000000000000000000000000000000000000000000000000000000000000000000000000000000000000000000000000000000000000000000000000000000000000000000000000000000000000000000000000000000000000000
310
00000000000000000000000000000000000000000000000000000000000000000000000000000000000000000000000000000000000000000000000000000000000000000000000000000000000000000000000000000000000000000000000000000000000000000000000000000000000000000000000000000000000000
310
00000000000000000000000000000000000000000000000000000000000000000000000000000000000000000000000000000000000000000000000000000000000000000000000000000000000000000000000000000000000000000000000000000000000000000000000000000000000000000000000000000000000000
310
00000000000000000000000000000000000000000000000000000000000000000000000000000000000000000000000000000000000000000000000000000000000000000000000000000000000000000000000000000000000000000000000000000000000000000000000000000000000000000000000000000000000000
310
00000000000000000000000000000000000000000000000000000000000000000000000000000000000000000000000000000000000000000000000000000000000000000000000000000000000000000000000000000000000000000000000000000000000000000000000000000000000000000000000000000000000000
310
00000000000000000000000000000000000000000000000000000000000000000000000000000000000000000000000000000000000000000000000000000000000000000000000000000000000000000000000000000000000000000000000000000000000000000000000000000000000000000000000000000000000000
310
00000000000000000000000000000000000000000000000000000000000000000000000000000000000000000000000000000000000000000000000000000000000000000000000000000000000000000000000000000000000000000000000000000000000000000000000000000000000000000000000000000000000000
310
00000000000000000000000000000000000000000000000000000000000000000000000000000000000000000000000000000000000000000000000000000000000000000000000000000000000000000000000000000000000000000000000000000000000000000000000000000000000000000000000000000000000000
310
00000000000000000000000000000000000000000000000000000000000000000000000000000000000000000000000000000000000000000000000000000000000000000000000000000000000000000000000000000000000000000000000000000000000000000000000000000000000000000000000000000000000000
310
00000000000000000000000000000000000000000000000000000000000000000000000000000000000000000000000000000000000000000000000000000000000000000000000000000000000000000000000000000000000000000000000000000000000000000000000000000000000000000000000000000000000000
310
00000000000000000000000000000000000000000000000000000000000000000000000000000000000000000000000000000000000000000000000000000000000000000000000000000000000000000000000000000000000000000000000000000000000000000000000000000000000000000000000000000000000000
310
00000000000000000000000000000000000000000000000000000000000000000000000000000000000000000000000000000000000000000000000000000000000000000000000000000000000000000000000000000000000000000000000000000000000000000000000000000000000000000000000000000000000000
310
00000000000000000000000000000000000000000000000000000000000000000000000000000000000000000000000000000000000000000000000000000000000000000000000000000000000000000000000000000000000000000000000000000000000000000000000000000000000000000000000000000000000000
310
00000000000000000000000000000000000000000000000000000000000000000000000000000000000000000000000000000000000000000000000000000000000000000000000000000000000000000000000000000000000000000000000000000000000000000000000000000000000000000000000000000000000000
310
00000000000000000000000000000000000000000000000000000000000000000000000000000000000000000000000000000000000000000000000000000000000000000000000000000000000000000000000000000000000000000000000000000000000000000000000000000000000000000000000000000000000000
310
00000000000000000000000000000000000000000000000000000000000000000000000000000000000000000000000000000000000000000000000000000000000000000000000000000000000000000000000000000000000000000000000000000000000000000000000000000000000000000000000000000000000000
310
00000000000000000000000000000000000000000000000000000000000000000000000000000000000000000000000000000000000000000000000000000000000000000000000000000000000000000000000000000000000000000000000000000000000000000000000000000000000000000000000000000000000000
310
00000000000000000000000000000000000000000000000000000000000000000000000000000000000000000000000000000000000000000000000000000000000000000000000000000000000000000000000000000000000000000000000000000000000000000000000000000000000000000000000000000000000000
310
00000000000000000000000000000000000000000000000000000000000000000000000000000000000000000000000000000000000000000000000000000000000000000000000000000000000000000000000000000000000000000000000000000000000000000000000000000000000000000000000000000000000000
310
00000000000000000000000000000000000000000000000000000000000000000000000000000000000000000000000000000000000000000000000000000000000000000000000000000000000000000000000000000000000000000000000000000000000000000000000000000000000000000000000000000000000000
310
00000000000000000000000000000000000000000000000000000000000000000000000000000000000000000000000000000000000000000000000000000000000000000000000000000000000000000000000000000000000000000000000000000000000000000000000000000000000000000000000000000000000000
310
00000000000000000000000000000000000000000000000000000000000000000000000000000000000000000000000000000000000000000000000000000000000000000000000000000000000000000000000000000000000000000000000000000000000000000000000000000000000000000000000000000000000000
310
00000000000000000000000000000000000000000000000000000000000000000000000000000000000000000000000000000000000000000000000000000000000000000000000000000000000000000000000000000000000000000000000000000000000000000000000000000000000000000000000000000000000000
310
00000000000000000000000000000000000000000000000000000000000000000000000000000000000000000000000000000000000000000000000000000000000000000000000000000000000000000000000000000000000000000000000000000000000000000000000000000000000000000000000000000000000000
310
00000000000000000000000000000000000000000000000000000000000000000000000000000000000000000000000000000000000000000000000000000000000000000000000000000000000000000000000000000000000000000000000000000000000000000000000000000000000000000000000000000000000000
310
00000000000000000000000000000000000000000000000000000000000000000000000000000000000000000000000000000000000000000000000000000000000000000000000000000000000000000000000000000000000000000000000000000000000000000000000000000000000000000000000000000000000000
310
00000000000000000000000000000000000000000000000000000000000000000000000000000000000000000000000000000000000000000000000000000000000000000000000000000000000000000000000000000000000000000000000000000000000000000000000000000000000000000000000000000000000000
310
00000000000000000000000000000000000000000000000000000000000000000000000000000000000000000000000000000000000000000000000000000000000000000000000000000000000000000000000000000000000000000000000000000000000000000000000000000000000000000000000000000000000000
310
00000000000000000000000000000000000000000000000000000000000000000000000000000000000000000000000000000000000000000000000000000000000000000000000000000000000000000000000000000000000000000000000000000000000000000000000000000000000000000000000000000000000000
310
00000000000000000000000000000000000000000000000000000000000000000000000000000000000000000000000000000000000000000000000000000000000000000000000000000000000000000000000000000000000000000000000000000000000000000000000000000000000000000000000000000000000000
310
00000000000000000000000000000000000000000000000000000000000000000000000000000000000000000000000000000000000000000000000000000000000000000000000000000000000000000000000000000000000000000000000000000000000000000000000000000000000000000000000000000000000000
310
00000000000000000000000000000000000000000000000000000000000000000000000000000000000000000000000000000000000000000000000000000000000000000000000000000000000000000000000000000000000000000000000000000000000000000000000000000000000000000000000000000000000000
310
00000000000000000000000000000000000000000000000000000000000000000000000000000000000000000000000000000000000000000000000000000000000000000000000000000000000000000000000000000000000000000000000000000000000000000000000000000000000000000000000000000000000000
310
00000000000000000000000000000000000000000000000000000000000000000000000000000000000000000000000000000000000000000000000000000000000000000000000000000000000000000000000000000000000000000000000000000000000000000000000000000000000000000000000000000000000000
310
00000000000000000000000000000000000000000000000000000000000000000000000000000000000000000000000000000000000000000000000000000000000000000000000000000000000000000000000000000000000000000000000000000000000000000000000000000000000000000000000000000000000000
310
00000000000000000000000000000000000000000000000000000000000000000000000000000000000000000000000000000000000000000000000000000000000000000000000000000000000000000000000000000000000000000000000000000000000000000000000000000000000000000000000000000000000000
310
00000000000000000000000000000000000000000000000000000000000000000000000000000000000000000000000000000000000000000000000000000000000000000000000000000000000000000000000000000000000000000000000000000000000000000000000000000000000000000000000000000000000000
310
00000000000000000000000000000000000000000000000000000000000000000000000000000000000000000000000000000000000000000000000000000000000000000000000000000000000000000000000000000000000000000000000000000000000000000000000000000000000000000000000000000000000000
310
00000000000000000000000000000000000000000000000000000000000000000000000000000000000000000000000000000000000000000000000000000000000000000000000000000000000000000000000000000000000000000000000000000000000000000000000000000000000000000000000000000000000000
310
00000000000000000000000000000000000000000000000000000000000000000000000000000000000000000000000000000000000000000000000000000000000000000000000000000000000000000000000000000000000000000000000000000000000000000000000000000000000000000000000000000000000000
310
00000000000000000000000000000000000000000000000000000000000000000000000000000000000000000000000000000000000000000000000000000000000000000000000000000000000000000000000000000000000000000000000000000000000000000000000000000000000000000000000000000000000000
310
00000000000000000000000000000000000000000000000000000000000000000000000000000000000000000000000000000000000000000000000000000000000000000000000000000000000000000000000000000000000000000000000000000000000000000000000000000000000000000000000000000000000000
310
00000000000000000000000000000000000000000000000000000000000000000000000000000000000000000000000000000000000000000000000000000000000000000000000000000000000000000000000000000000000000000000000000000000000000000000000000000000000000000000000000000000000000
310
00000000000000000000000000000000000000000000000000000000000000000000000000000000000000000000000000000000000000000000000000000000000000000000000000000000000000000000000000000000000000000000000000000000000000000000000000000000000000000000000000000000000000
310
00000000000000000000000000000000000000000000000000000000000000000000000000000000000000000000000000000000000000000000000000000000000000000000000000000000000000000000000000000000000000000000000000000000000000000000000000000000000000000000000000000000000000
310
00000000000000000000000000000000000000000000000000000000000000000000000000000000000000000000000000000000000000000000000000000000000000000000000000000000000000000000000000000000000000000000000000000000000000000000000000000000000000000000000000000000000000
310
00000000000000000000000000000000000000000000000000000000000000000000000000000000000000000000000000000000000000000000000000000000000000000000000000000000000000000000000000000000000000000000000000000000000000000000000000000000000000000000000000000000000000
310
00000000000000000000000000000000000000000000000000000000000000000000000000000000000000000000000000000000000000000000000000000000000000000000000000000000000000000000000000000000000000000000000000000000000000000000000000000000000000000000000000000000000000
310
00000000000000000000000000000000000000000000000000000000000000000000000000000000000000000000000000000000000000000000000000000000000000000000000000000000000000000000000000000000000000000000000000000000000000000000000000000000000000000000000000000000000000
310
00000000000000000000000000000000000000000000000000000000000000000000000000000000000000000000000000000000000000000000000000000000000000000000000000000000000000000000000000000000000000000000000000000000000000000000000000000000000000000000000000000000000000
310
00000000000000000000000000000000000000000000000000000000000000000000000000000000000000000000000000000000000000000000000000000000000000000000000000000000000000000000000000000000000000000000000000000000000000000000000000000000000000000000000000000000000000
310
00000000000000000000000000000000000000000000000000000000000000000000000000000000000000000000000000000000000000000000000000000000000000000000000000000000000000000000000000000000000000000000000000000000000000000000000000000000000000000000000000000000000000
310
00000000000000000000000000000000000000000000000000000000000000000000000000000000000000000000000000000000000000000000000000000000000000000000000000000000000000000000000000000000000000000000000000000000000000000000000000000000000000000000000000000000000000
310
00000000000000000000000000000000000000000000000000000000000000000000000000000000000000000000000000000000000000000000000000000000000000000000000000000000000000000000000000000000000000000000000000000000000000000000000000000000000000000000000000000000000000
310
00000000000000000000000000000000000000000000000000000000000000000000000000000000000000000000000000000000000000000000000000000000000000000000000000000000000000000000000000000000000000000000000000000000000000000000000000000000000000000000000000000000000000
310
00000000000000000000000000000000000000000000000000000000000000000000000000000000000000000000000000000000000000000000000000000000000000000000000000000000000000000000000000000000000000000000000000000000000000000000000000000000000000000000000000000000000000
310
00000000000000000000000000000000000000000000000000000000000000000000000000000000000000000000000000000000000000000000000000000000000000000000000000000000000000000000000000000000000000000000000000000000000000000000000000000000000000000000000000000000000000
310
00000000000000000000000000000000000000000000000000000000000000000000000000000000000000000000000000000000000000000000000000000000000000000000000000000000000000000000000000000000000000000000000000000000000000000000000000000000000000000000000000000000000000
310
00000000000000000000000000000000000000000000000000000000000000000000000000000000000000000000000000000000000000000000000000000000000000000000000000000000000000000000000000000000000000000000000000000000000000000000000000000000000000000000000000000000000000
310
00000000000000000000000000000000000000000000000000000000000000000000000000000000000000000000000000000000000000000000000000000000000000000000000000000000000000000000000000000000000000000000000000000000000000000000000000000000000000000000000000000000000000
310
00000000000000000000000000000000000000000000000000000000000000000000000000000000000000000000000000000000000000000000000000000000000000000000000000000000000000000000000000000000000000000000000000000000000000000000000000000000000000000000000000000000000000
310
00000000000000000000000000000000000000000000000000000000000000000000000000000000000000000000000000000000000000000000000000000000000000000000000000000000000000000000000000000000000000000000000000000000000000000000000000000000000000000000000000000000000000
310
00000000000000000000000000000000000000000000000000000000000000000000000000000000000000000000000000000000000000000000000000000000000000000000000000000000000000000000000000000000000000000000000000000000000000000000000000000000000000000000000000000000000000
310
00000000000000000000000000000000000000000000000000000000000000000000000000000000000000000000000000000000000000000000000000000000000000000000000000000000000000000000000000000000000000000000000000000000000000000000000000000000000000000000000000000000000000
310
00000000000000000000000000000000000000000000000000000000000000000000000000000000000000000000000000000000000000000000000000000000000000000000000000000000000000000000000000000000000000000000000000000000000000000000000000000000000000000000000000000000000000
310
00000000000000000000000000000000000000000000000000000000000000000000000000000000000000000000000000000000000000000000000000000000000000000000000000000000000000000000000000000000000000000000000000000000000000000000000000000000000000000000000000000000000000
310
00000000000000000000000000000000000000000000000000000000000000000000000000000000000000000000000000000000000000000000000000000000000000000000000000000000000000000000000000000000000000000000000000000000000000000000000000000000000000000000000000000000000000
310
00000000000000000000000000000000000000000000000000000000000000000000000000000000000000000000000000000000000000000000000000000000000000000000000000000000000000000000000000000000000000000000000000000000000000000000000000000000000000000000000000000000000000
310
00000000000000000000000000000000000000000000000000000000000000000000000000000000000000000000000000000000000000000000000000000000000000000000000000000000000000000000000000000000000000000000000000000000000000000000000000000000000000000000000000000000000000
310
00000000000000000000000000000000000000000000000000000000000000000000000000000000000000000000000000000000000000000000000000000000000000000000000000000000000000000000000000000000000000000000000000000000000000000000000000000000000000000000000000000000000000
310
00000000000000000000000000000000000000000000000000000000000000000000000000000000000000000000000000000000000000000000000000000000000000000000000000000000000000000000000000000000000000000000000000000000000000000000000000000000000000000000000000000000000000
310
00000000000000000000000000000000000000000000000000000000000000000000000000000000000000000000000000000000000000000000000000000000000000000000000000000000000000000000000000000000000000000000000000000000000000000000000000000000000000000000000000000000000000
310
00000000000000000000000000000000000000000000000000000000000000000000000000000000000000000000000000000000000000000000000000000000000000000000000000000000000000000000000000000000000000000000000000000000000000000000000000000000000000000000000000000000000000
310
00000000000000000000000000000000000000000000000000000000000000000000000000000000000000000000000000000000000000000000000000000000000000000000000000000000000000000000000000000000000000000000000000000000000000000000000000000000000000000000000000000000000000
310
00000000000000000000000000000000000000000000000000000000000000000000000000000000000000000000000000000000000000000000000000000000000000000000000000000000000000000000000000000000000000000000000000000000000000000000000000000000000000000000000000000000000000
310
00000000000000000000000000000000000000000000000000000000000000000000000000000000000000000000000000000000000000000000000000000000000000000000000000000000000000000000000000000000000000000000000000000000000000000000000000000000000000000000000000000000000000
310
00000000000000000000000000000000000000000000000000000000000000000000000000000000000000000000000000000000000000000000000000000000000000000000000000000000000000000000000000000000000000000000000000000000000000000000000000000000000000000000000000000000000000
310
00000000000000000000000000000000000000000000000000000000000000000000000000000000000000000000000000000000000000000000000000000000000000000000000000000000000000000000000000000000000000000000000000000000000000000000000000000000000000000000000000000000000000
310
00000000000000000000000000000000000000000000000000000000000000000000000000000000000000000000000000000000000000000000000000000000000000000000000000000000000000000000000000000000000000000000000000000000000000000000000000000000000000000000000000000000000000
310
00000000000000000000000000000000000000000000000000000000000000000000000000000000000000000000000000000000000000000000000000000000000000000000000000000000000000000000000000000000000000000000000000000000000000000000000000000000000000000000000000000000000000
310
00000000000000000000000000000000000000000000000000000000000000000000000000000000000000000000000000000000000000000000000000000000000000000000000000000000000000000000000000000000000000000000000000000000000000000000000000000000000000000000000000000000000000
310
00000000000000000000000000000000000000000000000000000000000000000000000000000000000000000000000000000000000000000000000000000000000000000000000000000000000000000000000000000000000000000000000000000000000000000000000000000000000000000000000000000000000000
310
00000000000000000000000000000000000000000000000000000000000000000000000000000000000000000000000000000000000000000000000000000000000000000000000000000000000000000000000000000000000000000000000000000000000000000000000000000000000000000000000000000000000000
310
00000000000000000000000000000000000000000000000000000000000000000000000000000000000000000000000000000000000000000000000000000000000000000000000000000000000000000000000000000000000000000000000000000000000000000000000000000000000000000000000000000000000000
310
00000000000000000000000000000000000000000000000000000000000000000000000000000000000000000000000000000000000000000000000000000000000000000000000000000000000000000000000000000000000000000000000000000000000000000000000000000000000000000000000000000000000000
310
00000000000000000000000000000000000000000000000000000000000000000000000000000000000000000000000000000000000000000000000000000000000000000000000000000000000000000000000000000000000000000000000000000000000000000000000000000000000000000000000000000000000000
310
00000000000000000000000000000000000000000000000000000000000000000000000000000000000000000000000000000000000000000000000000000000000000000000000000000000000000000000000000000000000000000000000000000000000000000000000000000000000000000000000000000000000000
310
00000000000000000000000000000000000000000000000000000000000000000000000000000000000000000000000000000000000000000000000000000000000000000000000000000000000000000000000000000000000000000000000000000000000000000000000000000000000000000000000000000000000000
310
00000000000000000000000000000000000000000000000000000000000000000000000000000000000000000000000000000000000000000000000000000000000000000000000000000000000000000000000000000000000000000000000000000000000000000000000000000000000000000000000000000000000000
310
00000000000000000000000000000000000000000000000000000000000000000000000000000000000000000000000000000000000000000000000000000000000000000000000000000000000000000000000000000000000000000000000000000000000000000000000000000000000000000000000000000000000000
310
00000000000000000000000000000000000000000000000000000000000000000000000000000000000000000000000000000000000000000000000000000000000000000000000000000000000000000000000000000000000000000000000000000000000000000000000000000000000000000000000000000000000000
310
00000000000000000000000000000000000000000000000000000000000000000000000000000000000000000000000000000000000000000000000000000000000000000000000000000000000000000000000000000000000000000000000000000000000000000000000000000000000000000000000000000000000000
310
00000000000000000000000000000000000000000000000000000000000000000000000000000000000000000000000000000000000000000000000000000000000000000000000000000000000000000000000000000000000000000000000000000000000000000000000000000000000000000000000000000000000000
310
00000000000000000000000000000000000000000000000000000000000000000000000000000000000000000000000000000000000000000000000000000000000000000000000000000000000000000000000000000000000000000000000000000000000000000000000000000000000000000000000000000000000000
310
00000000000000000000000000000000000000000000000000000000000000000000000000000000000000000000000000000000000000000000000000000000000000000000000000000000000000000000000000000000000000000000000000000000000000000000000000000000000000000000000000000000000000
310
00000000000000000000000000000000000000000000000000000000000000000000000000000000000000000000000000000000000000000000000000000000000000000000000000000000000000000000000000000000000000000000000000000000000000000000000000000000000000000000000000000000000000
310
00000000000000000000000000000000000000000000000000000000000000000000000000000000000000000000000000000000000000000000000000000000000000000000000000000000000000000000000000000000000000000000000000000000000000000000000000000000000000000000000000000000000000
310
00000000000000000000000000000000000000000000000000000000000000000000000000000000000000000000000000000000000000000000000000000000000000000000000000000000000000000000000000000000000000000000000000000000000000000000000000000000000000000000000000000000000000
310
00000000000000000000000000000000000000000000000000000000000000000000000000000000000000000000000000000000000000000000000000000000000000000000000000000000000000000000000000000000000000000000000000000000000000000000000000000000000000000000000000000000000000
310
00000000000000000000000000000000000000000000000000000000000000000000000000000000000000000000000000000000000000000000000000000000000000000000000000000000000000000000000000000000000000000000000000000000000000000000000000000000000000000000000000000000000000
310
00000000000000000000000000000000000000000000000000000000000000000000000000000000000000000000000000000000000000000000000000000000000000000000000000000000000000000000000000000000000000000000000000000000000000000000000000000000000000000000000000000000000000
310
00000000000000000000000000000000000000000000000000000000000000000000000000000000000000000000000000000000000000000000000000000000000000000000000000000000000000000000000000000000000000000000000000000000000000000000000000000000000000000000000000000000000000
310
00000000000000000000000000000000000000000000000000000000000000000000000000000000000000000000000000000000000000000000000000000000000000000000000000000000000000000000000000000000000000000000000000000000000000000000000000000000000000000000000000000000000000
310
00000000000000000000000000000000000000000000000000000000000000000000000000000000000000000000000000000000000000000000000000000000000000000000000000000000000000000000000000000000000000000000000000000000000000000000000000000000000000000000000000000000000000
310
00000000000000000000000000000000000000000000000000000000000000000000000000000000000000000000000000000000000000000000000000000000000000000000000000000000000000000000000000000000000000000000000000000000000000000000000000000000000000000000000000000000000000
310
00000000000000000000000000000000000000000000000000000000000000000000000000000000000000000000000000000000000000000000000000000000000000000000000000000000000000000000000000000000000000000000000000000000000000000000000000000000000000000000000000000000000000
310
00000000000000000000000000000000000000000000000000000000000000000000000000000000000000000000000000000000000000000000000000000000000000000000000000000000000000000000000000000000000000000000000000000000000000000000000000000000000000000000000000000000000000
310
00000000000000000000000000000000000000000000000000000000000000000000000000000000000000000000000000000000000000000000000000000000000000000000000000000000000000000000000000000000000000000000000000000000000000000000000000000000000000000000000000000000000000
310
00000000000000000000000000000000000000000000000000000000000000000000000000000000000000000000000000000000000000000000000000000000000000000000000000000000000000000000000000000000000000000000000000000000000000000000000000000000000000000000000000000000000000
310
00000000000000000000000000000000000000000000000000000000000000000000000000000000000000000000000000000000000000000000000000000000000000000000000000000000000000000000000000000000000000000000000000000000000000000000000000000000000000000000000000000000000000
310
00000000000000000000000000000000000000000000000000000000000000000000000000000000000000000000000000000000000000000000000000000000000000000000000000000000000000000000000000000000000000000000000000000000000000000000000000000000000000000000000000000000000000
310
00000000000000000000000000000000000000000000000000000000000000000000000000000000000000000000000000000000000000000000000000000000000000000000000000000000000000000000000000000000000000000000000000000000000000000000000000000000000000000000000000000000000000
310
00000000000000000000000000000000000000000000000000000000000000000000000000000000000000000000000000000000000000000000000000000000000000000000000000000000000000000000000000000000000000000000000000000000000000000000000000000000000000000000000000000000000000
310
00000000000000000000000000000000000000000000000000000000000000000000000000000000000000000000000000000000000000000000000000000000000000000000000000000000000000000000000000000000000000000000000000000000000000000000000000000000000000000000000000000000000000
310
00000000000000000000000000000000000000000000000000000000000000000000000000000000000000000000000000000000000000000000000000000000000000000000000000000000000000000000000000000000000000000000000000000000000000000000000000000000000000000000000000000000000000
310
00000000000000000000000000000000000000000000000000000000000000000000000000000000000000000000000000000000000000000000000000000000000000000000000000000000000000000000000000000000000000000000000000000000000000000000000000000000000000000000000000000000000000
310
00000000000000000000000000000000000000000000000000000000000000000000000000000000000000000000000000000000000000000000000000000000000000000000000000000000000000000000000000000000000000000000000000000000000000000000000000000000000000000000000000000000000000
310
00000000000000000000000000000000000000000000000000000000000000000000000000000000000000000000000000000000000000000000000000000000000000000000000000000000000000000000000000000000000000000000000000000000000000000000000000000000000000000000000000000000000000
310
00000000000000000000000000000000000000000000000000000000000000000000000000000000000000000000000000000000000000000000000000000000000000000000000000000000000000000000000000000000000000000000000000000000000000000000000000000000000000000000000000000000000000
310
00000000000000000000000000000000000000000000000000000000000000000000000000000000000000000000000000000000000000000000000000000000000000000000000000000000000000000000000000000000000000000000000000000000000000000000000000000000000000000000000000000000000000
310
00000000000000000000000000000000000000000000000000000000000000000000000000000000000000000000000000000000000000000000000000000000000000000000000000000000000000000000000000000000000000000000000000000000000000000000000000000000000000000000000000000000000000
310
00000000000000000000000000000000000000000000000000000000000000000000000000000000000000000000000000000000000000000000000000000000000000000000000000000000000000000000000000000000000000000000000000000000000000000000000000000000000000000000000000000000000000
310
00000000000000000000000000000000000000000000000000000000000000000000000000000000000000000000000000000000000000000000000000000000000000000000000000000000000000000000000000000000000000000000000000000000000000000000000000000000000000000000000000000000000000
310
00000000000000000000000000000000000000000000000000000000000000000000000000000000000000000000000000000000000000000000000000000000000000000000000000000000000000000000000000000000000000000000000000000000000000000000000000000000000000000000000000000000000000
310
00000000000000000000000000000000000000000000000000000000000000000000000000000000000000000000000000000000000000000000000000000000000000000000000000000000000000000000000000000000000000000000000000000000000000000000000000000000000000000000000000000000000000
310
00000000000000000000000000000000000000000000000000000000000000000000000000000000000000000000000000000000000000000000000000000000000000000000000000000000000000000000000000000000000000000000000000000000000000000000000000000000000000000000000000000000000000
310
00000000000000000000000000000000000000000000000000000000000000000000000000000000000000000000000000000000000000000000000000000000000000000000000000000000000000000000000000000000000000000000000000000000000000000000000000000000000000000000000000000000000000
310
00000000000000000000000000000000000000000000000000000000000000000000000000000000000000000000000000000000000000000000000000000000000000000000000000000000000000000000000000000000000000000000000000000000000000000000000000000000000000000000000000000000000000
310
00000000000000000000000000000000000000000000000000000000000000000000000000000000000000000000000000000000000000000000000000000000000000000000000000000000000000000000000000000000000000000000000000000000000000000000000000000000000000000000000000000000000000
310
00000000000000000000000000000000000000000000000000000000000000000000000000000000000000000000000000000000000000000000000000000000000000000000000000000000000000000000000000000000000000000000000000000000000000000000000000000000000000000000000000000000000000
310
00000000000000000000000000000000000000000000000000000000000000000000000000000000000000000000000000000000000000000000000000000000000000000000000000000000000000000000000000000000000000000000000000000000000000000000000000000000000000000000000000000000000000
310
00000000000000000000000000000000000000000000000000000000000000000000000000000000000000000000000000000000000000000000000000000000000000000000000000000000000000000000000000000000000000000000000000000000000000000000000000000000000000000000000000000000000000
310
00000000000000000000000000000000000000000000000000000000000000000000000000000000000000000000000000000000000000000000000000000000000000000000000000000000000000000000000000000000000000000000000000000000000000000000000000000000000000000000000000000000000000
310
00000000000000000000000000000000000000000000000000000000000000000000000000000000000000000000000000000000000000000000000000000000000000000000000000000000000000000000000000000000000000000000000000000000000000000000000000000000000000000000000000000000000000
310
00000000000000000000000000000000000000000000000000000000000000000000000000000000000000000000000000000000000000000000000000000000000000000000000000000000000000000000000000000000000000000000000000000000000000000000000000000000000000000000000000000000000000
310
00000000000000000000000000000000000000000000000000000000000000000000000000000000000000000000000000000000000000000000000000000000000000000000000000000000000000000000000000000000000000000000000000000000000000000000000000000000000000000000000000000000000000
310
00000000000000000000000000000000000000000000000000000000000000000000000000000000000000000000000000000000000000000000000000000000000000000000000000000000000000000000000000000000000000000000000000000000000000000000000000000000000000000000000000000000000000
310
00000000000000000000000000000000000000000000000000000000000000000000000000000000000000000000000000000000000000000000000000000000000000000000000000000000000000000000000000000000000000000000000000000000000000000000000000000000000000000000000000000000000000
310
00000000000000000000000000000000000000000000000000000000000000000000000000000000000000000000000000000000000000000000000000000000000000000000000000000000000000000000000000000000000000000000000000000000000000000000000000000000000000000000000000000000000000
310
00000000000000000000000000000000000000000000000000000000000000000000000000000000000000000000000000000000000000000000000000000000000000000000000000000000000000000000000000000000000000000000000000000000000000000000000000000000000000000000000000000000000000
310
00000000000000000000000000000000000000000000000000000000000000000000000000000000000000000000000000000000000000000000000000000000000000000000000000000000000000000000000000000000000000000000000000000000000000000000000000000000000000000000000000000000000000
310
00000000000000000000000000000000000000000000000000000000000000000000000000000000000000000000000000000000000000000000000000000000000000000000000000000000000000000000000000000000000000000000000000000000000000000000000000000000000000000000000000000000000000
310
00000000000000000000000000000000000000000000000000000000000000000000000000000000000000000000000000000000000000000000000000000000000000000000000000000000000000000000000000000000000000000000000000000000000000000000000000000000000000000000000000000000000000
310
00000000000000000000000000000000000000000000000000000000000000000000000000000000000000000000000000000000000000000000000000000000000000000000000000000000000000000000000000000000000000000000000000000000000000000000000000000000000000000000000000000000000000
310
00000000000000000000000000000000000000000000000000000000000000000000000000000000000000000000000000000000000000000000000000000000000000000000000000000000000000000000000000000000000000000000000000000000000000000000000000000000000000000000000000000000000000
310
00000000000000000000000000000000000000000000000000000000000000000000000000000000000000000000000000000000000000000000000000000000000000000000000000000000000000000000000000000000000000000000000000000000000000000000000000000000000000000000000000000000000000
310
00000000000000000000000000000000000000000000000000000000000000000000000000000000000000000000000000000000000000000000000000000000000000000000000000000000000000000000000000000000000000000000000000000000000000000000000000000000000000000000000000000000000000
310
00000000000000000000000000000000000000000000000000000000000000000000000000000000000000000000000000000000000000000000000000000000000000000000000000000000000000000000000000000000000000000000000000000000000000000000000000000000000000000000000000000000000000
310
00000000000000000000000000000000000000000000000000000000000000000000000000000000000000000000000000000000000000000000000000000000000000000000000000000000000000000000000000000000000000000000000000000000000000000000000000000000000000000000000000000000000000
310
00000000000000000000000000000000000000000000000000000000000000000000000000000000000000000000000000000000000000000000000000000000000000000000000000000000000000000000000000000000000000000000000000000000000000000000000000000000000000000000000000000000000000
310
00000000000000000000000000000000000000000000000000000000000000000000000000000000000000000000000000000000000000000000000000000000000000000000000000000000000000000000000000000000000000000000000000000000000000000000000000000000000000000000000000000000000000
310
00000000000000000000000000000000000000000000000000000000000000000000000000000000000000000000000000000000000000000000000000000000000000000000000000000000000000000000000000000000000000000000000000000000000000000000000000000000000000000000000000000000000000
310
00000000000000000000000000000000000000000000000000000000000000000000000000000000000000000000000000000000000000000000000000000000000000000000000000000000000000000000000000000000000000000000000000000000000000000000000000000000000000000000000000000000000000
310
00000000000000000000000000000000000000000000000000000000000000000000000000000000000000000000000000000000000000000000000000000000000000000000000000000000000000000000000000000000000000000000000000000000000000000000000000000000000000000000000000000000000000
310
00000000000000000000000000000000000000000000000000000000000000000000000000000000000000000000000000000000000000000000000000000000000000000000000000000000000000000000000000000000000000000000000000000000000000000000000000000000000000000000000000000000000000
310
00000000000000000000000000000000000000000000000000000000000000000000000000000000000000000000000000000000000000000000000000000000000000000000000000000000000000000000000000000000000000000000000000000000000000000000000000000000000000000000000000000000000000
310
00000000000000000000000000000000000000000000000000000000000000000000000000000000000000000000000000000000000000000000000000000000000000000000000000000000000000000000000000000000000000000000000000000000000000000000000000000000000000000000000000000000000000
310
00000000000000000000000000000000000000000000000000000000000000000000000000000000000000000000000000000000000000000000000000000000000000000000000000000000000000000000000000000000000000000000000000000000000000000000000000000000000000000000000000000000000000
310
00000000000000000000000000000000000000000000000000000000000000000000000000000000000000000000000000000000000000000000000000000000000000000000000000000000000000000000000000000000000000000000000000000000000000000000000000000000000000000000000000000000000000
310
00000000000000000000000000000000000000000000000000000000000000000000000000000000000000000000000000000000000000000000000000000000000000000000000000000000000000000000000000000000000000000000000000000000000000000000000000000000000000000000000000000000000000
310
00000000000000000000000000000000000000000000000000000000000000000000000000000000000000000000000000000000000000000000000000000000000000000000000000000000000000000000000000000000000000000000000000000000000000000000000000000000000000000000000000000000000000
310
00000000000000000000000000000000000000000000000000000000000000000000000000000000000000000000000000000000000000000000000000000000000000000000000000000000000000000000000000000000000000000000000000000000000000000000000000000000000000000000000000000000000000
310
00000000000000000000000000000000000000000000000000000000000000000000000000000000000000000000000000000000000000000000000000000000000000000000000000000000000000000000000000000000000000000000000000000000000000000000000000000000000000000000000000000000000000
310
00000000000000000000000000000000000000000000000000000000000000000000000000000000000000000000000000000000000000000000000000000000000000000000000000000000000000000000000000000000000000000000000000000000000000000000000000000000000000000000000000000000000000
310
00000000000000000000000000000000000000000000000000000000000000000000000000000000000000000000000000000000000000000000000000000000000000000000000000000000000000000000000000000000000000000000000000000000000000000000000000000000000000000000000000000000000000
310
00000000000000000000000000000000000000000000000000000000000000000000000000000000000000000000000000000000000000000000000000000000000000000000000000000000000000000000000000000000000000000000000000000000000000000000000000000000000000000000000000000000000000
310
00000000000000000000000000000000000000000000000000000000000000000000000000000000000000000000000000000000000000000000000000000000000000000000000000000000000000000000000000000000000000000000000000000000000000000000000000000000000000000000000000000000000000
310
00000000000000000000000000000000000000000000000000000000000000000000000000000000000000000000000000000000000000000000000000000000000000000000000000000000000000000000000000000000000000000000000000000000000000000000000000000000000000000000000000000000000000
310
00000000000000000000000000000000000000000000000000000000000000000000000000000000000000000000000000000000000000000000000000000000000000000000000000000000000000000000000000000000000000000000000000000000000000000000000000000000000000000000000000000000000000
310
00000000000000000000000000000000000000000000000000000000000000000000000000000000000000000000000000000000000000000000000000000000000000000000000000000000000000000000000000000000000000000000000000000000000000000000000000000000000000000000000000000000000000
310
00000000000000000000000000000000000000000000000000000000000000000000000000000000000000000000000000000000000000000000000000000000000000000000000000000000000000000000000000000000000000000000000000000000000000000000000000000000000000000000000000000000000000
310
00000000000000000000000000000000000000000000000000000000000000000000000000000000000000000000000000000000000000000000000000000000000000000000000000000000000000000000000000000000000000000000000000000000000000000000000000000000000000000000000000000000000000
310
00000000000000000000000000000000000000000000000000000000000000000000000000000000000000000000000000000000000000000000000000000000000000000000000000000000000000000000000000000000000000000000000000000000000000000000000000000000000000000000000000000000000000
310
00000000000000000000000000000000000000000000000000000000000000000000000000000000000000000000000000000000000000000000000000000000000000000000000000000000000000000000000000000000000000000000000000000000000000000000000000000000000000000000000000000000000000
310
00000000000000000000000000000000000000000000000000000000000000000000000000000000000000000000000000000000000000000000000000000000000000000000000000000000000000000000000000000000000000000000000000000000000000000000000000000000000000000000000000000000000000
310
00000000000000000000000000000000000000000000000000000000000000000000000000000000000000000000000000000000000000000000000000000000000000000000000000000000000000000000000000000000000000000000000000000000000000000000000000000000000000000000000000000000000000
310
00000000000000000000000000000000000000000000000000000000000000000000000000000000000000000000000000000000000000000000000000000000000000000000000000000000000000000000000000000000000000000000000000000000000000000000000000000000000000000000000000000000000000
310
00000000000000000000000000000000000000000000000000000000000000000000000000000000000000000000000000000000000000000000000000000000000000000000000000000000000000000000000000000000000000000000000000000000000000000000000000000000000000000000000000000000000000
310
00000000000000000000000000000000000000000000000000000000000000000000000000000000000000000000000000000000000000000000000000000000000000000000000000000000000000000000000000000000000000000000000000000000000000000000000000000000000000000000000000000000000000
310
00000000000000000000000000000000000000000000000000000000000000000000000000000000000000000000000000000000000000000000000000000000000000000000000000000000000000000000000000000000000000000000000000000000000000000000000000000000000000000000000000000000000000
310
00000000000000000000000000000000000000000000000000000000000000000000000000000000000000000000000000000000000000000000000000000000000000000000000000000000000000000000000000000000000000000000000000000000000000000000000000000000000000000000000000000000000000
310
00000000000000000000000000000000000000000000000000000000000000000000000000000000000000000000000000000000000000000000000000000000000000000000000000000000000000000000000000000000000000000000000000000000000000000000000000000000000000000000000000000000000000
310
00000000000000000000000000000000000000000000000000000000000000000000000000000000000000000000000000000000000000000000000000000000000000000000000000000000000000000000000000000000000000000000000000000000000000000000000000000000000000000000000000000000000000
310
00000000000000000000000000000000000000000000000000000000000000000000000000000000000000000000000000000000000000000000000000000000000000000000000000000000000000000000000000000000000000000000000000000000000000000000000000000000000000000000000000000000000000
310
00000000000000000000000000000000000000000000000000000000000000000000000000000000000000000000000000000000000000000000000000000000000000000000000000000000000000000000000000000000000000000000000000000000000000000000000000000000000000000000000000000000000000
310
00000000000000000000000000000000000000000000000000000000000000000000000000000000000000000000000000000000000000000000000000000000000000000000000000000000000000000000000000000000000000000000000000000000000000000000000000000000000000000000000000000000000000
310
00000000000000000000000000000000000000000000000000000000000000000000000000000000000000000000000000000000000000000000000000000000000000000000000000000000000000000000000000000000000000000000000000000000000000000000000000000000000000000000000000000000000000
310
00000000000000000000000000000000000000000000000000000000000000000000000000000000000000000000000000000000000000000000000000000000000000000000000000000000000000000000000000000000000000000000000000000000000000000000000000000000000000000000000000000000000000
310
00000000000000000000000000000000000000000000000000000000000000000000000000000000000000000000000000000000000000000000000000000000000000000000000000000000000000000000000000000000000000000000000000000000000000000000000000000000000000000000000000000000000000
310
00000000000000000000000000000000000000000000000000000000000000000000000000000000000000000000000000000000000000000000000000000000000000000000000000000000000000000000000000000000000000000000000000000000000000000000000000000000000000000000000000000000000000
310
00000000000000000000000000000000000000000000000000000000000000000000000000000000000000000000000000000000000000000000000000000000000000000000000000000000000000000000000000000000000000000000000000000000000000000000000000000000000000000000000000000000000000
310
00000000000000000000000000000000000000000000000000000000000000000000000000000000000000000000000000000000000000000000000000000000000000000000000000000000000000000000000000000000000000000000000000000000000000000000000000000000000000000000000000000000000000
310
00000000000000000000000000000000000000000000000000000000000000000000000000000000000000000000000000000000000000000000000000000000000000000000000000000000000000000000000000000000000000000000000000000000000000000000000000000000000000000000000000000000000000
310
00000000000000000000000000000000000000000000000000000000000000000000000000000000000000000000000000000000000000000000000000000000000000000000000000000000000000000000000000000000000000000000000000000000000000000000000000000000000000000000000000000000000000
310
00000000000000000000000000000000000000000000000000000000000000000000000000000000000000000000000000000000000000000000000000000000000000000000000000000000000000000000000000000000000000000000000000000000000000000000000000000000000000000000000000000000000000
310
00000000000000000000000000000000000000000000000000000000000000000000000000000000000000000000000000000000000000000000000000000000000000000000000000000000000000000000000000000000000000000000000000000000000000000000000000000000000000000000000000000000000000
310
00000000000000000000000000000000000000000000000000000000000000000000000000000000000000000000000000000000000000000000000000000000000000000000000000000000000000000000000000000000000000000000000000000000000000000000000000000000000000000000000000000000000000
310
00000000000000000000000000000000000000000000000000000000000000000000000000000000000000000000000000000000000000000000000000000000000000000000000000000000000000000000000000000000000000000000000000000000000000000000000000000000000000000000000000000000000000
310
00000000000000000000000000000000000000000000000000000000000000000000000000000000000000000000000000000000000000000000000000000000000000000000000000000000000000000000000000000000000000000000000000000000000000000000000000000000000000000000000000000000000000
310
00000000000000000000000000000000000000000000000000000000000000000000000000000000000000000000000000000000000000000000000000000000000000000000000000000000000000000000000000000000000000000000000000000000000000000000000000000000000000000000000000000000000000
310
00000000000000000000000000000000000000000000000000000000000000000000000000000000000000000000000000000000000000000000000000000000000000000000000000000000000000000000000000000000000000000000000000000000000000000000000000000000000000000000000000000000000000
310
00000000000000000000000000000000000000000000000000000000000000000000000000000000000000000000000000000000000000000000000000000000000000000000000000000000000000000000000000000000000000000000000000000000000000000000000000000000000000000000000000000000000000
310
00000000000000000000000000000000000000000000000000000000000000000000000000000000000000000000000000000000000000000000000000000000000000000000000000000000000000000000000000000000000000000000000000000000000000000000000000000000000000000000000000000000000000
310
00000000000000000000000000000000000000000000000000000000000000000000000000000000000000000000000000000000000000000000000000000000000000000000000000000000000000000000000000000000000000000000000000000000000000000000000000000000000000000000000000000000000000
310
00000000000000000000000000000000000000000000000000000000000000000000000000000000000000000000000000000000000000000000000000000000000000000000000000000000000000000000000000000000000000000000000000000000000000000000000000000000000000000000000000000000000000
310
00000000000000000000000000000000000000000000000000000000000000000000000000000000000000000000000000000000000000000000000000000000000000000000000000000000000000000000000000000000000000000000000000000000000000000000000000000000000000000000000000000000000000
310
00000000000000000000000000000000000000000000000000000000000000000000000000000000000000000000000000000000000000000000000000000000000000000000000000000000000000000000000000000000000000000000000000000000000000000000000000000000000000000000000000000000000000
310
00000000000000000000000000000000000000000000000000000000000000000000000000000000000000000000000000000000000000000000000000000000000000000000000000000000000000000000000000000000000000000000000000000000000000000000000000000000000000000000000000000000000000
310
00000000000000000000000000000000000000000000000000000000000000000000000000000000000000000000000000000000000000000000000000000000000000000000000000000000000000000000000000000000000000000000000000000000000000000000000000000000000000000000000000000000000000
310
00000000000000000000000000000000000000000000000000000000000000000000000000000000000000000000000000000000000000000000000000000000000000000000000000000000000000000000000000000000000000000000000000000000000000000000000000000000000000000000000000000000000000
310
00000000000000000000000000000000000000000000000000000000000000000000000000000000000000000000000000000000000000000000000000000000000000000000000000000000000000000000000000000000000000000000000000000000000000000000000000000000000000000000000000000000000000
310
00000000000000000000000000000000000000000000000000000000000000000000000000000000000000000000000000000000000000000000000000000000000000000000000000000000000000000000000000000000000000000000000000000000000000000000000000000000000000000000000000000000000000
310
00000000000000000000000000000000000000000000000000000000000000000000000000000000000000000000000000000000000000000000000000000000000000000000000000000000000000000000000000000000000000000000000000000000000000000000000000000000000000000000000000000000000000
310
00000000000000000000000000000000000000000000000000000000000000000000000000000000000000000000000000000000000000000000000000000000000000000000000000000000000000000000000000000000000000000000000000000000000000000000000000000000000000000000000000000000000000
310
00000000000000000000000000000000000000000000000000000000000000000000000000000000000000000000000000000000000000000000000000000000000000000000000000000000000000000000000000000000000000000000000000000000000000000000000000000000000000000000000000000000000000
310
00000000000000000000000000000000000000000000000000000000000000000000000000000000000000000000000000000000000000000000000000000000000000000000000000000000000000000000000000000000000000000000000000000000000000000000000000000000000000000000000000000000000000
310
00000000000000000000000000000000000000000000000000000000000000000000000000000000000000000000000000000000000000000000000000000000000000000000000000000000000000000000000000000000000000000000000000000000000000000000000000000000000000000000000000000000000000
310
00000000000000000000000000000000000000000000000000000000000000000000000000000000000000000000000000000000000000000000000000000000000000000000000000000000000000000000000000000000000000000000000000000000000000000000000000000000000000000000000000000000000000
310
00000000000000000000000000000000000000000000000000000000000000000000000000000000000000000000000000000000000000000000000000000000000000000000000000000000000000000000000000000000000000000000000000000000000000000000000000000000000000000000000000000000000000
310
00000000000000000000000000000000000000000000000000000000000000000000000000000000000000000000000000000000000000000000000000000000000000000000000000000000000000000000000000000000000000000000000000000000000000000000000000000000000000000000000000000000000000
310
00000000000000000000000000000000000000000000000000000000000000000000000000000000000000000000000000000000000000000000000000000000000000000000000000000000000000000000000000000000000000000000000000000000000000000000000000000000000000000000000000000000000000
310
00000000000000000000000000000000000000000000000000000000000000000000000000000000000000000000000000000000000000000000000000000000000000000000000000000000000000000000000000000000000000000000000000000000000000000000000000000000000000000000000000000000000000
310
00000000000000000000000000000000000000000000000000000000000000000000000000000000000000000000000000000000000000000000000000000000000000000000000000000000000000000000000000000000000000000000000000000000000000000000000000000000000000000000000000000000000000
310
00000000000000000000000000000000000000000000000000000000000000000000000000000000000000000000000000000000000000000000000000000000000000000000000000000000000000000000000000000000000000000000000000000000000000000000000000000000000000000000000000000000000000
310
00000000000000000000000000000000000000000000000000000000000000000000000000000000000000000000000000000000000000000000000000000000000000000000000000000000000000000000000000000000000000000000000000000000000000000000000000000000000000000000000000000000000000
310
00000000000000000000000000000000000000000000000000000000000000000000000000000000000000000000000000000000000000000000000000000000000000000000000000000000000000000000000000000000000000000000000000000000000000000000000000000000000000000000000000000000000000
310
00000000000000000000000000000000000000000000000000000000000000000000000000000000000000000000000000000000000000000000000000000000000000000000000000000000000000000000000000000000000000000000000000000000000000000000000000000000000000000000000000000000000000
310
00000000000000000000000000000000000000000000000000000000000000000000000000000000000000000000000000000000000000000000000000000000000000000000000000000000000000000000000000000000000000000000000000000000000000000000000000000000000000000000000000000000000000
310
00000000000000000000000000000000000000000000000000000000000000000000000000000000000000000000000000000000000000000000000000000000000000000000000000000000000000000000000000000000000000000000000000000000000000000000000000000000000000000000000000000000000000
310
00000000000000000000000000000000000000000000000000000000000000000000000000000000000000000000000000000000000000000000000000000000000000000000000000000000000000000000000000000000000000000000000000000000000000000000000000000000000000000000000000000000000000
310
00000000000000000000000000000000000000000000000000000000000000000000000000000000000000000000000000000000000000000000000000000000000000000000000000000000000000000000000000000000000000000000000000000000000000000000000000000000000000000000000000000000000000
310
1E1E1E1E1E1E1E1E1E1E000000000000000000000000000000000000000000000000000000000000000000000000000000000000000000000000000000000000000000000000000000000000000000000000000000000000000000000000000000000000000000000000000000000000000000000000000000000000000000
310
00000000000000000000000000000000000000000000000000000000000000000000000000000000000000000000000000000000000000000000000000000000000000000000000000000000000000000000000000000000000000000000000000000000000000000000000000000000000000000000000000000000000000
310
00000000000000000000000000000000000000000000000000000000000000000000000000000000000000000000000000000000000000000000000000000000000000000000000000000000000000000000000000000000000000000000000000000000000000000000000000000000000000000000000000000000000000
310
00000000000000000000000000000000000000000000000000000000000000000000000000000000000000000000000000000000000000000000000000000000000000000000000000000000000000000000000000000000000000000000000000000000000000000000000000000000000000000000000000000000000000
310
001E1E1E000000000000000000001E1E000000000000000000000000000000000000000000000000000000000000000000000000000000000000000000000000000000000000000000000000000000000000000000000000000000000000000000000000000000000000000000000000000000000000000000000000000000
310
00000000000000000000000000000000000000000000000000000000000000000000000000000000000000000000000000000000000000000000000000000000000000000000000000000000000000000000000000000000000000000000000000000000000000000000000000000000000000000000000000000000000000
310
00000000000000000000000000000000000000000000000000000000000000000000000000000000000000000000000000000000000000000000000000000000000000000000000000000000000000000000000000000000000000000000000000000000000000000000000000000000000000000000000000000000000000
310
000000000000000000000000000000000000000000000000000000000000000000000000000000000000000000000000001E1E1E1E1E1E1E1E1E1E1E1E1E1E1E1E1E00000000000000000000000000000000000000000000000000000000000000000000000000000000000000000000000000000000000000000000000000
310
001E1E1E1E0000000000000000000000000000001E1E000000000000000000000000000000000000000000000000000000000000000000000000000000000000000000000000000000000000000000000000000000000000000000000000000000000000000000000000000000000000000000000000000000000000000000
310
00000000000000000000000000000000000000000000000000000000000000000000000000000000000000000000000000000000000000000000000000000000000000000000000000000000000000000000000000000000000000000000000000000000000000000000000000000000000000000000000000000000000000
310
00000000000000000000000000000000000000000000000000000000000000000000000000000000000000000000000000000000000000000000000000000000000000000000000000000000000000000000000000000000000000000000000000000000000000000000000000000000000000000000000000000000000000
310
00000000000000000000000000000000000000000000000000000000000000000000000000001E1E1E1E1E1E1E1E1E1E1E1E1E1E1E00000000000000000000000000000000001E1E1E1E1E1E1E1E1E1E1E1E000000000000000000000000000000000000000000000000000000000000000000000000000000000000000000
310
00001E1E1E0000000000000000000000000000000000000000001E00000000000000000000000000000000000000000000000000000000000000000000000000000000000000000000000000000000000000000000000000000000000000000000000000000000000000000000000000000000000000000000000000000000
310
00000000000000000000000000000000000000000000000000000000000000000000000000000000000000000000000000000000000000000000000000000000000000000000000000000000000000000000000000000000000000000000000000000000000000000000000000000000000000000000000000000000000000
310
00000000000000000000000000000000000000000000000000000000000000000000000000000000000000000000000000000000000000000000000000000000000000000000000000000000000000000000000000000000000000000000000000000000000000000000000000000000000000000000000000000000000000
310
00000000000000000000000000000000000000000000000000000000000000000000000000001E1E1E1E00000000000000000000000000000000000000000000000000000000000000000000000000000000000000001E1E1E1E1E1E1E1E000000000000000000000000000000000000000000000000000000000000000000
310
0000001E1E1E000000000000000000000000000000000000000000000000001E0000000000000000000000000000000000000000000000000000000000000000000000000000000000000000000000000000000000000000000000000000000000000000000000000000000000000000000000000000000000000000000000
310
00000000000000000000000000000000000000000000000000000000000000000000000000000000000000000000000000000000000000000000000000000000000000000000000000000000000000000000000000000000000000000000000000000000000000000000000000000000000000000000000000000000000000
310
00000000000000000000000000000000000000000000000000000000000000000000000000000000000000000000000000000000000000000000000000000000000000000000000000000000000000000000000000000000000000000000000000000000000000000000000000000000000000000000000000000000000000
310
00000000000000000000000000000000000000000000000000000000000000000000000000001E1E1E1E00000000000000000000000000000000000000000000000000000000000000000000000000000000000000000000000000000000000000001E1E1E1E00000000000000000000000000000000000000000000000000
310
0000001E1E1E1E00000000000000000000000000000000000000000000000000000000001E000000000000000000000000000000000000000000000000000000000000000000000000000000000000000000000000000000000000000000000000000000000000000000000000000000000000000000000000000000000000
310
00000000000000000000000000000000000000000000000000000000000000000000000000000000000000000000000000000000000000000000000000000000000000000000000000000000000000000000000000000000000000000000000000000000000000000000000000000000000000000000000000000000000000
310
00000000000000000000000000000000000000000000000000000000000000000000000000000000000000000000000000000000000000000000000000000000000000000000000000000000000000000000000000000000000000000000000000000000000000000000000000000000000000000000000000000000000000
310
000000000000000000000000000000000000000000000000000000000000000000000000001E1E1E1E1E000000000000000000000000000000000000000000000000000000000000000000000000000000000000000000000000000000000000000000000000000000001E1E1E1E1E00000000000000000000000000000000
310
000000001E1E1E0000000000000000000000000000000000000000000000000000000000000000001E0000000000000000000000000000000000000000000000000000000000000000000000000000000000000000000000000000000000000000000000000000000000000000000000000000000000000000000000000000
310
00000000000000000000000000000000000000000000000000000000000000000000000000000000000000000000000000000000000000000000000000000000000000000000000000000000000000000000000000000000000000000000000000000000000000000000000000000000000000000000000000000000000000
310
00000000000000000000000000000000000000000000000000000000000000000000000000000000000000000000000000000000000000000000000000000000000000000000000000000000000000000000000000000000000000000000000000000000000000000000000000000000000000000000000000000000000000
310
000000000000000000000000000000000000000000000000000000000000000000000000001E1E1E1E00000000000000000000000000000000000000000000000000000000000000000000000000000000000000000000000000000000000000000000000000000000000000000000000000001E1E1E1E1E00000000000000
310
00000000001E1E1E000000000000000000000000000000000000000000000000000000000000000000000000001E000000000000000000000000000000000000000000000000000000000000000000000000000000000000000000000000000000000000000000000000000000000000000000000000000000000000000000
310
00000000000000000000000000000000000000000000000000000000000000000000000000000000000000000000000000000000000000000000000000000000000000000000000000000000000000000000000000000000000000000000000000000000000000000000000000000000000000000000000000000000000000
310
00000000000000000000000000000000000000000000000000000000000000000000000000000000000000000000000000000000000000000000000000000000000000000000000000000000000000000000000000000000000000000000000000000000000000000000000000000000000000000000000000000000000000
310
000000000000000000000000000000000000000000000000000000000000000000000000001E1E1E1E00000000000000000000000000000000000000000000000000000000000000000000000000000000000000000000000000000000000000000000000000000000000000000000000000000000000000000000001E1E1E
310
1E000000001E1E1E1E00000000000000000000000000000000000000000000000000000000000000000000000000000000001E00000000000000000000000000000000000000000000000000000000000000000000000000000000000000000000000000000000000000000000000000000000000000000000000000000000
310
00000000000000000000000000000000000000000000000000000000000000000000000000000000000000000000000000000000000000000000000000000000000000000000000000000000000000000000000000000000000000000000000000000000000000000000000000000000000000000000000000000000000000
310
00000000000000000000000000000000000000000000000000000000000000000000000000000000000000000000000000000000000000000000000000000000000000000000000000000000000000000000000000000000000000000000000000000000000000000000000000000000000000000000000000000000000000
310
00000000000000000000000000000000000000000000000000000000000000000000000000001E1E1E0000000000000000000000000000000000000000000000000000000000000000000000000000000000000000000000000000000000000000000000000000000000000000000000000000000000000000000000000000
310
00000000001E1E1E1E000000000000000000000000000000000000000000000000000000000000000000000000000000000000000000001E0000000000000000000000000000000000000000000000000000000000000000000000000000000000000000000000000000000000000000000000000000000000000000000000
310
00000000000000000000000000000000000000000000000000000000000000000000000000000000000000000000000000000000000000000000000000000000000000000000000000000000000000000000000000000000000000000000000000000000000000000000000000000000000000000000000000000000000000
310
00000000000000000000000000000000000000000000000000000000000000000000000000000000000000000000000000000000000000000000000000000000000000000000000000000000000000000000000000000000000000000000000000000000000000000000000000000000000000000000000000000000000000
310
0000000000000000000000000000000000000000000000000000000000000000000000000000001E1E1E00000000000000000000000000000000000000000000000000000000000000000000000000000000000000000000000000000000000000000000000000000000000000000000000000000000000000000000000000
310
00000000000000000000000000000000000000000000000000000000000000000000000000000000000000001E1E1E1E00000000000000000000001E00000000000000000000000000000000000000000000000000000000000000000000000000000000000000000000000000000000000000000000000000000000000000
310
00000000000000000000000000000000000000000000000000000000000000000000000000000000000000000000000000000000000000000000000000000000000000000000000000000000000000000000000000000000000000000000000000000000000000000000000000000000000000000000000000000000000000
310
00000000000000000000000000000000000000000000000000000000000000000000000000000000000000000000000000000000000000000000000000000000000000000000000000000000000000000000000000000000000000000000000000000000000000000000000000000000000000000000000000000000000000
310
000000000000000000000000000000000000000000000000000000000000000000000000000000001E1E1E000000000000000000000000000000000000000000000000000000000000000000000000000000000000000000000000000000000000000000000000000000000000000000000000000000000000000000000000
310
0000000000000000000000000000000000000000000000000000000000000000000000000000000000000000001E1E1E000000001E1E000000000000000000001E0000000000000000000000000000000000000000000000000000000000000000000000000000000000000000000000000000000000000000000000000000
310
00000000000000000000000000000000000000000000000000000000000000000000000000000000000000000000000000000000000000000000000000000000000000000000000000000000000000000000000000000000000000000000000000000000000000000000000000000000000000000000000000000000000000
310
00000000000000000000000000000000000000000000000000000000000000000000000000000000000000000000000000000000000000000000000000000000000000000000000000000000000000000000000000000000000000000000000000000000000000000000000000000000000000000000000000000000000000
310
000000000000000000000000000000000000000000000000000000000000000000000000000000001E1E1E1E0000000000000000000000000000000000000000000000000000000000000000000000000000000000000000000000000000000000000000000000000000000000000000000000000000000000000000000000
310
000000000000000000000000000000000000000000000000000000000000000000000000000000000000000000000000001E000000000000001E000000000000000000001E00000000000000000000000000000000000000000000000000000000000000000000000000000000000000000000000000000000000000000000
310
00000000000000000000000000000000000000000000000000000000000000000000000000000000000000000000000000000000000000000000000000000000000000000000000000000000000000000000000000000000000000000000000000000000000000000000000000000000000000000000000000000000000000
310
00000000000000000000000000000000000000000000000000000000000000000000000000000000000000000000000000000000000000000000000000000000000000000000000000000000000000000000000000000000000000000000000000000000000000000000000000000000000000000000000000000000000000
310
00000000000000000000000000000000000000000000000000000000000000000000000000000000001E1E1E0000000000000000000000000000000000000000000000000000000000000000000000000000000000000000000000000000000000000000000000000000000000000000000000000000000000000000000000
310
000000000000000000000000000000000000000000000000000000000000000000000000000000000000000000000000000000001E0000000000000000001E0000000000000000001E000000000000000000000000000000000000000000000000000000000000000000000000000000000000000000000000000000000000
310
00000000000000000000000000000000000000000000000000000000000000000000000000000000000000000000000000000000000000000000000000000000000000000000000000000000000000000000000000000000000000000000000000000000000000000000000000000000000000000000000000000000000000
310
00000000000000000000000000000000000000000000000000000000000000000000000000000000000000000000000000000000000000000000000000000000000000000000000000000000000000000000000000000000000000000000000000000000000000000000000000000000000000000000000000000000000000
310
0000000000000000000000000000000000000000000000000000000000000000000000000000000000001E1E1E00000000000000000000000000000000000000000000000000000000000000000000000000000000000000000000000000000000000000000000000000000000000000000000000000000000000000000000
310
00000000000000000000000000000000000000000000000000000000000000000000000000000000000000000000000000000000000000001E0000000000000000001E0000000000000000001E0000000000000000000000000000000000000000000000000000000000000000000000000000000000000000000000000000
310
00000000000000000000000000000000000000000000000000000000000000000000000000000000000000000000000000000000000000000000000000000000000000000000000000000000000000000000000000000000000000000000000000000000000000000000000000000000000000000000000000000000000000
310
00000000000000000000000000000000000000000000000000000000000000000000000000000000000000000000000000000000000000000000000000000000000000000000000000000000000000000000000000000000000000000000000000000000000000000000000000000000000000000000000000000000000000
310
00000000000000000000000000000000000000000000000000000000000000000000000000000000000000001E1E000000000000000000000000000000000000000000000000000000000000000000000000000000000000000000000000000000000000000000000000000000000000000000000000000000000000000000
310
00000000000000000000000000000000000000000000000000000000000000000000000000000000000000000000000000000000000000000000001E00000000000000000000001E0000000000000000001E000000000000000000000000000000000000000000000000000000000000000000000000000000000000000000
310
00000000000000000000000000000000000000000000000000000000000000000000000000000000000000000000000000000000000000000000000000000000000000000000000000000000000000000000000000000000000000000000000000000000000000000000000000000000000000000000000000000000000000
310
00000000000000000000000000000000000000000000000000000000000000000000000000000000000000000000000000000000000000000000000000000000000000000000000000000000000000000000000000000000000000000000000000000000000000000000000000000000000000000000000000000000000000
310
000000000000000000000000000000000000000000000000000000000000000000000000000000000000000000001E1E00000000000000000000000000000000000000000000000000000000000000000000000000000000000000000000000000000000000000000000000000000000000000000000000000000000000000
310
0000000000000000000000000000000000000000000000000000000000000000000000000000000000000000000000000000000000000000000000000000001E00000000000000000000001E0000000000000000001E0000000000000000000000000000000000000000000000000000000000000000000000000000000000
310
000000000000000000000000000000000000000000000000000000000000000000000000000000000000000000000000000000000000000000000000000000000000000000000000000000000000000000000000000000000000000000000000000000000000000000000000000000000000000000000000001E1E1E1E1E1E
310
1E1E1E1E1E0000000000000000000000000000000000000000000000000000000000000000000000000000000000000000000000000000000000000000000000000000000000000000000000000000000000000000000000000000000000000000000000000000000000000000000000000000000000000000000000000000
310
0000000000000000000000000000000000000000000000000000000000000000000000000000000000000000000000001E1E0000000000000000000000000000000000000000000000000000000000000000000000000000000000000000000000000000000000000000000000000000000000000000000000000000000000
310
00000000000000000000000000000000000000000000000000000000000000000000000000000000000000000000000000000000000000000000000000000000000000001E000000000000000000001E0000000000000000001E00000000000000000000000000000000000000000000000000000000000000000000000000
310
0000000000000000000000000000000000000000000000000000000000000000000000000000000000000000000000000000000000000000000000000000000000000000000000000000000000000000000000000000000000000000000000000000000000000000000000000000000000000000000000001E1E1E1E1E0000
310
0000000000000000001E1E1E1E1E1E1E1E1E1E000000000000000000000000000000000000000000000000000000000000000000000000000000000000000000000000000000000000000000000000000000000000000000000000000000000000000000000000000000000000000000000000000000000000000000000000
310
00000000000000000000000000000000000000000000000000000000000000000000000000000000000000000000000000001E1E000000000000000000000000000000000000000000000000000000000000000000000000000000000000000000000000000000000000000000000000000000000000000000000000000000
310
000000000000000000000000000000000000000000000000001E1E1E1E1E0000000000000000000000000000000000000000000000000000000000000000000000000000000000001E0000000000000000001E0000000000000000001E00000000000000000000000000001E1E1E1E1E1E1E1E1E1E00000000000000000000
310
000000000000000000000000000000000000000000000000000000000000000000000000000000000000000000000000000000000000000000000000000000000000000000000000000000000000000000000000000000000000000000000000000000000000000000000000000000000000000000001E1E1E1E1E1E000000
310
00000000000000000000000000000000000000000000001E1E1E0000000000000000000000000000000000000000000000000000000000000000000000000000000000000000000000000000000000000000000000000000000000000000000000000000000000000000000000000000000000000000000000000000000000
310
000000000000000000000000000000000000000000000000000000000000000000000000000000000000000000000000000000001E1E00000000000000000000000000000000000000000000000000000000000000000000000000000000000000000000000000000000000000000000000000000000000000000000000000
310
00000000000000000000000000000000000000000000000000001E1E1E00000000001E1E00000000000000000000000000000000000000000000000000000000000000000000000000000000001E00000000000000001E0000000000000000001E000000000000000000001E1E1E1E000000000000000000001E1E00000000
310
000000000000000000000000000000000000000000000000000000000000000000000000000000000000000000000000000000000000000000000000000000000000000000000000000000000000000000000000000000000000000000000000000000000000000000000000000000000000000000001E1E1E1E0000000000
310
0000000000000000000000000000000000000000000000000000000000001E1E1E1E000000000000000000000000000000000000000000000000000000000000000000000000000000000000000000000000000000000000000000000000000000000000000000000000000000000000000000000000000000000000000000
310
0000000000000000000000000000000000000000000000000000000000000000000000000000000000000000000000000000000000001E1E0000000000000000000000000000000000000000000000000000000000000000000000000000000000000000000000000000000000000000000000000000000000000000000000
310
0000000000000000000000000000000000000000000000000000000000001E00000000000000001E00000000000000000000000000000000000000000000000000000000000000000000000000000000001E0000000000001E1E000000000000000000001E000000000000001E1E1E00000000000000000000000000000000
310
1E1E000000000000000000000000000000000000000000000000000000000000000000000000000000000000000000000000000000000000000000000000000000000000000000000000000000000000000000000000000000000000000000000000000000000000000000000000000000000000000000001E1E0000000000
310
00000000000000000000000000000000000000000000000000000000000000000000000000001E1E1E0000000000000000000000000000000000000000000000000000000000000000000000000000000000000000000000000000000000000000000000000000000000000000000000000000000000000000000000000000
310
00000000000000000000000000000000000000000000000000000000000000000000000000000000000000000000000000000000000000001E1E000000000000000000000000000000000000000000000000000000000000000000000000000000000000000000000000000000000000000000000000000000000000000000
310
000000000000000000000000000000000000000000000000000000000000000000001E0000000000000000001E00000000000000000000000000000000000000000000000000000000000000000000000000000000001E1E00001E1E0000000000000000000000001E000000001E1E1E000000000000000000000000000000
310
0000000000001E0000000000000000000000000000000000000000000000000000000000000000000000000000000000000000000000000000000000000000000000000000000000000000000000000000000000000000000000000000000000000000000000000000000000000000000000000000000000001E1E1E000000
310
0000000000000000000000000000000000000000000000000000000000000000000000000000000000000000001E1E1E00000000000000000000000000000000000000000000000000000000000000000000000000000000000000000000000000000000000000000000000000000000000000000000000000000000000000
310
000000000000000000000000000000000000000000000000000000000000000000000000000000000000000000000000000000000000000000001E1E00000000000000000000000000000000000000000000000000000000000000000000000000000000000000000000000000000000000000000000000000000000000000
310
000000000000000000000000000000000000000000000000000000000000000000000000001E000000000000000000001E000000000000000000000000000000000000000000000000000000000000000000000000000000000000001E1E000000000000000000000000001E001E1E1E1E0000000000000000000000000000
310
00000000000000000000001E00000000000000000000000000000000000000000000000000000000000000000000000000000000000000000000000000000000000000000000000000000000000000000000000000000000000000000000000000000000000000000000000000000000000000000000000000001E1E1E0000
310
000000000000000000000000000000000000000000000000000000000000000000000000000000000000000000000000000000001E1E00000000000000000000000000000000000000000000000000000000000000000000000000000000000000000000000000000000000000000000000000000000000000000000000000
310
0000000000000000000000000000000000000000000000000000000000000000000000000000000000000000000000000000000000000000000000001E1E0000000000000000000000000000000000000000000000000000000000000000000000000000000000000000000000000000000000000000000000000000000000
310
00000000000000000000000000000000000000000000000000000000000000000000000000000000001E00000000000000000000001E0000000000000000000000000000000000000000000000000000000000000000000000000000000000000000000000000000000000000000001E1E0000000000000000000000000000
310
000000000000000000000000000000001E00000000000000000000000000000000000000000000000000000000000000000000000000000000000000000000000000000000000000000000000000000000000000000000000000000000000000000000000000000000000000000000000000000000000000000000001E1E00
310
000000000000000000000000000000000000000000000000000000000000000000000000000000000000000000000000000000000000000000001E1E00000000000000000000000000000000000000000000000000000000000000000000000000000000000000000000000000000000000000000000000000000000000000
310
00000000000000000000000000000000000000000000000000000000000000000000000000000000000000000000000000000000000000000000000000001E1E000000000000000000000000000000000000000000000000000000000000000000000000000000000000000000000000000000000000000000000000000000
310
0000000000000000000000000000000000000000000000000000000000000000000000000000000000000000001E00000000000000000000001E000000000000000000000000000000000000000000000000000000000000000000000000000000000000000000000000000000000000000000000000000000000000000000
310
00000000000000000000000000000000000000001E00000000000000000000000000000000000000000000000000000000000000000000000000000000000000000000000000000000000000000000000000000000000000000000000000000000000000000000000000000000000000000000000000000000000000001E1E
310
1E0000000000000000000000000000000000000000000000000000000000000000000000000000000000000000000000000000000000000000000000000000001E0000000000000000000000000000000000000000000000000000000000000000000000000000000000000000000000000000000000000000000000000000
310
000000000000000000000000000000000000000000000000000000000000000000000000000000000000000000000000000000000000000000000000000000001E1E00000000000000000000000000000000000000000000000000000000000000000000000000000000000000000000000000000000000000000000000000
310
000000000000000000000000000000000000000000000000000000000000000000000000000000000000000000000000001E00000000000000000000001E0000000000000000000000000000000000000000000000000000000000000000000000000000000000000000000000000000000000000000000000000000000000
310
000000000000000000000000000000000000000000000000001E0000000000000000000000000000000000000000000000000000000000000000000000000000000000000000000000000000000000000000000000000000000000000000000000000000000000000000000000000000000000000000000000000000000000
310
1E1E000000000000000000000000000000000000000000000000000000000000000000000000000000000000000000000000000000000000000000000000000000000000001E1E0000000000000000000000000000000000000000000000000000000000000000000000000000000000000000000000000000000000000000
310
000000000000000000000000000000000000000000000000000000000000000000000000000000000000000000000000000000000000000000000000000000000000001E00000000000000000000000000000000000000000000000000000000000000000000000000000000000000000000001E1E1E1E1E00000000000000
310
0000000000000000000000000000000000000000000000000000000000000000000000000000000000000000000000000000000000001E0000000000000000001E0000000000000000000000000000000000000000000000000000000000000000000000000000000000000000000000000000000000000000000000000000
310
0000000000000000000000000000000000000000000000000000000000001E000000000000000000000000000000000000000000000000000000000000000000000000000000000000000000000000000000000000000000000000000000000000000000000000000000000000000000000000000000000000000000000000
310
00001E1E00000000000000000000000000000000000000000000000000000000000000000000000000000000000000000000000000000000000000000000000000000000000000000000001E1E0000000000000000000000000000000000000000000000000000000000000000000000000000000000000000000000000000
310
0000000000000000000000000000000000000000000000000000000000000000000000000000000000000000000000000000000000000000000000000000000000000000001E1E0000000000000000000000000000000000000000000000000000000000000000000000000000000000000000001E1E1E00000000001E1E1E
310
000000000000000000000000000000000000000000000000000000000000000000000000000000000000000000000000000000000000000000001E0000000000000000001E00000000000000000000000000000000000000000000000000000000000000000000000000000000000000000000000000000000000000000000
310
00000000000000000000000000000000000000000000000000000000000000000000001E00000000000000000000000000000000000000000000000000000000000000000000000000000000000000000000000000000000000000000000000000000000000000000000000000000000000000000000000000000000000000
310
00000000001E0000000000000000000000000000000000000000000000000000000000000000000000000000000000000000000000000000000000000000000000000000000000000000000000000000001E000000000000000000000000000000000000000000000000000000000000000000000000000000000000000000
310
0000000000000000000000000000000000000000000000000000000000000000000000000000000000000000000000000000000000000000000000000000000000000000000000001E0000000000000000000000000000000000000000000000000000000000000000000000000000000000000000001E1E00000000000000
310
000000001E0000000000000000000000000000000000000000000000000000000000000000000000000000000000000000000000000000000000000000001E1E1E000000001E1E1E00000000000000000000000000000000000000000000000000000000000000000000000000000000000000000000000000000000000000
310
0000000000000000000000000000000000000000000000001E1E1E1E00000000000000000000001E000000000000000000000000000000000000000000000000000000000000000000000000000000000000000000000000000000000000000000000000000000000000000000000000000000000000000000000000000000
310
000000000000001E1E00000000000000000000000000000000000000000000001E1E000000000000000000000000000000000000000000000000000000000000000000000000000000000000000000000000000000001E1E000000000000000000000000000000000000000000000000000000000000000000000000000000
310
00000000000000000000000000000000000000000000000000000000000000000000000000000000000000000000000000000000000000000000000000000000000000000000000000001E1E0000000000000000000000000000000000000000000000000000000000000000000000000000000000000000001E0000000000
310
0000000000000000001E1E000000000000000000000000000000000000000000000000000000000000000000000000000000000000000000000000000000000000000000001E1E1E1E000000000000000000000000000000000000000000000000000000000000000000000000000000000000000000000000000000000000
310
000000000000000000000000000000000000000000000000001E1E1E000000001E1E0000000000000000001E0000000000000000000000000000000000000000000000000000000000000000000000000000000000000000000000000000000000000000000000000000000000000000000000000000000000000000000000
310
000000000000000000001E00000000000000000000000000000000000000000000001E1E00001E1E000000000000000000000000000000000000000000000000000000000000000000000000000000000000000000000000000000001E00000000000000000000000000000000000000000000000000000000000000000000
310
00000000000000000000000000000000000000000000000000000000000000000000000000000000000000000000000000000000000000000000000000000000000000000000000000000000001E00000000000000000000000000000000000000000000000000000000000000000000000000000000000000000000001E00
310
0000000000000000000000000000001E000000000000000000000000000000000000000000000000000000000000000000000000000000000000000000000000000000000000000000000000000000000000000000000000000000000000000000000000001E1E000000000000000000000000000000000000000000000000
310
00000000000000000000000000000000000000000000000000000000001E000000000000001E0000000000000000001E00000000000000000000000000000000000000000000000000000000000000000000000000000000000000000000000000000000000000000000000000000000000000000000000000000000000000
310
0000000000000000000000001E1E000000000000000000000000000000000000000000001E1E0000000000001E000000000000000000000000000000000000000000000000000000000000000000000000000000000000000000000000000000001E1E00000000000000000000000000000000000000000000000000000000
310
000000000000000000000000000000000000000000000000000000000000000000000000000000000000000000000000000000000000000000000000000000000000000000000000000000000000001E1E00000000000000000000000000000000000000000000000000000000000000000000000000000000000000000000
310
001E0000000000000000000000000000000000001E000000000000000000000000000000000000000000000000000000000000000000000000000000000000000000000000000000000000000000000000000000000000000000000000000000000000000000001E1E00001E1E000000000000000000000000000000000000
310
00000000000000000000000000000000000000000000000000000000000000001E0000000000000000001E0000000000000000001E0000000000000000000000000000000000000000000000000000000000000000000000000000000000000000000000000000000000000000000000000000000000000000000000000000
310
00000000000000000000000000001E1E00000000000000000000000000000000000000000000001E00000000000000001E0000000000000000000000000000000000000000000000000000000000000000000000000000000000000000000000000000000000001E0000000000000000000000000000000000000000000000
310
000000000000000000000000000000000000000000000000000000000000000000000000000000000000000000000000000000000000000000000000000000000000000000000000000000000000000000001E0000000000000000000000000000000000000000000000000000000000000000000000000000000000000000
310
000000001E000000000000000000000000000000000000001E0000000000000000000000000000000000000000000000000000000000000000000000000000000000000000000000000000000000000000000000000000000000000000000000000000000000000000001E0000000000001E1E000000000000000000000000
310
0000000000000000000000000000000000000000000000000000000000000000000000001E0000000000000000001E0000000000000000001E00000000000000000000000000000000000000000000000000000000000000000000000000000000000000000000000000000000000000000000000000000000000000000000
310
00000000000000000000000000000000001E000000000000000000000000000000000000000000000000001E0000000000000000001E0000000000000000000000000000000000000000000000000000000000000000000000000000000000000000000000000000000000001E000000000000000000000000000000000000
310
000000000000000000000000000000000000000000000000000000000000000000000000000000000000000000000000000000000000000000000000000000000000000000000000000000000000000000000000001E0000000000000000000000000000000000000000000000000000000000000000000000000000000000
310
00000000000000001E00000000000000000000000000000000000000001E000000000000000000000000000000000000000000000000000000000000000000000000000000000000000000000000000000000000000000000000000000000000000000000000000000000000001E0000000000000000001E00000000000000
310
0000000000000000000000000000000000000000000000000000000000000000000000000000001E00000000000000000000001E00000000000000001E000000000000000000000000000000000000000000000000000000000000000000000000000000000000000000000000000000000000000000000000000000000000
310
000000000000000000000000000000000000001E1E000000000000000000000000000000000000000000000000001E000000000000000000001E000000000000000000000000000000000000000000000000000000000000000000000000000000000000000000000000000000000000001E00000000000000000000000000
310
0000000000000000000000000000000000000000000000000000000000000000000000000000000000000000000000000000000000000000000000000000000000000000000000000000000000000000000000000000001E1E0000000000000000000000000000000000000000000000000000000000000000000000000000
310
00000000000000000000001E0000000000000000000000000000000000000000001E000000000000000000000000000000000000000000000000000000000000000000000000000000000000000000000000000000000000000000000000000000000000000000000000000000000000001E000000000000000000001E0000
310
000000000000000000000000000000000000000000000000000000000000000000000000000000000000001E00000000000000000000001E00000000000000001E0000000000000000000000000000000000000000000000000000000000000000000000000000000000000000000000000000000000000000000000000000
310
000000000000000000000000000000000000000000001E0000000000000000000000000000000000000000000000000000001E00000000000000000000001E000000000000000000000000000000000000000000000000000000000000000000000000000000000000000000000000000000000000001E1E00000000000000
310
0000000000000000000000000000000000000000000000000000000000000000000000000000000000000000000000000000000000000000000000000000000000000000000000000000000000000000000000000000000000001E000000000000000000000000000000000000000000000000000000000000000000000000
310
0000000000000000000000000000001E0000000000000000000000000000000000000000001E0000000000000000000000000000000000000000000000000000000000000000000000000000000000000000000000000000000000000000000000000000000000000000000000000000000000001E00000000000000000000
310
00001E1E00000000000000000000000000000000000000000000000000000000000000000000000000000000000000001E000000000000000000001E00000000000000001E00000000000000000000000000000000000000000000000000000000000000000000000000000000000000000000000000000000000000000000
310
000000000000000000000000000000000000000000000000001E00000000000000000000000000000000000000000000000000000000001E000000000000000000001E0000000000000000000000000000000000000000000000000000000000000000000000000000000000000000000000000000000000000000001E0000
310
00000000000000000000000000000000000000000000000000000000000000000000000000000000000000000000000000000000000000000000000000000000000000000000000000000000000000000000000000000000000000001E1E000000000000000000000000000000000000000000000000000000000000000000
310
000000000000000000000000000000000000001E000000000000000000000000000000000000000000001E000000000000000000000000000000000000000000000000000000000000000000000000000000000000000000000000000000000000000000000000000000000000000000000000000000001E00000000000000
310
00000000000000001E000000000000000000000000000000000000000000000000000000000000000000000000000000000000001E0000000000000000001E0000000000000000001E00000000000000000000000000001E1E1E1E1E1E1E1E1E00000000000000000000000000000000000000000000000000000000000000
310
000000000000000000000000000000000000000000000000000000001E0000000000000000000000000000000000000000000000000000000000001E0000000000000000001E000000000000000000000000000000000000000000000000000000000000000000000000000000000000000000000000000000000000000000
310
00001E00000000000000000000000000000000000000000000000000000000000000000000000000000000000000000000000000000000000000000000000000000000000000000000000000000000000000000000000000000000000000001E00000000000000000000000000000000000000000000000000000000000000
310
00000000000000000000000000000000000000000000001E000000000000000000000000000000000000000000001E0000000000000000000000000000000000000000000000000000000000000000000000000000000000000000000000000000000000000000000000000000000000000000000000000000001E00000000
310
000000000000000000000000001E000000000000000000000000000000000000000000000000000000000000000000000000000000000000001E00000000000000001E0000000000000000001E000000000000000000001E1E1E1E0000000000000000001E1E00000000000000000000000000000000000000000000000000
310
000000000000000000000000000000000000000000000000000000000000001E00000000000000000000000000000000000000000000000000000000000000001E00000000000000001E0000000000000000000000000000000000000000000000000000000000000000000000000000000000000000000000000000000000
310
000000000000001E00000000000000000000000000000000000000000000000000000000000000000000000000000000000000000000000000000000000000000000000000000000000000000000000000000000000000000000000000000000001E1E00000000000000000000000000000000000000000000000000000000
310
0000000000000000000000000000000000000000000000000000001E000000000000000000000000000000000000000000001E0000000000000000000000000000000000000000000000000000000000000000000000000000000000000000000000000000000000000000000000000000000000000000000000000000001E
310
0000000000000000000000000000000000001E1E00000000000000000000000000000000000000000000000000000000000000000000000000000000001E1E000000001E1E1E0000000000000000001E00000000000000001E1E1E0000000000000000000000000000001E1E00000000000000000000000000000000000000
310
000000000000000000000000000000000000000000000000000000000000000000001E0000000000000000000000000000000000000000000000000000000000000000001E0000000000001E1E0000000000000000000000000000000000000000000000000000000000000000000000000000000000000000000000000000
310
0000000000000000000000001E0000000000000000000000000000000000000000000000000000000000000000000000000000000000000000000000000000000000000000000000000000000000000000000000000000000000000000000000000000001E0000000000000000000000000000000000000000000000000000
310
000000000000000000000000000000000000000000000000000000000000001E0000000000000000000000000000000000000000001E00000000000000000000000000000000000000000000000000000000000000000000000000000000000000000000000000000000000000000000000000000000000000000000000000
310
00001E0000000000000000000000000000000000000000001E00001E1E1E1E0000000000000000000000000000000000000000000000000000000000000000000000001E1E1E1E0000000000000000000000001E00000000001E1E1E00000000000000000000000000000000000000001E1E00000000000000000000000000
310
000000000000000000000000000000000000000000000000000000000000000000000000001E00000000000000000000000000000000000000000000000000000000000000000000001E1E00001E1E000000000000000000000000000000000000000000000000000000000000000000000000000000000000000000000000
310
00000000000000000000000000000000001E1E0000000000000000000000000000000000000000000000000000000000000000000000000000000000000000000000000000000000000000000000000000000000000000000000000000000000000000000000001E0000000000000000000000000000000000000000000000
310
00000000000000000000000000000000000000000000000000000000000000000000001E0000000000000000000000000000000000000000001E000000000000000000000000000000000000000000000000000000000000000000000000000000000000000000000000000000000000000000000000000000000000000000
310
00000000001E00000000000000000000000000000000000000000000001E1E000000001E0000000000000000000000000000000000000000000000000000000000000000000000000000000000000000000000000000001E001E1E1E1E000000000000000000000000000000000000000000000000001E0000000000000000
310
000000000000000000000000000000000000000000000000000000000000000000000000000000001E00000000000000000000000000000000000000000000000000000000000000000000000000001E1E00000000000000000000000000000000000000000000000000000000000000000000000000000000000000000000
310
00000000000000000000000000000000000000000000001E000000000000000000000000000000000000000000000000000000000000000000000000000000000000000000000000000000000000000000000000000000000000000000000000000000000000000000001E0000000000000000000000000000000000000000
310
0000000000000000000000000000000000000000000000000000000000000000000000000000001E0000000000000000000000000000000000000000001E0000000000000000000000000000000000000000000000000000000000000000000000000000000000000000000000000000000000000000000000000000000000
310
0000000000000000001E0000000000000000000000000000000000000000000000000000000000001E1E000000000000000000000000000000000000000000000000000000000000000000000000000000000000000000000000001E1E0000000000000000000000000000000000000000000000000000000000001E000000
310
00000000000000000000000000000000000000000000000000000000000000000000000000000000000000001E00000000000000000000000000000000000000000000000000000000000000000000000000000000000000000000000000000000000000000000000000000000000000000000000000000000000000000000
310
000000000000000000000000000000000000000000000000000000001E000000000000000000000000000000000000000000000000000000000000000000000000000000000000000000000000000000000000000000000000000000000000000000000000000000000000001E1E0000000000000000000000000000000000
310
00000000000000000000000000000000000000000000000000000000000000000000000000000000000000001E00000000000000000000000000000000000000001E00000000000000000000000000000000000000000000000000000000000000000000000000000000000000000000000000000000000000000000000000
310
0000000000000000000000001E0000000000000000000000000000000000000000000000000000000000000000001E0000000000000000000000000000000000000000000000000000000000000000000000000000000000000000000000000000000000000000000000000000000000000000000000000000000000000000
310
001E0000000000000000000000000000000000000000000000000000000000000000000000000000000000000000001E00000000000000000000000000000000000000000000000000000000000000000000000000000000000000000000000000000000000000000000000000000000000000000000000000000000000000
310
0000000000000000000000000000000000000000000000000000000000000000001E00000000000000000000000000000000000000000000000000000000000000000000000000000000000000000000000000000000000000000000000000000000000000000000000000000000001E000000000000000000000000000000
310
000000000000000000000000000000000000000000000000000000000000000000000000000000000000000000000000001E0000000000000000000000000000000000001E00000000000000000000000000000000000000000000000000000000000000000000000000000000000000000000000000000000000000000000
310
0000000000000000000000000000001E00000000000000000000000000000000000000000000000000000000000000000000001E1E0000000000000000000000000000000000000000000000000000000000000000000000000000000000000000000000000000000000000000000000000000000000000000000000000000
310
00000000001E00000000000000000000000000000000000000000000000000000000000000000000000000000000000000001E00000000000000000000000000000000000000000000000000000000000000000000000000000000000000000000000000000000000000000000000000000000000000000000000000000000
310
00000000000000000000000000000000000000000000000000000000000000000000000000001E0000000000000000000000000000000000000000000000000000000000000000000000000000000000000000000000000000000000000000000000000000000000000000000000000000001E000000000000000000000000
310
00000000000000000000000000000000000000000000000000000000000000000000000000000000000000000000000000000000001E0000000000000000000000000000000000001E000000000000000000000000000000000000000000000000000000000000000000000000000000000000000000000000000000000000
310
0000000000000000000000000000000000001E00000000000000000000000000000000000000000000000000000000000000000000000000001E000000000000000000000000000000000000000000000000000000000000000000000000000000000000000000000000000000000000000000000000000000000000000000
310
000000000000000000001E0000000000000000000000000000000000000000000000000000000000000000000000000000000000001E00000000000000000000000000000000000000000000000000000000000000000000000000000000000000000000000000000000000000000000000000000000000000000000000000
310
0000000000000000000000000000000000000000000000000000000000000000000000000000000000001E00000000000000000000000000000000000000000000000000000000000000000000000000000000000000000000000000000000000000000000000000000000000000000000000000001E000000000000000000
310
000000000000000000000000000000000000000000000000000000000000000000000000000000000000000000000000000000000000000000001E000000000000000000000000000000001E000000000000000000000000000000000000000000000000000000000000000000000000000000000000000000000000000000
310
000000000000000000000000000000000000000000001E0000000000000000000000000000000000000000000000000000000000000000000000000000001E00000000000000000000000000000000000000000000000000000000000000000000000000000000000000000000000000000000000000000000000000000000
310
0000000000000000000000000000001E000000000000000000000000000000000000000000000000000000000000000000000000000000001E00000000000000000000000000000000000000000000000000000000000000000000000000000000000000000000000000000000000000000000000000000000000000000000
310
00000000000000000000000000000000000000000000000000000000000000000000000000000000000000000000001E0000000000000000000000000000000000000000000000000000000000000000000000000000000000000000000000000000000000000000000000000000000000000000000000001E000000000000
310
0000000000000000000000000000000000000000000000000000000000000000000000000000000000000000000000000000000000000000000000000000001E000000000000000000000000001E1E000000000000000000000000000000000000000000000000000000000000000000000000000000000000000000000000
310
000000000000000000000000000000000000000000000000001E00000000000000000000000000000000000000000000000000000000000000000000000000000000001E1E00000000000000000000000000000000000000000000000000000000000000000000000000000000000000000000000000000000000000000000
310
000000001E1E1E1E0000000000000000000000001E00000000000000000000000000000000000000000000000000000000000000000000000000001E00000000000000000000000000000000000000000000000000000000000000000000000000000000000000000000000000000000000000000000000000000000000000
310
000000000000000000000000000000000000000000000000000000000000000000000000000000000000000000000000000000001E0000000000000000000000000000000000000000000000000000000000000000000000000000000000000000000000000000000000000000000000000000000000000000001E1E000000
310
00000000000000000000000000000000000000000000000000000000000000000000000000000000000000000000000000000000000000000000000000000000000000001E1E000000000000000000001E00000000000000000000000000000000000000000000000000000000000000000000000000000000000000000000
310
000000000000000000000000000000000000000000000000000000001E00000000000000000000000000000000000000000000000000000000000000000000000000000000000000001E0000000000000000000000000000000000000000000000000000000000000000000000000000000000000000000000000000000000
310
00000000001E1E1E000000001E1E000000000000000000001E000000000000000000000000000000000000000000000000000000000000000000000000001E00000000000000000000000000000000000000000000000000000000000000000000000000000000000000000000000000000000000000000000000000000000
310
00000000000000000000000000000000000000000000000000000000000000000000000000000000000000000000000000000000000000001E00000000000000000000000000000000000000000000000000000000000000000000000000000000000000000000000000000000000000000000000000000000000000001E00
310
00000000000000000000000000000000000000000000000000000000000000000000000000000000000000000000000000000000000000000000000000000000000000000000000000001E1E000000001E1E1E1E00000000000000000000000000000000000000000000000000000000000000000000000000000000000000
310
00000000000000000000000000000000000000000000000000000000000000001E0000000000000000000000000000000000000000000000000000000000000000000000000000000000000000001E1E0000000000000000000000000000000000000000000000000000000000000000000000000000000000000000000000
310
00000000000000001E00000000000000001E000000000000000000001E000000000000000000000000000000000000000000000000000000000000000000000000001E000000000000000000000000000000000000000000000000000000000000000000000000000000000000000000000000000000000000000000000000
310
000000000000000000000000000000000000000000000000000000000000000000000000000000000000000000000000000000000000000000000000001E0000000000000000000000000000000000000000000000000000000000000000000000000000000000000000000000000000000000000000000000000000000000
310
001E0000000000000000000000000000000000000000000000000000000000000000000000000000000000000000000000000000000000000000000000000000000000000000000000000000000000001E1E1E1E00000000000000000000000000000000000000000000000000000000000000000000000000000000000000
310
00000000000000000000000000000000000000000000000000000000000000000000001E0000000000000000000000000000000000000000000000000000000000000000000000000000000000000000000000001E000000000000000000000000000000000000000000000000000000000000000000000000000000000000
310
0000000000000000000000001E0000000000000000001E0000000000000000001E0000000000000000000000000000000000000000000000000000000000000000000000001E000000000000000000000000000000000000000000000000000000000000000000000000000000000000000000000000000000000000000000
310
00000000000000000000000000000000000000000000000000000000000000000000000000000000000000000000000000000000000000000000000000000000001E00000000000000000000000000000000000000000000000000000000000000000000000000000000000000000000000000000000000000000000000000
310
000000001E0000000000000000000000000000000000000000000000000000000000000000000000000000000000000000000000000000000000000000000000000000000000000000000000000000000000000000000000000000000000000000000000000000000000000000000000000000000000000000000000000000
310
00000000000000000000000000000000000000000000000000000000000000000000000000001E00000000000000000000000000000000000000000000000000000000000000000000000000000000000000000000000000001E1E000000000000000000000000000000000000000000000000000000000000000000000000
310
0000000000000000000000000000001E000000000000000000001E0000000000000000001E0000000000000000000000000000000000000000000000000000000000000000000000001E0000000000000000000000000000000000000000000000000000000000000000000000000000000000000000000000000000000000
310
000000000000000000000000000000000000000000000000000000000000000000000000000000000000000000000000000000000000000000000000000000000000000000001E0000000000000000000000000000000000000000000000000000000000000000000000000000000000000000000000000000000000000000
310
000000000000001E0000000000000000000000000000000000000000000000000000000000000000000000000000000000000000000000000000000000000000000000000000000000000000000000000000000000000000000000000000000000000000000000000000000000000000000000000000000000000000000000
310
00000000000000000000000000000000000000000000000000000000000000000000000000000000001E00000000000000000000000000000000000000000000000000000000000000000000000000000000000000000000000000000000001E00000000000000000000000000000000000000000000000000000000000000
310
000000000000000000000000000000000000001E00000000000000000000001E00000000000000001E00000000000000000000000000000000000000000000000000000000000000000000001E0000000000000000000000000000000000000000000000000000000000000000000000000000000000000000000000000000
310
0000000000000000000000000000000000000000000000000000000000000000000000000000000000000000000000000000000000000000000000000000000000000000000000000000001E000000000000000000000000000000000000000000000000000000000000000000000000000000000000000000000000000000
310
0000000000000000001E1E0000000000000000000000000000000000000000000000000000000000000000000000000000000000000000000000000000000000000000000000000000000000000000000000000000000000000000000000000000000000000000000000000000000000000000000000000000000000000000
310
0000000000000000000000000000000000000000000000000000000000000000000000000000000000000000001E0000000000000000000000000000000000000000000000000000000000000000000000000000000000000000000000000000000000001E1E00000000000000000000000000000000000000000000000000
310
00000000000000000000000000000000000000000000001E00000000000000000000001E00000000000000001E00000000000000000000000000000000000000000000000000000000000000000000001E00000000000000000000000000000000000000000000000000000000000000000000000000000000000000000000
310
000000000000000000000000000000000000000000000000000000000000000000000000000000000000000000000000000000000000000000000000000000000000000000000000000000000000001E0000000000000000000000000000000000000000000000000000000000000000000000000000000000000000000000
310
0000000000000000000000001E000000000000000000000000000000000000000000000000000000000000000000000000000000000000000000000000000000000000000000000000000000000000000000000000000000000000000000000000000000000000000000000000000000000000000000000000000000000000
310
0000000000000000000000000000000000000000000000000000000000000000000000000000000000000000000000001E0000000000000000000000000000000000000000000000000000000000000000000000000000000000000000000000000000000000000000001E0000000000000000000000000000000000000000
310
000000000000000000000000000000000000000000000000000000001E0000000000000000001E0000000000000000001E000000000000000000000000000000000000000000000000000000000000000000001E00000000000000000000000000000000000000000000000000000000000000000000000000000000000000
310
0000000000000000000000000000000000001E1E1E1E1E1E0000000000000000000000000000000000000000000000000000000000000000000000000000000000000000000000000000000000000000000000001E000000000000000000000000000000000000000000000000000000000000000000000000000000000000
310
00000000000000000000000000001E1E00000000000000000000000000000000000000001E1E1E1E000000000000000000000000000000000000000000000000000000000000000000000000000000000000000000000000000000000000000000000000000000000000000000000000000000000000000000000000000000
310
000000000000000000000000000000000000000000000000000000000000000000000000000000000000000000000000000000001E000000000000000000000000000000000000000000000000000000000000000000000000000000000000000000000000000000000000000000001E000000000000000000000000000000
310
00000000000000000000000000000000000000000000000000000000000000001E0000000000000000001E0000000000000000001E000000000000000000000000000000000000000000000000000000000000000000001E000000000000000000000000000000000000000000000000000000000000000000000000000000
310
000000000000000000000000000000001E1E1E1E1E1E0000000000001E1E1E1E1E1E000000000000000000000000000000000000000000000000000000000000000000000000000000000000000000000000000000000000001E00000000000000000000000000000000000000000000000000000000000000000000000000
310
00000000000000000000000000001E1E1E1E000000000000000000000000000000000000001E1E1E000000001E1E000000000000000000000000000000000000000000000000000000000000000000000000000000000000000000000000000000000000000000000000000000000000000000000000000000000000000000
310
00000000000000000000000000000000000000000000000000000000000000000000000000000000000000000000000000000000000000001E00000000000000000000000000000000000000000000000000000000000000000000000000000000000000000000000000000000000000000000001E1E000000000000000000
310
000000000000000000000000000000000000000000000000000000000000000000000000001E000000000000001E000000000000000000001E0000000000000000000000000000000000000000000000000000000000000000001E000000000000000000000000000000000000000000000000000000000000000000000000
310
00000000000000000000000000000000001E1E1E0000000000000000000000000000000000001E1E1E000000000000000000000000000000000000000000000000000000000000000000000000000000000000000000000000000000001E000000000000000000000000000000000000000000000000000000000000000000
310
00000000000000000000000000001E1E1E1E000000000000000000000000000000000000000000001E00000000000000001E0000000000000000000000000000000000000000000000000000000000000000000000000000000000000000000000000000000000000000000000000000000000000000000000000000000000
310
0000000000000000000000000000000000000000000000000000000000000000000000000000000000000000000000000000000000000000000000001E000000000000000000000000000000000000000000000000000000000000000000000000000000000000000000000000000000000000000000000000001E00000000
310
00000000000000000000000000000000000000000000000000000000000000000000000000000000001E1E000000001E1E1E0000000000000000001E000000000000000000000000000000000000000000000000000000000000000000001E0000000000000000000000000000000000000000000000000000000000000000
310
000000000000000000000000000000000000001E1E0000000000000000000000000000000000000000000000001E1E0000000000000000000000000000000000000000000000000000000000000000000000000000000000000000000000000000001E00000000000000000000000000000000000000000000000000000000
310
00000000000000000000000000001E1E1E1E00000000000000000000000000000000000000000000000000001E0000000000000000001E000000000000000000000000000000000000000000000000000000000000000000000000000000000000000000000000000000000000000000000000000000000000000000000000
310
000000000000000000000000000000000000000000000000000000000000000000000000000000000000000000000000000000000000000000000000000000001E0000000000000000000000000000000000000000000000000000000000000000000000000000000000000000000000000000000000000000000000000000
310
1E1E0000000000000000000000000000000000000000000000000000000000000000000000000000000000000000001E1E1E1E0000000000000000000000001E0000000000000000000000000000000000000000000000000000000000000000001E0000000000000000000000000000000000000000000000000000000000
310
0000000000000000000000000000000000000000001E1E000000000000000000000000000000000000000000000000000000001E1E000000000000000000000000000000000000000000000000000000000000000000000000000000000000000000000000001E000000000000000000000000000000000000000000000000
310
0000000000000000000000000000001E1E1E00000000000000000000000000000000000000000000000000000000001E000000000000000000001E0000000000000000000000000000000000000000000000000000000000000000000000000000000000000000000000000000000000000000000000000000000000000000
310
0000000000000000000000000000000000000000000000000000000000000000000000000000000000000000000000000000000000000000000000000000000000000000001E000000000000000000000000000000000000000000000000000000000000000000000000000000000000000000000000000000000000000000
310
0000000000001E00000000000000000000000000000000000000000000000000000000000000000000000000000000000000000000000000000000000000000000001E000000000000000000000000000000000000000000000000000000000000000000001E00000000000000000000000000000000000000000000000000
310
00000000000000000000000000000000000000000000001E1E00000000000000000000000000000000000000000000000000000000000000001E000000000000000000000000000000000000000000000000000000000000000000000000000000000000000000000000001E00000000000000000000000000000000000000
310
0000000000000000000000000000001E1E1E1E00000000000000000000000000000000000000000000000000000000000000001E00000000000000000000001E000000000000000000000000000000000000000000000000000000000000000000000000000000000000000000000000000000000000000000000000000000
310
00000000000000000000000000000000000000000000000000000000000000000000000000000000000000000000000000000000000000000000000000000000000000000000000000001E1E000000000000000000000000000000000000000000000000000000000000000000000000000000000000000000000000000000
310
00000000000000000000001E1E0000000000000000000000000000000000000000000000000000000000000000000000000000000000000000000000000000000000000000001E0000000000000000000000000000000000000000000000000000000000000000001E00000000000000000000000000000000000000000000
310
000000000000000000000000000000000000000000000000001E1E00000000000000000000000000000000000000000000000000000000000000000000001E1E00000000000000000000000000000000000000000000000000000000000000000000000000000000000000000000001E000000000000000000000000000000
310
0000000000000000000000000000001E1E1E1E0000000000000000000000000000000000000000000000000000000000000000000000001E00000000000000000000001E0000000000000000000000000000000000000000000000000000000000000000000000000000000000000000000000000000000000000000000000
310
00000000000000000000000000000000000000000000000000000000000000000000000000000000000000000000000000000000000000000000000000000000000000000000000000000000000000001E00000000000000000000000000000000000000000000000000000000000000000000000000000000000000000000
310
00000000000000000000000000000000001E000000000000000000000000000000000000000000000000000000000000000000000000000000000000000000000000000000000000001E000000000000000000000000000000000000000000000000000000000000000000001E000000000000000000000000000000000000
310
0000000000000000000000000000000000000000000000000000001E1E0000000000000000000000000000000000000000000000000000000000000000000000000000001E1E000000000000000000000000000000000000000000000000000000000000000000000000000000000000000000001E00000000000000000000
310
0000000000000000000000000000001E1E1E1E00000000000000000000000000000000000000000000000000000000000000000000000000000000001E0000000000000000001E0000000000000000000000000000000000000000000000000000000000000000000000000000000000000000000000000000000000000000
310
000000000000000000000000000000000000000000000000000000000000000000000000000000000000000000000000000000000000000000000000000000000000000000000000000000000000000000000000001E1E00000000000000000000000000000000000000000000000000000000000000000000000000000000
310
000000000000000000000000000000000000000000001E1E00000000000000000000000000000000000000000000000000000000000000000000000000000000000000000000000000000000001E0000000000000000000000000000000000000000000000000000000000000000001E000000000000000000000000000000
310
0000000000000000000000000000000000000000000000000000000000001E000000000000000000000000000000000000000000000000000000000000000000000000000000000000001E0000000000000000000000000000000000000000000000000000000000000000000000000000000000000000001E000000000000
310
00000000000000000000000000000000001E1E0000000000000000000000000000000000000000000000000000000000000000000000000000000000000000001E0000000000000000001E00000000000000000000000000000000000000000000000000000000000000000000000000000000000000000000000000000000
310
000000000000000000000000000000000000000000000000000000000000000000000000000000000000000000000000000000000000000000000000000000000000000000000000000000000000000000000000000000000000001E0000000000000000000000000000000000000000000000000000000000000000000000
310
000000000000000000000000000000000000000000000000000000001E0000000000000000000000000000000000000000000000000000000000000000000000000000000000000000000000000000001E000000000000000000000000000000000000000000000000000000000000000000001E0000000000000000000000
310
0000000000000000000000000000000000000000000000000000000000000000001E0000000000000000000000000000000000000000000000000000000000000000000000000000000000000000001E00000000000000000000000000000000000000000000000000000000000000000000000000000000000000001E0000
310
000000000000000000000000000000000000001E1E0000000000000000000000000000000000000000000000000000000000000000000000000000000000000000000000001E000000000000001E00000000000000000000000000000000000000000000000000000000000000000000000000000000000000000000000000
310
000000000000000000000000000000000000000000000000000000000000000000000000000000000000000000000000000000001E1E1E1E1E1E1E1E1E1E000000000000000000000000000000000000000000000000000000000000000000001E1E0000000000000000000000000000000000000000000000000000000000
310
0000000000000000000000000000000000000000000000000000000000000000001E0000000000000000000000000000000000000000000000000000000000000000000000000000000000000000000000001E1E000000000000000000000000000000000000000000000000000000000000000000001E0000000000000000
310
0000000000000000000000000000000000000000000000000000000000000000000000001E00000000000000000000000000000000000000000000000000000000000000000000000000000000000000000000001E000000000000000000000000000000000000000000000000000000000000000000000000000000000000
310
00001E000000000000000000000000000000000000001E00000000000000000000000000000000000000000000000000000000000000000000000000000000000000000000000000001E1E000000001E1E1E000000000000000000000000000000000000000000000000000000000000000000000000000000000000000000
310
000000000000000000000000000000000000000000000000000000000000000000000000000000000000000000000000001E1E1E1E1E1E1E000000000000000000001E1E1E1E1E1E0000000000000000000000000000000000000000000000000000000000001E000000000000000000000000000000000000000000000000
310
00000000000000000000000000000000000000000000000000000000000000000000000000001E1E0000000000000000000000000000000000000000000000000000000000000000000000000000000000000000001E0000000000000000000000000000000000000000000000000000000000000000000000001E00000000
310
0000000000000000000000000000000000000000000000000000000000000000000000000000001E000000000000000000000000000000000000000000000000000000000000000000000000000000000000000000000000001E00000000000000000000000000000000000000000000000000000000000000000000000000
310
0000000000001E00000000000000000000000000000000001E1E00000000000000000000000000000000000000000000000000000000000000000000000000000000000000000000000000000000001E1E1E1E0000000000000000000000000000000000000000000000000000000000000000000000000000000000000000
310
000000000000000000000000000000000000000000000000000000000000000000000000000000000000000000000000001E1E1E1E00000000000000000000000000000000000000000000001E1E1E000000000000000000000000000000000000000000000000000000001E1E000000000000000000000000000000000000
310
00000000000000000000000000000000000000000000000000000000000000000000000000000000000000001E000000000000000000000000000000000000000000000000000000000000000000000000000000000000001E000000000000000000000000000000000000000000000000000000000000000000000000001E
310
0000000000000000000000000000000000000000000000000000000000000000000000000000000000001E0000000000000000000000000000000000000000000000000000000000000000000000000000000000000000000000000000001E0000000000000000000000000000000000000000000000000000000000000000
310
00000000000000000000001E0000000000000000000000000000001E000000000000000000000000000000000000000000000000000000000000000000000000000000000000000000000000000000000000000000000000000000000000000000000000000000000000000000000000000000000000000000000000000000
310
000000000000000000000000000000000000000000000000000000000000000000000000000000000000000000000000001E1E1E1E0000000000000000000000000000000000000000000000000000000000001E1E1E0000000000000000000000000000000000000000000000000000001E00000000000000000000000000
310
000000000000000000000000000000000000000000000000000000000000000000000000000000000000000000000000001E1E000000000000000000000000000000000000000000000000000000000000000000000000000000001E0000000000000000000000000000000000000000000000000000000000000000000000
310
00001E0000000000000000000000000000000000000000000000000000000000000000000000000000000000001E00000000000000000000000000000000000000000000000000000000000000000000000000000000000000000000000000000000001E000000000000000000000000000000000000000000000000000000
310
0000000000000000000000000000001E00000000000000000000000000001E000000000000000000000000000000000000000000000000000000000000000000000000000000000000000000000000000000000000000000000000000000000000000000000000000000000000000000000000000000000000000000000000
310
00000000000000000000000000000000000000000000000000000000000000000000000000000000000000000000000000001E1E1E000000000000000000000000000000000000000000000000000000000000000000000000001E1E000000000000000000000000000000000000000000000000001E000000000000000000
310
000000000000000000000000000000000000000000000000000000000000000000000000000000000000000000000000000000000000001E000000000000000000000000000000000000000000000000000000000000000000000000000000001E1E0000000000000000000000000000000000000000000000000000000000
310
0000000000001E00000000000000000000000000000000000000000000000000000000000000000000000000000000001E000000000000000000000000000000000000000000000000000000000000000000000000000000000000000000000000000000000000001E00000000000000000000000000000000000000000000
310
000000000000000000000000000000000000001E00000000000000000000000000001E0000000000000000000000000000000000000000000000000000000000000000000000000000000000000000000000000000000000000000000000000000000000000000000000000000000000000000000000000000000000000000
310
00000000000000000000000000000000000000000000000000000000000000000000000000000000000000000000000000001E1E1E1E0000000000000000000000000000000000000000000000000000000000000000000000000000000000001E1E0000000000000000000000000000000000000000000000001E00000000
310
0000000000000000000000000000000000000000000000000000000000000000000000000000000000000000000000000000000000000000000000001E1E000000000000000000000000000000000000000000000000000000000000000000000000000000001E000000000000000000000000000000000000000000000000
310
000000000000000000001E000000000000000000000000000000000000000000000000000000000000000000000000000000001E0000000000000000000000000000000000000000000000000000000000000000000000000000000000000000000000000000000000000000001E0000000000000000000000000000000000
310
0000000000000000000000000000000000000000000000001E0000000000000000000000001E0000000000000000000000000000000000000000000000000000000000000000000000000000000000000000000000000000000000000000000000000000000000000000000000000000000000000000000000000000000000
310
00000000000000000000000000000000000000000000000000000000000000000000000000000000000000000000000000001E1E1E1E0000000000000000000000000000000000000000000000000000000000000000000000000000000000000000000000001E000000000000000000000000000000000000000000000000
310
1E00000000000000000000000000000000000000000000000000000000000000000000000000000000000000000000000000000000000000000000000000000000001E000000000000000000000000000000000000000000000000000000000000000000000000000000001E1E000000000000000000000000000000000000
310
000000000000000000000000001E000000000000000000000000000000000000000000000000000000000000000000000000000000001E00000000000000000000000000000000000000000000000000000000000000000000000000000000000000000000000000000000000000000000001E000000000000000000000000
310
000000000000000000000000000000000000000000000000000000001E00000000000000000000001E0000000000000000000000000000000000000000000000000000000000000000000000000000000000000000000000000000000000000000000000000000000000000000000000000000000000000000000000000000
310
0000000000000000000000000000000000000000000000000000000000000000000000000000000000000000000000000000001E1E1E00000000000000000000000000000000000000000000000000000000000000000000000000000000000000000000000000000000001E00000000000000000000000000000000000000
310
000000001E0000000000000000000000000000000000000000000000000000000000000000000000000000000000000000000000000000000000000000000000000000000000001E1E000000000000000000000000000000000000000000000000000000000000000000000000000000001E00000000000000000000000000
310
00000000000000000000000000000000001E0000000000000000000000000000000000000000000000000000000000000000000000000000001E000000000000000000000000000000000000000000000000000000000000000000000000000000000000000000000000000000000000000000000000001E00000000000000
310
00000000000000000000000000000000001E1E1E1E0000000000000000000000001E000000000000000000001E00000000000000000000000000000000000000000000000000000000000000000000000000000000000000000000000000000000000000000000000000000000000000000000000000000000000000000000
310
0000000000000000000000000000000000000000000000000000000000000000000000000000000000000000000000000000001E1E1E1E0000000000000000000000000000000000000000000000000000000000000000000000000000000000000000000000000000000000000000001E1E00000000000000000000000000
310
00000000000000001E00000000000000000000000000000000000000000000000000000000000000000000000000000000000000000000000000000000000000000000000000000000000000001E000000000000000000000000000000000000000000000000000000000000000000000000000000001E0000000000000000
310
0000000000000000000000000000000000000000001E0000000000000000000000000000000000000000000000000000000000000000000000000000001E000000000000000000000000000000000000000000000000000000000000000000000000000000000000000000000000000000000000000000000000001E000000
310
0000000000000000000000000000000000001E1E1E000000001E1E000000000000000000001E0000000000000000001E0000000000000000000000001E1E1E1E000000000000000000000000000000000000000000000000000000000000000000000000000000000000000000000000000000000000000000000000000000
310
000000000000000000000000000000000000000000000000000000000000000000000000000000000000000000000000000000001E1E1E0000000000000000000000000000000000000000000000000000000000000000000000000000000000000000000000000000000000000000000000000000001E0000000000000000
310
000000000000000000000000001E00000000000000000000000000000000000000000000000000000000000000000000000000000000000000000000000000000000000000000000000000000000000000001E000000000000000000000000000000000000000000000000000000000000000000000000000000001E1E0000
310
000000000000000000000000000000000000000000000000001E00000000000000000000000000000000000000000000000000000000000000000000000000001E0000000000000000000000000000000000000000000000000000000000000000000000000000000000000000000000000000000000000000000000000000
310
001E00000000000000000000000000000000000000001E000000000000001E000000000000000000001E0000000000000000001E0000000000000000001E1E1E000000001E1E000000000000000000000000000000000000000000000000000000000000000000000000000000000000000000000000000000000000000000
310
000000000000000000000000000000000000000000000000000000000000000000000000000000000000000000000000000000001E1E1E1E000000000000000000000000000000001E1E1E1E1E000000000000000000000000000000000000000000000000000000000000000000000000000000000000000000001E000000
310
0000000000000000000000000000000000001E1E000000000000000000000000000000000000000000000000000000000000000000000000000000000000000000000000000000000000000000000000000000000000001E1E0000000000000000000000000000000000000000000000000000000000000000000000000000
310
00001E000000000000000000000000000000000000000000000000001E0000000000000000000000000000000000000000000000000000000000000000000000000000001E00000000000000000000000000000000000000000000000000000000000000000000000000000000000000000000000000000000000000000000
310
00000000001E000000000000000000000000000000000000001E0000000000000000001E0000000000000000001E0000000000000000001E0000000000000000001E000000000000001E0000000000000000000000000000000000000000000000000000000000000000000000000000000000000000000000000000000000
310
000000000000000000000000000000000000000000000000000000000000000000000000000000000000000000000000000000001E1E1E1E00000000000000000000000000000000001E1E1E00000000001E1E1E00000000000000000000000000000000000000000000000000000000000000000000000000000000000000
310
001E000000000000000000000000000000000000000000001E00000000000000000000000000000000000000000000000000000000000000000000000000000000000000000000000000000000000000000000000000000000000000001E000000000000000000000000000000000000000000000000000000000000000000
310
000000000000001E1E00000000000000000000000000000000000000000000001E00000000000000000000000000000000000000000000000000000000000000000000000000001E00000000000000000000000000000000000000000000000000000000000000000000000000000000000000000000000000000000000000
310
000000000000000000001E0000000000000000000000000000000000001E0000000000000000001E0000000000000000001E0000000000000000001E00000000000000001E0000000000000000001E000000000000000000000000000000000000000000000000000000000000000000000000000000000000000000000000
310
00000000000000000000000000000000000000000000000000000000000000000000000000000000000000000000000000000000001E1E1E000000000000000000000000000000000000001E1E00000000000000000000001E1E00000000000000000000000000000000000000000000000000000000000000000000000000
310
0000000000001E000000000000000000000000000000000000000000001E00000000000000000000000000000000000000000000000000000000000000000000000000000000000000000000000000000000000000000000000000000000000000001E1E000000000000000000000000000000000000000000000000000000
310
000000000000000000000000001E000000000000000000000000000000000000000000001E00000000000000000000000000000000000000000000000000000000000000000000000000001E000000000000000000000000000000000000000000000000000000000000000000000000000000000000000000000000000000
310
0000000000000000000000000000001E000000000000000000000000000000001E00000000000000000000001E0000000000000000001E000000000000001E0000000000000000001E0000000000000000001E0000000000000000000000000000000000000000000000000000000000000000000000000000000000000000
310
00000000000000000000000000000000000000000000000000000000000000000000000000000000000000000000000000000000001E1E1E1E0000000000000000000000000000000000000000001E0000000000000000000000000000001E1E00000000000000000000000000000000000000000000000000000000000000
310
00000000000000000000001E000000000000000000000000000000000000000000001E1E00000000000000000000000000000000000000000000000000000000000000000000000000000000000000000000000000000000000000000000000000000000000000001E00000000000000000000000000000000000000000000
310
0000000000000000000000000000000000001E1E000000000000000000000000000000000000001E00000000000000000000000000000000000000000000000000000000000000000000000000001E000000000000000000000000000000000000000000000000000000000000000000000000000000000000000000000000
310
000000000000000000000000000000000000001E000000000000000000000000000000001E00000000000000000000001E0000000000000000001E000000000000001E00000000000000001E00000000000000000000001E000000000000000000000000000000000000000000000000000000000000000000000000000000
310
00000000000000000000000000000000000000000000000000000000000000000000000000000000000000000000000000000000001E1E1E1E0000000000000000000000000000000000000000000000001E0000000000000000000000000000000000001E0000000000000000000000000000000000000000000000000000
310
000000000000000000000000000000001E00000000000000000000000000000000000000000000001E00000000000000000000000000000000000000000000000000000000000000000000000000000000000000000000000000000000000000000000000000000000000000001E0000000000000000000000000000000000
310
000000000000000000000000000000001E1E0000000000001E0000000000000000000000000000000000001E00000000000000000000000000000000000000000000000000000000000000000000000000001E0000000000000000000000000000000000000000000000000000000000000000000000000000000000000000
310
0000000000000000000000000000000000000000000000001E000000000000000000000000000000001E000000000000000000001E0000000000000000001E000000000000001E00000000000000001E00000000000000000000001E0000000000000000000000000000000000000000001E1E1E1E1E000000000000000000
310
0000000000000000000000000000000000000000000000000000000000000000000000000000000000000000000000000000000000001E1E1E000000000000000000000000000000000000000000000000000000001E000000000000000000000000000000000000001E1E0000000000000000000000000000000000000000
310
0000000000000000000000000000000000000000001E00000000000000000000000000000000000000000000001E1E0000000000000000000000000000000000000000000000000000000000000000000000000000000000000000000000000000000000000000000000000000000000001E00000000000000000000000000
310
0000000000000000000000000000000000001E1E00001E1E00000000001E00000000000000000000000000000000001E000000000000000000000000000000000000000000000000000000000000000000000000001E0000000000000000000000000000000000000000000000000000000000000000000000000000000000
310
000000000000000000000000000000000000000000000000000000001E000000000000000000000000000000001E0000000000000000001E000000000000000000001E000000000000001E0000000000000000001E000000000000000000001E00000000000000000000000000000000000000001E00000000001E1E000000
310
000000000000000000000000000000000000000000000000000000000000000000000000000000000000000000000000000000000000001E1E1E0000000000000000000000000000000000000000000000000000000000001E000000000000000000000000000000000000000000001E1E0000000000000000000000000000
310
00000000000000000000000000000000000000000000000000001E1E00000000000000000000000000000000000000000000001E0000000000000000000000000000000000000000000000000000000000000000000000000000000000000000000000000000000000000000000000000000000000001E0000000000000000
310
00000000000000000000000000000000000000001E1E0000000000001E00000000001E000000000000000000000000000000001E000000000000000000000000000000000000000000000000000000000000000000000000001E00000000000000000000000000000000000000000000000000000000000000000000000000
310
0000000000000000000000000000000000000000000000000000000000000000001E000000000000000000000000000000001E00000000000000001E0000000000000000001E00000000000000001E0000000000000000001E0000000000000000001E00000000000000000000000000000000000000001E00000000000000
310
001E1E00000000000000000000000000000000000000000000000000000000000000000000000000000000000000000000000000000000001E1E1E00000000000000000000000000000000000000000000000000000000000000001E000000000000000000000000000000000000000000000000001E1E0000000000000000
310
00000000000000000000000000000000000000000000000000000000000000001E00000000000000000000000000000000000000000000001E00000000000000000000000000000000000000000000000000000000000000000000000000000000000000000000000000000000000000000000000000000000001E00000000
310
00000000000000000000000000000000000000000000001E00000000000000001E00000000001E000000000000000000000000000000001E000000000000000000000000000000000000000000000000000000000000000000000000001E000000000000000000000000000000000000000000000000000000000000000000
310
000000000000000000000000000000000000000000000000000000000000000000000000001E000000000000000000000000000000001E1E000000001E1E1E000000000000000000001E0000000000000000001E0000000000000000001E00000000000000001E00000000000000000000000000000000000000001E000000
310
000000000000001E1E000000000000000000000000000000000000000000000000000000000000000000000000000000000000000000000000001E1E00000000000000000000000000000000000000000000000000000000000000000000001E0000000000001E1E000000000000000000000000000000000000001E000000
310
000000000000000000000000000000000000000000000000000000000000000000000000001E00000000000000000000000000000000000000000000001E1E00000000000000000000000000000000000000000000000000000000000000000000000000000000000000000000000000000000000000000000000000001E00
310
0000000000000000000000000000000000000000000000000000001E0000000000000000001E00000000001E0000000000000000000000000000001E000000000000000000000000000000000000000000000000000000000000000000000000001E0000000000000000000000000000000000000000000000000000000000
310
00000000000000000000000000000000000000000000000000000000000000000000000000000000001E0000000000000000000000000000000000001E1E1E1E0000000000000000000000001E000000000000000000001E0000000000000000001E0000000000001E1E00000000000000000000000000000000000000001E
310
000000000000000000000000001E1E000000000000000000000000000000000000000000000000000000000000000000000000000000000000000000001E0000000000000000000000000000000000000000000000000000000000000000000000001E00000000001E1E00001E1E0000000000000000000000000000000000
310
001E000000000000000000000000000000000000000000000000000000000000000000000000000000001E0000000000000000000000000000000000000000000000001E0000000000000000000000000000000000000000000000000000000000000000000000000000000000000000000000000000000000000000000000
310
00001E0000000000000000000000000000000000000000000000000000001E000000000000000000001E0000000000001E00000000000000000000000000001E0000000000000000000000000000000000000000000000000000000000000000000000001E0000000000000000000000000000000000000000000000000000
310
0000000000000000000000000000000000000000000000000000000000000000000000000000000000000000001E000000000000000000000000000000000000000000000000000000000000000000001E000000000000000000001E000000000000000000001E1E00001E1E00000000000000000000000000000000000000
310
0000001E0000000000000000000000000000001E1E0000000000000000000000000000000000000000000000000000000000000000000000000000000000001E1E000000000000000000000000000000000000000000000000000000000000000000000000001E0000001E1E0000000000001E000000000000000000000000
310
0000000000001E000000000000000000000000000000000000000000000000000000000000000000000000000000001E0000000000000000000000000000000000000000000000001E1E0000000000000000000000000000000000000000000000000000000000000000000000000000000000000000000000000000000000
310
00000000001E000000000000000000000000000000000000000000000000000000001E00000000000000000000001E00000000001E00000000000000000000000000001E0000000000000000000000000000000000000000000000000000000000000000000000001E00000000000000000000000000000000000000000000
310
000000000000000000000000000000000000000000000000000000000000000000000000000000000000000000000000001E0000000000000000000000000000000000000000000000000000000000000000001E00000000000000000000001E0000000000000000000000001E1E0000000000000000000000000000000000
310
0000000000001E0000000000000000000000000000000000001E1E1E00000000000000000000000000000000000000000000000000000000000000000000000000001E00000000000000000000000000000000000000000000000000000000000000000000000000001E0000001E00000000000000001E0000000000000000
310
00000000000000000000001E000000000000000000000000000000000000000000000000000000000000000000000000000000001E000000000000000000000000000000000000000000000000001E000000000000000000000000000000000000000000000000000000000000000000000000000000000000000000000000
310
00000000000000001E0000000000000000000000000000000000000000000000000000000000001E000000000000000000001E00000000001E00000000000000000000000000001E0000000000000000000000000000000000000000000000000000000000000000000000001E000000000000000000000000000000000000
310
00000000000000000000000000000000000000000000000000000000000000000000000000000000000000000000000000000000001E0000000000000000000000000000000000000000000000000000000000000000001E0000000000000000000000001E0000000000000000000000000000000000000000000000000000
310
000000000000000000001E0000000000000000000000000000000000000000001E1E00000000000000000000000000000000000000000000000000000000000000000000001E0000000000000000000000000000000000000000000000000000000000000000000000000000001E0000001E0000000000000000001E000000
310
000000000000000000000000000000001E000000000000000000000000000000000000000000000000000000000000000000000000000000001E000000000000000000000000000000000000000000000000001E00000000000000000000000000000000000000000000000000000000000000000000000000000000000000
310
0000000000000000000000001E0000000000000000000000000000000000000000000000000000000000001E0000000000000000001E0000000000001E00000000000000000000000000001E0000000000000000000000000000000000000000000000000000000000000000000000001E0000000000000000000000000000
310
0000000000000000000000000000000000000000000000000000000000000000000000000000000000000000000000000000000000000000001E00000000000000000000000000000000000000000000000000000000000000001E000000000000000000000000001E00000000000000000000000000000000000000000000
310
000000000000000000000000001E0000000000000000000000000000000000000000000000001E1E000000000000000000000000000000000000000000000000000000000000001E1E0000000000000000000000000000000000000000000000000000000000000000000000000000001E0000001E00000000000000000000
310
1E00000000000000000000000000000000000000001E000000000000000000000000000000000000000000000000000000000000000000000000000000001E000000000000000000000000000000000000000000000000001E1E00000000000000000000000000000000000000000000000000000000000000000000000000
310
0000000000000000000000000000001E00000000000000000000000000000000000000000000000000000000000000001E00000000000000001E000000000000001E0000000000000000000000001E000000000000000000000000000000000000000000000000000000000000000000000000001E00000000000000000000
310
00000000000000000000000000000000000000000000000000000000000000000000000000000000000000000000000000000000000000000000000000001E0000000000000000000000000000000000000000000000000000000000001E0000000000000000000000000000001E0000000000000000000000000000000000
310
00000000000000000000000000000000001E00000000000000000000000000000000000000000000000000001E1E000000000000000000000000000000000000000000000000000000001E00000000000000000000000000000000000000000000000000000000000000000000000000000000001E0000001E000000000000
310
00000000001E00000000000000000000000000000000000000001E000000000000000000000000000000000000000000000000000000000000000000000000000000001E00000000000000000000000000000000000000000000000000001E0000000000000000000000000000000000000000000000000000000000000000
310
000000000000000000000000000000000000001E00000000000000000000000000000000000000000000000000000000000000001E0000000000001E1E00000000000000001E0000000000000000000000001E000000000000000000000000000000000000000000000000000000000000000000000000001E000000000000
310
0000000000000000000000000000000000000000000000000000000000000000000000000000000000000000000000000000000000000000000000000000000000001E00000000000000000000000000000000000000000000000000000000001E00000000000000000000000000000000001E000000000000000000000000
310
00000000000000000000000000000000000000001E00000000000000000000000000000000000000000000000000000000001E1E000000000000000000000000000000000000000000000000001E00000000000000000000000000000000000000000000000000000000000000000000000000000000001E00000000001E00
310
0000000000000000001E0000000000000000000000000000000000000000001E000000000000000000000000000000000000000000000000000000000000000000000000000000001E00000000000000000000000000000000000000000000000000001E1E0000000000000000000000000000000000000000000000000000
310
000000000000000000000000000000000000000000001E000000000000000000000000000000000000000000000000000000000000000000001E1E00001E1E000000000000000000001E0000000000000000000000001E0000000000000000000000000000000000000000000000000000000000000000000000001E000000
310
000000000000000000000000000000000000000000000000000000000000000000000000000000000000000000000000000000000000000000000000000000000000000000001E000000000000000000000000000000000000000000000000000000001E000000000000000000000000000000000000001E00000000000000
310
0000000000000000000000000000000000000000000000001E000000000000000000000000000000000000000000000000000000000000001E1E000000000000000000000000000000000000000000001E0000000000000000000000000000000000000000000000000000000000000000000000000000000000001E000000
310
00001E0000000000000000001E00000000000000000000000000000000000000000000001E1E0000000000000000000000000000000000000000000000000000000000000000000000000000001E0000000000000000000000000000000000000000000000000000001E000000000000000000000000000000000000000000
310
00000000000000000000000000000000000000000000000000001E0000000000000000000000000000000000000000000000000000000000000000000000001E1E0000000000000000000000001E0000000000000000000000001E000000000000000000000000000000000000000000000000000000000000000000000000
310
1E000000000000000000000000000000000000000000000000000000000000000000000000000000000000000000000000000000000000000000000000000000000000000000000000001E000000000000000000000000000000000000000000000000000000001E00000000000000000000000000000000000000001E0000
310
0000000000000000000000000000000000000000000000000000001E000000000000000000000000000000000000000000000000000000000000000000001E0000000000000000000000000000000000000000001E00000000000000000000000000000000000000000000000000000000000000000000000000000000001E
310
000000000000001E00000000000000001E000000000000000000000000000000000000000000000000001E0000000000000000000000000000000000000000000000000000000000000000000000000000001E1E00000000000000000000000000000000000000000000000000001E1E000000000000000000000000000000
310
00000000000000000000000000000000000000000000000000000000001E00000000000000000000000000000000000000000000000000000000000000000000000000000000000000000000000000001E000000000000000000000000001E0000000000000000000000000000000000000000000000000000000000000000
310
000000001E000000000000000000000000000000000000000000000000000000000000000000000000000000000000000000000000000000000000000000000000000000000000000000000000001E0000000000000000000000000000000000000000000000000000001E0000000000000000000000000000000000000000
310
1E1E1E000000000000000000000000000000000000000000000000000000001E000000000000000000000000000000000000000000000000000000000000000000001E00000000000000000000000000000000000000001E000000000000000000000000000000000000000000000000000000000000000000000000000000
310
0000001E000000000000001E0000000000001E1E0000000000000000000000000000000000000000000000000000001E1E0000000000000000000000000000000000000000000000000000000000000000000000000000001E0000000000000000000000000000000000000000000000000000001E00000000000000000000
310
0000000000000000000000000000000000000000000000000000000000000000001E00000000000000000000000000000000000000000000000000000000000000000000000000000000000000000000000000001E000000000000000000000000001E00000000000000000000000000000000000000000000000000000000
310
00000000000000001E000000000000000000000000000000000000000000000000000000000000000000000000000000000000000000000000000000000000000000000000000000000000000000000000001E00000000000000000000000000000000000000000000000000001E0000000000000000000000000000000000
310
1E1E1E1E0000000000000000000000000000000000000000000000000000000000001E0000000000000000000000000000000000000000000000000000000000000000000000001E0000000000000000000000000000000000001E000000000000000000000000000000000000000000000000000000000000000000000000
310
0000000000001E0000000000000000001E1E00001E1E000000000000000000000000000000000000000000000000000000000000001E1E00000000000000000000000000000000000000000000000000000000000000000000000000001E0000000000000000000000000000000000000000000000000000001E0000000000
310
0000000000000000000000000000000000000000000000000000000000000000000000001E00000000000000000000000000000000000000000000000000000000000000000000000000000000000000000000000000001E00000000000000000000000000001E000000000000000000000000000000000000000000000000
310
0000000000000000000000001E000000000000000000000000000000000000000000000000000000000000000000000000000000000000000000000000000000000000000000000000000000000000000000000000001E000000000000000000000000000000000000000000000000001E0000000000000000000000000000
310
1E1E1E1E000000000000000000000000000000000000000000000000000000000000000000001E0000000000000000000000000000000000000000000000000000000000000000000000001E00000000000000000000000000000000001E000000000000000000000000000000000000000000000000000000000000000000
310
000000000000000000001E00000000000000000000001E1E00000000000000000000000000000000000000000000000000000000000000000000001E1E000000000000000000000000000000000000000000000000000000000000000000000000001E0000000000000000000000000000000000000000000000000000001E
310
1E00000000000000000000000000000000000000000000000000000000000000000000000000001E0000000000000000000000000000000000000000000000000000000000000000000000000000000000000000000000000000001E00000000000000000000000000001E0000000000000000000000000000000000000000
310
000000000000000000000000000000001E000000000000000000000000000000000000000000000000000000000000000000000000000000000000000000000000000000000000000000000000000000000000000000000000001E0000000000000000000000000000000000000000000000001E0000000000000000000000
310
1E1E1E1E000000000000000000000000000000000000000000000000000000000000000000000000001E000000000000000000000000000000000000000000000000000000000000000000000000001E00000000000000000000000000000000001E0000000000000000000000000000000000000000000000000000000000
310
00000000000000000000000000001E00000000000000000000000000000000000000000000000000000000000000000000000000000000000000000000000000001E1E1E1E000000000000000000000000000000000000000000000000000000000000000000001E0000000000000000000000000000000000000000000000
310
00000000001E000000000000000000000000000000000000000000000000000000000000000000000000001E00000000000000000000000000000000000000000000000000000000000000000000000000000000000000000000000000001E0000000000000000000000000000001E00000000000000000000000000000000
310
0000000000000000000000000000000000000000001E0000000000000000000000000000000000000000000000000000000000000000000000000000000000000000000000000000000000000000000000000000000000000000000000001E0000000000000000000000000000000000000000000000001E00000000000000
310
001E1E1E000000000000000000000000000000000000000000000000000000000000000000000000000000001E00000000000000000000000000000000000000000000000000000000000000000000000000001E000000000000000000000000000000001E0000000000000000000000000000000000000000000000000000
310
00000000000000000000000000000000001E000000000000000000000000000000000000000000000000000000000000000000000000000000000000000000000000000000000000001E1E1E1E1E1E1E1E0000000000000000000000000000000000000000000000000000001E000000000000000000000000000000000000
310
000000000000000000001E1E000000000000000000000000000000000000000000000000000000000000000000001E0000000000000000000000000000000000000000000000000000000000000000000000000000000000000000000000000000001E0000000000000000000000000000001E000000000000000000000000
310
000000000000000000000000000000000000000000000000001E0000000000000000000000000000000000000000000000000000000000000000000000000000000000000000000000000000000000000000000000000000000000000000000000001E00000000000000000000000000000000000000000000001E00000000
310
0000001E1E00000000000000000000000000000000000000000000000000000000000000000000000000000000001E1E00000000000000000000000000000000000000000000000000000000000000000000000000001E000000000000000000000000000000001E0000000000000000000000000000000000000000000000
310
0000000000000000000000000000000000000000001E0000000000000000000000000000000000000000000000000000000000000000000000000000000000000000000000000000000000000000000000000000001E1E1E1E1E1E000000000000000000000000000000000000000000001E00000000000000000000000000
310
000000000000000000000000000000001E00000000000000000000000000000000000000000000000000000000000000001E0000000000000000000000000000000000000000000000000000000000000000000000000000000000000000000000000000001E000000000000000000000000000000001E0000000000000000
310
00000000000000000000000000000000000000000000000000000000001E0000000000000000000000000000000000000000000000000000000000000000000000000000000000000000000000000000000000000000000000000000000000000000000000001E000000000000000000000000000000000000000000001E00
310
0000000000001E0000000000000000000000000000000000000000000000000000000000000000000000000000000000001E000000000000000000000000000000000000000000000000000000000000000000000000000000001E000000000000000000000000000000001E00000000000000000000000000000000000000
310
0000000000000000000000000000000000000000000000001E000000000000000000000000000000000000000000000000000000000000000000000000000000000000000000000000000000000000000000000000000000000000000000001E1E1E00000000000000000000000000000000000000001E0000000000000000
310
0000000000000000000000000000000000000000001E0000000000000000000000000000000000000000000000000000000000001E000000000000000000000000000000000000000000000000000000000000000000000000000000000000000000000000000000001E000000000000000000000000000000001E00000000
310
0000000000000000000000000000000000000000000000000000000000000000001E00000000000000000000000000000000000000000000000000000000000000000000000000000000000000000000000000000000000000000000000000000000000000000000001E000000000000000000000000000000000000000000
310
001E0000000000001E1E000000000000000000000000000000000000000000000000000000000000000000000000000000000000001E0000000000000000000000000000000000000000000000000000000000000000000000000000001E000000000000000000000000000000001E00000000000000000000000000000000
310
000000000000000000000000000000000000000000000000000000001E000000000000000000000000000000000000000000000000000000000000000000000000000000000000000000000000000000000000000000000000000000000000000000000000001E1E000000000000000000000000000000000000001E000000
310
00000000000000000000000000000000000000000000000000001E1E000000000000000000000000000000000000000000000000000000001E0000000000000000000000000000000000000000000000000000000000000000000000000000000000000000000000000000001E000000000000000000000000000000000000
310
1E0000000000000000000000000000000000000000000000000000000000000000000000001E00000000000000000000000000000000000000000000000000000000000000000000000000000000000000000000000000000000000000000000000000000000000000000000001E0000000000000000000000000000000000
310
000000001E0000000000001E00000000000000000000000000000000000000000000000000000000000000000000000000000000000000001E000000000000000000000000000000000000000000000000000000000000000000000000000000001E000000000000000000000000000000001E000000000000000000000000
310
000000000000000000000000000000000000000000000000000000000000001E000000000000000000000000000000000000000000000000000000000000000000000000000000000000000000000000000000000000000000000000000000000000000000000000000000001E1E1E00000000000000000000000000000000
310
001E0000000000000000000000000000000000000000000000000000000000001E00000000000000000000000000000000000000000000000000001E0000000000000000000000000000000000000000000000000000000000000000000000000000000000000000000000000000001E000000000000000000000000000000
310
000000001E0000000000000000000000000000000000000000000000000000000000000000000000001E00000000000000000000000000000000000000000000000000000000000000000000000000000000000000000000000000000000000000000000000000000000000000000000001E00000000000000000000000000
310
00000000000000001E00000000001E0000000000000000000000000000000000000000000000000000000000000000000000000000000000000000001E0000000000000000000000000000000000000000000000000000000000000000000000000000001E000000000000000000000000000000001E000000000000000000
310
00000000000000000000000000000000000000000000000000000000000000000000001E000000000000000000000000000000000000000000000000000000000000000000000000000000000000000000000000000000000000000000000000000000000000000000000000000000000000001E1E00000000000000000000
310
0000000000001E0000000000000000000000000000000000000000000000000000000000001E1E00000000000000000000000000000000000000000000001E0000000000000000000000000000000000000000000000000000000000000000000000000000000000000000000000000000001E000000000000000000000000
310
00000000000000001E0000000000000000000000000000001E1E00000000000000000000000000000000000000001E000000000000000000000000000000000000000000000000000000000000000000000000000000000000000000000000000000000000000000000000000000000000000000001E000000000000000000
310
00000000000000000000001E00000000001E0000000000000000000000000000000000000000000000000000000000000000000000000000000000000000001E000000000000000000000000000000000000000000000000000000000000000000000000000000001E000000000000000000000000000000001E0000000000
310
00000000000000000000000000000000000000000000000000000000000000000000000000001E000000000000000000000000000000000000000000000000000000000000000000000000000000000000000000000000000000000000000000000000000000000000000000000000000000000000000000001E1E00000000
310
00000000000000000000001E000000000000000000000000000000000000000000000000000000000000001E000000000000000000000000000000000000000000001E00000000000000000000000000000000000000000000000000000000000000000000000000000000000000000000000000001E000000000000000000
310
0000000000000000000000001E000000000000000000000000001E1E00001E1E0000000000000000000000000000000000001E000000000000000000000000000000000000000000000000000000000000000000000000000000000000000000000000000000000000000000000000000000000000000000001E0000000000
310
00000000000000000000000000001E00000000001E000000000000000000000000000000000000000000000000000000000000000000000000000000000000000000001E0000000000000000000000000000000000000000000000000000000000000000000000000000001E000000000000000000000000000000001E0000
310
0000000000000000000000000000000000000000000000000000000000000000000000000000000000001E000000000000000000000000000000000000000000000000000000000000000000000000000000000000000000000000000000000000000000000000000000000000000000000000000000000000000000000000
310
1E0000000000000000000000000000001E1E0000000000000000000000000000000000000000000000000000000000001E00000000000000000000000000000000000000001E00000000000000000000000000000000000000000000000000000000000000000000000000000000000000000000000000001E000000000000
310
000000000000000000000000000000001E00000000000000000000001E1E0000000000001E00000000000000000000000000000000001E000000000000000000000000000000000000000000000000000000000000000000000000000000000000000000000000000000000000000000000000000000000000000000001E00
310
00000000000000000000000000000000001E0000000000001E0000000000000000000000000000000000000000000000000000000000000000000000000000000000000000001E000000000000000000000000000000000000000000000000000000000000000000000000000000001E000000000000000000000000000000
310
001E000000000000000000000000000000000000000000000000000000000000000000000000000000000000001E000000000000000000000000000000000000000000000000000000000000000000000000000000000000000000000000000000000000000000000000000000000000000000000000000000000000000000
310
00000000001E1E0000000000000000000000000000001E0000000000000000000000000000000000000000000000000000000000001E1E000000000000000000000000000000001E1E00000000000000000000000000000000000000000000000000000000000000000000000000000000000000000000000000001E000000
310
00000000000000000000000000000000000000001E000000000000000000001E00000000000000001E00000000000000000000000000000000001E0000000000000000000000000000000000000000000000000000000000000000000000000000000000000000000000000000000000000000000000000000000000000000
310
001E000000000000000000000000000000000000001E00000000001E000000000000000000000000000000000000000000000000000000000000000000000000000000000000000000001E0000000000000000000000000000000000000000000000000000000000000000000000000000001E000000000000000000000000
310
000000001E00000000000000000000000000000000000000000000000000000000000000000000000000000000000000001E0000000000000000000000000000000000000000000000000000000000000000000000000000000000000000000000000000000000000000000000000000000000000000000000000000000000
310
00000000000000000000001E0000000000000000000000000000001E000000000000000000000000000000000000000000000000000000000000001E00000000000000000000000000001E0000000000000000000000000000000000000000000000000000000000000000000000000000000000000000000000000000001E
310
0000000000000000000000000000000000000000000000001E000000000000000000001E0000000000000000001E00000000000000000000000000000000001E000000000000000000000000000000000000000000000000000000000000000000000000000000000000000000000000000000000000000000000000000000
310
00000000001E0000000000000000000000000000000000001E00000000001E000000000000000000000000001E1E1E1E00000000000000000000000000000000000000000000000000000000001E000000000000000000000000000000000000000000000000000000000000000000000000000000001E0000000000000000
310
00000000000000001E000000000000000000000000000000000000000000000000000000000000000000000000000000000000001E0000000000000000000000000000000000000000000000000000000000000000000000000000000000000000000000000000000000000000000000000000000000000000000000000000
310
000000000000000000000000000000001E0000000000000000000000000000001E000000000000000000000000000000000000000000000000000000000000001E1E00000000000000000000001E00000000000000000000000000000000000000000000000000000000000000000000000000000000000000000000000000
310
001E1E000000000000000000000000000000000000000000000000001E0000000000000000001E000000000000000000001E00000000000000000000000000000000001E0000000000000000000000000000000000000000000000000000000000000000000000000000000000000000000000000000000000000000000000
310
00000000000000001E0000000000000000000000000000000000001E0000000000001E000000000000000000001E1E1E000000001E1E0000000000000000000000000000000000000000000000000000001E0000000000000000000000000000000000000000000000000000000000000000000000000000001E0000000000
310
00000000000000000000001E00000000000000000000000000000000000000000000000000000000000000000000000000000000000000001E00000000000000000000000000000000000000000000000000000000000000000000000000000000000000000000000000000000000000000000000000000000000000000000
310
00000000000000000000000000000000000000001E000000000000000000000000000000001E00000000000000000000000000000000000000000000000000000000000000001E000000000000000000001E000000000000000000000000000000000000000000000000000000000000000000000000000000000000000000
310
000000001E000000000000000000000000000000000000000000000000000000001E00000000000000001E00000000000000000000001E00000000000000000000000000000000001E000000000000000000000000000000000000000000000000000000000000000000000000000000000000000000000000000000000000
310
0000000000000000000000001E0000000000000000000000000000000000001E0000000000001E000000000000000000001E000000000000001E00000000000000000000000000000000000000000000000000001E000000000000000000000000000000000000000000000000000000000000000000000000000000001E00
310
0000000000000000000000000000001E000000000000000000000000000000000000000000000000000000000000000000000000000000000000001E00000000000000000000000000000000000000000000000000000000000000000000000000000000000000000000000000000000000000000000000000000000000000
310
000000000000000000000000000000000000000000000000001E000000000000000000000000000000001E00000000000000000000000000000000000000000000000000000000000000001E00000000000000001E000000000000000000000000000000000000000000000000000000000000000000000000000000000000
310
000000000000001E00000000000000000000000000000000000000000000000000000000001E0000000000000000001E000000000000000000001E00000000000000000000000000000000001E0000000000000000000000000000000000000000000000000000000000000000000000000000000000000000000000000000
310
0000000000000000000000000000001E0000000000000000000000000000000000001E000000000000001E0000000000000000001E0000000000000000001E000000000000000000000000000000000000000000000000001E0000000000000000000000000000000000000000000000000000000000000000000000000000
310
001E00000000000000000000000000000000001E000000000000000000000000000000000000000000000000000000000000000000000000000000000000001E000000000000000000000000000000000000000000000000000000000000000000000000000000000000000000000000000000000000000000000000000000
310
00000000000000000000000000000000000000000000000000000000001E00000000000000000000000000000000001E00000000000000000000000000000000000000000000000000000000000000001E1E00000000001E1E0000000000000000000000000000000000000000000000000000000000000000000000000000
310
0000000000000000001E1E0000000000000000000000000000000000000000000000000000000000001E0000000000000000001E0000000000000000001E000000000000000000000000000000000000001E000000000000000000000000000000000000000000000000000000000000000000000000000000000000000000
310
000000000000000000000000000000000000001E0000000000000000000000000000000000001E0000000000001E000000000000000000001E0000000000000000001E0000000000000000000000000000000000000000000000001E0000000000000000000000000000000000000000000000000000000000000000000000
310
00000000001E000000000000000000000000000000001E00000000000000000000000000000000000000000000000000000000000000000000000000000000000000001E0000000000000000000000000000000000000000000000000000000000000000000000000000000000000000000000000000000000000000000000
310
0000000000000000000000000000000000000000000000000000000000000000001E0000000000000000000000000000000000001E0000000000000000000000000000000000000000000000000000000000000000001E1E1E1E1E000000000000000000000000000000000000000000000000000000000000000000000000
310
0000000000000000000000001E00000000000000000000000000000000000000000000000000000000000000001E000000000000000000001E00000000000000001E000000000000000000000000000000000000001E0000000000000000000000000000000000000000000000000000000000000000000000000000000000
310
000000000000000000000000000000000000000000001E0000000000000000000000000000000000001E000000000000001E0000000000000000001E00000000000000000000001E00000000000000000000000000000000000000000000001E00000000000000000000000000000000000000000000000000000000000000
310
000000000000000000001E0000000000000000000000000000001E000000000000000000000000000000000000000000000000000000000000000000000000000000000000001E0000000000000000000000000000000000000000000000000000000000000000000000000000000000000000000000000000000000000000
310
0000000000000000000000000000000000000000000000000000001E1E0000000000000000001E0000000000000000000000000000000000001E000000000000000000000000000000000000000000000000000000000000000000000000000000000000000000000000000000000000000000000000000000000000000000
310
0000000000000000000000000000001E0000000000000000000000000000000000000000000000000000000000000000001E000000000000000000001E0000000000001E1E0000000000000000000000000000000000000000001E000000000000000000000000000000000000000000000000000000000000000000000000
310
00000000000000000000000000000000000000000000000000001E00000000000000000000000000000000001E00000000000000001E0000000000000000001E00000000000000000000001E000000000000000000000000000000000000000000001E00000000000000000000000000000000000000000000000000000000
310
00000000000000000000000000001E0000000000000000000000000000001E000000000000000000000000000000000000000000000000000000000000000000000000000000000000001E00000000000000000000000000000000000000000000000000000000000000000000000000000000000000000000000000000000
310
00000000000000000000000000000000000000000000000000000000001E1E00001E1E000000000000001E000000000000000000000000000000000000001E00000000000000000000000000000000000000000000000000000000000000000000000000000000000000000000000000000000000000000000000000000000
310
0000000000000000000000000000000000001E000000000000000000000000000000000000000000000000000000000000000000001E00000000000000000000001E1E00001E1E00000000000000000000000000000000000000000000001E0000000000000000000000000000000000000000000000000000000000000000
310
00000000000000000000000000000000000000000000000000000000001E0000000000000000000000000000000000001E00000000000000001E000000000000000000001E000000000000000000001E000000000000000000000000000000000000000000001E000000000000000000000000000000000000000000000000
310
0000000000000000000000000000000000001E0000000000000000000000000000001E000000000000000000000000000000000000000000000000000000000000000000000000000000000000001E000000000000000000000000000000000000000000000000000000000000000000000000000000000000000000000000
310
000000000000000000000000000000000000000000000000000000000000001E1E0000000000001E0000000000001E00000000000000000000000000000000000000001E0000000000000000000000000000000000000000000000000000000000000000000000000000000000000000000000000000000000000000000000
310
0000000000000000000000000000000000000000001E0000000000000000000000000000000000000000000000000000000000000000000000001E0000000000000000000000001E1E00000000000000000000000000000000000000000000000000001E000000000000000000000000000000000000000000000000000000
310
0000000000000000000000000000000000000000000000000000000000000000001E00000000000000000000000000000000001E0000000000000000001E000000000000000000001E0000000000000000001E00000000000000000000000000000000000000000000001E0000000000000000000000000000000000000000
310
000000000000000000000000000000000000000000001E00000000000000000000000000001E000000000000000000000000000000000000000000000000000000000000000000000000000000000000001E000000000000000000000000000000000000000000000000000000000000000000000000000000000000000000
310
000000000000000000000000000000000000000000000000000000000000000000001E00000000000000001E0000000000001E0000000000000000000000000000000000000000001E000000000000000000000000000000000000000000000000000000000000000000000000000000000000000000000000000000000000
310
0000000000000000000000000000000000000000000000001E000000000000000000000000000000000000000000000000000000000000000000000000001E000000000000000000000000000000000000000000000000000000000000000000000000000000001E0000000000000000000000000000000000000000000000
310
0000000000000000000000000000000000000000000000000000000000000000000000001E00000000000000000000000000000000001E00000000000000000000001E000000000000000000001E00000000000000001E000000000000000000000000000000000000000000001E0000000000000000000000000000000000
310
00000000000000000000000000000000000000000000000000001E00000000000000000000000000001E000000000000000000000000000000000000000000000000000000000000000000000000000000000000001E0000000000000000000000000000000000000000000000000000000000000000000000000000000000
310
00000000000000000000000000000000000000000000000000000000000000000000000000001E0000000000000000001E00000000001E000000000000000000000000000000000000000000001E1E000000000000000000000000000000000000000000000000000000000000000000000000000000000000000000000000
310
0000000000000000000000000000000000000000000000000000001E0000000000000000000000000000000000000000000000000000000000000000000000000000001E000000000000000000000000000000000000000000000000000000000000000000000000000000001E000000000000000000000000000000000000
310
0000000000000000000000000000000000000000000000000000000000000000000000000000001E0000000000000000000000000000000000001E00000000000000000000001E000000000000000000001E0000000000001E1E00000000000000000000000000000000000000000000001E00000000000000000000000000
310
0000000000000000000000000000000000000000000000000000000000001E00000000000000000000000000001E000000000000000000000000000000000000000000000000000000000000000000000000000000000000001E00000000000000000000000000000000000000000000000000000000000000000000000000
310
00000000000000000000000000000000000000000000000000000000000000000000000000000000001E000000000000000000001E000000001E000000000000000000000000000000000000000000000000001E00000000000000000000000000000000000000000000000000000000000000000000000000000000000000
310
0000000000000000000000000000000000000000000000000000000000001E000000000000000000000000000000000000000000000000000000000000000000000000000000001E00000000000000000000000000000000000000000000000000000000000000000000000000000000001E00000000000000000000000000
310
0000000000000000000000000000000000000000000000000000000000000000000000000000000000001E0000000000000000000000000000000000001E000000000000000000000000001E000000000000000000001E1E00001E1E0000000000000000000000000000000000000000000000001E00000000000000000000
310
0000000000000000000000000000000000000000000000000000000000000000001E00000000000000000000000000001E00000000000000000000000000000000000000000000000000000000000000000000000000000000000000001E000000000000000000000000000000000000000000000000000000000000000000
310
0000000000000000000000000000000000000000000000000000000000000000000000000000000000000000001E00000000000000000000001E0000001E00000000000000000000000000000000000000000000000000001E0000000000000000000000000000000000000000000000000000000000000000000000000000
310
0000000000000000000000000000000000000000000000000000000000000000001E0000000000000000000000000000000000000000000000000000000000000000000000000000000000001E00000000000000000000000000000000000000000000000000000000000000000000000000000000001E0000000000000000
310
0000000000000000000000000000000000000000000000000000000000000000000000000000000000000000001E000000000000000000000000000000000000001E000000000000000000000000001E0000000000000000000000001E1E00000000000000000000000000000000000000000000000000001E000000000000
310
000000000000000000000000000000000000000000000000000000000000000000000000001E00000000000000000000000000001E000000000000000000000000000000000000000000000000000000000000000000000000000000000000001E000000000000000000000000000000000000000000000000000000000000
310
00000000000000000000000000000000000000000000000000000000000000000000000000000000000000000000000000001E000000000000000000001E0000001E0000000000000000000000000000000000000000000000000000001E000000000000000000000000000000000000000000000000000000000000000000
310
000000000000000000000000000000000000000000000000000000000000000000000000001E000000000000000000000000000000000000000000000000000000000000000000000000000000000000001E00000000000000000000000000000000000000000000000000000000000000000000000000000000001E000000
310
0000000000000000000000000000000000000000000000000000000000000000000000000000000000000000000000001E000000000000000000000000000000000000001E0000000000000000000000000000001E00000000000000000000000000000000000000000000000000000000000000000000000000001E000000
310
000000000000000000000000000000000000000000000000000000000000000000000000000000001E0000000000000000000000000000001E000000000000000000000000000000000000000000000000000000000000000000000000000000000000001E0000000000000000000000000000000000000000000000000000
310
0000000000000000000000000000000000000000000000000000000000000000000000000000000000000000000000000000000000001E0000000000000000001E000000001E000000000000000000000000000000000000000000000000000000001E00000000000000000000000000000000000000000000000000000000
310
000000000000000000000000000000000000000000000000000000000000000000000000000000001E0000000000000000000000000000000000000000000000000000000000000000000000000000000000000000001E00000000000000000000000000000000000000000000000000000000000000000000000000000000
310
001E000000000000000000000000000000000000000000000000000000000000000000000000000000000000000000000000001E000000000000000000000000000000000000001E000000000000000000000000000000001E0000000000000000000000000000000000000000000000000000000000000000000000000000
310
1E000000000000000000000000000000000000000000000000000000000000000000000000000000000000001E00000000000000000000000000001E00000000000000000000000000000000000000000000000000000000000000000000000000000000000000001E00000000000000000000000000000000000000000000
310
00000000000000000000000000000000000000000000000000000000000000000000000000000000000000000000000000000000000000000000001E00000000000000001E0000001E0000000000000000000000000000000000000000000000000000000000001E0000000000000000000000000000000000000000000000
310
000000000000000000000000000000000000000000000000000000000000000000000000000000000000001E00000000000000000000000000000000000000000000000000000000000000000000000000000000000000000000001E1E00000000000000000000000000000000000000000000000000000000000000000000
310
0000000000001E00000000000000000000000000000000000000000000000000000000000000000000000000000000000000000000001E00000000000000000000000000000000000000001E00000000000000000000000000000000001E000000000000000000000000000000000000000000000000000000000000000000
310
0000001E000000000000000000000000000000000000000000000000000000000000000000000000000000000000001E0000000000000000000000000000001E000000000000000000000000000000000000000000000000000000000000000000000000000000000000001E00000000000000000000000000000000000000
310
00000000000000001E1E00000000000000000000000000000000000000000000000000000000000000000000000000000000000000000000000000000000001E0000000000001E1E000000001E000000000000000000000000000000000000000000000000000000000000001E000000000000000000000000000000000000
310
00000000000000000000000000000000000000000000000000000000000000000000000000000000000000000000001E000000000000000000000000000000000000000000000000000000000000000000000000000000000000000000000000001E1E00000000000000000000000000000000000000000000000000000000
310
00000000000000000000001E0000000000000000000000000000000000000000000000000000000000000000000000000000000000000000001E00000000000000000000000000000000000000001E000000000000000000000000000000000000001E00000000000000000000000000000000000000000000000000000000
310
000000000000001E000000000000000000000000000000000000000000000000000000000000000000000000000000000000001E0000000000000000000000000000001E000000000000000000000000000000000000000000000000000000000000000000000000000000000000001E000000000000000000000000000000
310
000000000000000000001E1E00001E1E000000000000000000000000000000000000000000000000000000000000000000000000000000000000000000000000000000001E1E00001E1E00000000001E0000000000000000000000000000000000000000000000000000000000000000001E00000000000000000000000000
310
00000000000000000000000000000000000000000000000000000000000000000000000000000000000000000000000000001E000000000000000000000000000000000000000000000000000000000000000000000000000000000000000000000000000000001E1E1E000000000000000000000000000000000000000000
310
000000000000000000000000000000001E1E00000000000000000000000000000000000000000000000000000000000000000000000000000000001E1E0000000000000000000000000000000000000000001E00000000000000000000000000000000000000001E0000000000000000000000000000000000000000000000
310
000000000000000000001E000000000000000000000000000000000000000000000000000000000000000000000000000000000000001E000000000000000000000000000000001E000000000000000000000000000000000000000000000000000000000000000000000000000000000000001E0000000000000000000000
310
0000000000000000000000001E1E0000000000001E1E1E1E00000000000000000000000000000000000000000000000000000000000000000000000000000000000000000000000000001E1E000000000000001E000000000000000000000000000000000000000000000000000000000000000000001E0000000000000000
310
0000000000000000000000000000000000000000000000000000000000000000000000000000000000000000000000000000000000001E000000000000000000000000000000000000000000000000000000000000000000000000000000000000000000000000000000000000001E1E000000000000000000000000000000
310
000000000000000000000000000000000000000000001E1E000000000000000000000000000000000000000000000000000000000000000000000000001E1E000000000000000000000000000000000000000000001E000000000000000000000000000000000000000000001E000000000000000000000000000000000000
310
00000000000000000000000000001E000000000000000000000000000000000000000000000000000000000000000000000000000000000000001E0000000000000000000000000000001E000000000000000000000000000000000000000000000000000000000000000000000000000000000000001E0000000000000000
310
000000000000000000000000000000001E00000000000000000000001E1E00000000000000000000000000000000000000000000000000000000000000000000000000000000000000000000000000000000000000001E0000000000000000000000000000000000000000000000000000000000000000000000001E000000
310
000000000000000000000000000000000000000000000000000000000000000000000000000000000000000000000000000000000000000000001E0000000000000000000000000000000000000000000000000000000000000000000000000000000000000000000000000000000000000000001E1E1E0000000000000000
310
000000000000000000000000000000000000000000000000000000001E1E0000000000000000000000000000000000000000000000000000000000000000001E1E0000000000000000000000000000000000000000000000001E0000000000000000000000000000000000000000001E1E1E00000000000000000000000000
310
00000000000000000000000000000000001E000000000000000000000000000000000000000000000000000000000000000000000000000000000000001E000000000000000000000000000000001E000000000000000000000000000000000000000000000000000000000000000000000000000000000000001E00000000
310
000000000000000000000000000000000000001E00000000000000000000000000001E1E0000000000000000000000000000000000000000000000000000000000000000000000000000000000000000000000000000000000001E000000000000000000000000000000000000000000000000000000000000000000000000
310
001E0000000000000000000000000000000000000000000000000000000000000000000000000000000000000000000000000000000000000000000000001E0000000000000000000000000000000000000000000000000000000000000000000000000000000000000000000000000000000000000000000000001E1E1E00
310
000000000000000000000000000000000000000000000000000000000000000000001E1E00000000000000000000000000000000000000000000000000000000001E1E000000000000000000000000000000000000000000000000001E0000000000000000000000000000000000001E1E1E1E000000000000000000000000
310
0000000000000000000000000000000000000000001E000000000000000000000000000000000000000000000000000000000000000000000000000000000000001E000000000000000000000000000000001E000000000000000000000000000000000000000000000000000000000000000000000000000000000000001E
310
00000000000000000000000000000000000000000000001E000000000000000000000000000000001E1E0000000000000000000000000000000000000000000000000000000000000000000000000000000000000000000000000000001E000000000000000000000000000000000000000000000000000000000000000000
310
0000000000001E1E0000000000000000000000000000000000000000000000000000000000000000000000000000000000000000000000000000000000000000001E00000000000000000000000000000000000000000000000000000000000000000000000000000000000000000000000000000000000000000000000000
310
0000001E1E00000000000000000000000000000000000000000000000000000000000000000000001E1E000000000000000000000000000000000000000000000000001E1E0000000000000000000000000000000000000000000000000000001E00000000000000000000000000001E1E1E1E000000000000000000000000
310
000000000000000000000000000000000000000000000000001E0000000000000000000000000000000000000000000000000000000000000000000000000000000000001E000000000000000000000000000000001E0000000000000000000000000000000000000000000000000000000000000000000000000000000000
310
0000001E000000000000000000000000000000000000000000001E000000000000000000000000000000000000001E1E000000000000000000000000000000000000000000000000000000000000000000000000000000000000000000000000001E0000000000000000000000000000000000000000000000000000000000
310
0000000000000000000000001E00000000000000000000000000000000000000000000000000000000000000000000000000000000000000000000000000000000000000001E000000000000000000000000000000000000000000000000000000000000000000000000000000000000000000000000000000000000000000
310
0000000000000000001E1E1E000000000000000000000000000000000000000000000000000000000000000000001E1E1E1E00000000000000000000000000000000001E1E1E1E000000000000000000000000000000000000000000000000000000001E00000000000000000000001E1E1E1E000000000000000000000000
310
000000000000000000000000000000000000000000000000000000001E000000000000000000000000000000000000000000000000000000000000000000000000000000000000001E000000000000000000000000000000001E00000000000000000000000000000000000000000000000000000000000000000000000000
310
0000000000001E00000000000000000000000000000000000000000000001E0000000000000000000000000000000000000000001E1E00000000000000000000000000000000000000000000000000000000000000000000000000000000000000000000001E00000000000000000000000000000000000000000000000000
310
00000000000000000000000000000000001E000000000000000000000000000000000000000000000000000000000000000000000000000000000000000000000000000000000000001E0000000000000000000000000000000000000000000000000000000000000000000000000000000000000000000000000000000000
310
000000000000000000000000000000001E1E0000000000000000000000000000000000000000000000000000000000000000000000001E1E1E1E1E1E00000000001E1E1E1E1E1E00000000000000000000000000000000000000000000000000000000000000001E00000000000000001E1E1E000000000000000000000000
310
00000000000000000000000000000000000000000000000000000000000000001E0000000000000000000000000000000000000000000000000000000000000000000000000000000000001E00000000000000000000000000000000001E000000000000000000000000000000000000000000000000000000000000000000
310
000000000000000000001E000000000000000000000000000000000000000000001E0000000000000000000000000000000000000000000000001E1E00000000000000000000000000000000000000000000000000000000000000000000000000000000000000001E00000000000000000000000000000000000000000000
310
000000000000000000000000000000000000000000001E00000000000000000000000000000000000000000000000000000000000000000000000000000000000000000000000000000000001E0000000000000000000000000000000000000000000000000000000000000000000000000000000000000000000000000000
310
000000000000000000000000000000000000000000001E1E1E0000000000000000000000000000000000000000000000000000000000000000000000000000001E1E1E1E1E000000000000000000000000000000000000000000000000000000000000000000000000001E000000000000001E1E0000000000000000000000
310
00000000000000000000000000000000000000000000000000000000000000000000001E000000000000000000000000000000000000000000000000000000000000000000000000000000000000001E000000000000000000000000000000001E000000000000000000000000000000000000000000000000000000000000
310
00000000000000000000000000001E000000000000000000000000000000000000000000001E00000000000000000000000000000000000000000000000000001E1E0000000000000000000000000000000000000000000000000000000000000000000000000000000000001E000000000000000000000000000000000000
310
0000000000000000000000000000000000000000000000000000001E000000000000000000000000000000000000000000000000000000000000000000000000000000000000000000000000000000001E00000000000000000000000000000000000000000000000000000000000000000000000000000000000000000000
310
00000000000000000000000000000000000000000000000000000000001E1E000000000000000000000000000000000000000000000000000000000000000000000000000000000000000000000000000000000000000000000000000000000000000000000000000000000000001E00000000001E1E000000000000000000
310
0000000000000000000000000000000000000000000000000000000000000000000000000000001E000000000000000000000000000000000000000000000000000000000000000000000000000000000000001E000000000000000000000000000000001E0000000000000000000000000000000000000000000000000000
310
00000000000000000000000000000000001E000000000000000000000000000000000000000000001E00000000000000000000000000000000000000000000000000000000001E1E0000000000000000000000000000000000000000000000000000000000000000000000000000001E000000000000000000000000000000
310
00000000000000000000000000000000000000000000000000000000000000001E0000000000000000000000000000000000000000000000000000000000000000000000000000000000000000000000000000001E000000000000000000000000000000000000000000000000000000000000000000000000000000000000
310
00000000000000000000000000000000000000000000000000000000000000000000001E1E000000000000000000000000000000000000000000000000000000000000000000000000000000000000000000000000000000000000000000000000000000000000000000000000000000001E000000001E1E00000000000000
310
0000000000000000000000000000000000000000000000000000000000000000000000000000000000001E000000000000000000000000000000000000000000000000000000000000000000000000000000000000001E00000000000000000000000000000000001E00000000000000000000000000000000000000000000
310
0000000000000000000000000000000000000000001E000000000000000000000000000000000000000000001E000000000000000000000000000000000000000000000000000000000000001E1E000000000000000000000000000000000000000000000000000000000000000000000000001E0000000000000000000000
310
000000000000000000000000000000000000000000000000000000000000000000000000001E000000000000000000000000000000000000000000000000000000000000000000000000000000000000000000000000001E000000000000000000000000000000000000000000000000000000000000000000000000000000
310
00000000000000000000000000000000000000000000000000000000000000000000000000000000001E1E00000000000000000000000000000000000000000000000000000000000000000000000000000000000000000000000000000000000000000000000000000000000000000000000000001E0000001E0000000000
310
000000000000000000000000000000000000000000000000000000000000000000000000000000000000000000001E000000000000000000000000000000000000000000000000000000000000000000000000000000000000001E000000000000000000000000000000001E00000000000000000000000000000000000000
310
000000000000000000000000000000000000000000000000001E0000000000000000000000000000000000000000001E000000000000000000000000000000000000000000000000000000000000000000001E00000000000000000000000000000000000000000000000000000000000000000000001E0000000000000000
310
0000000000000000000000000000000000000000000000000000000000000000000000000000000000001E1E00000000000000000000000000000000000000000000000000000000000000000000000000000000000000000000001E0000000000000000000000000000000000000000000000000000000000000000000000
310
00000000000000000000000000000000000000000000000000000000000000000000000000000000000000000000001E1E00000000000000000000000000000000000000000000000000000000000000000000000000000000000000000000000000000000000000000000000000000000000000000000001E0000001E0000
310
000000000000000000000000000000000000000000000000000000000000000000000000000000000000000000000000001E000000000000000000000000000000000000000000000000000000000000000000000000000000000000001E00000000000000000000000000000000001E000000000000000000000000000000
310
000000000000000000000000000000000000000000000000000000001E000000000000000000000000000000000000000000001E00000000000000000000000000000000000000000000000000000000000000000000001E1E0000000000000000000000000000000000000000000000000000000000000000001E00000000
310
0000000000000000000000000000000000000000000000000000000000000000000000000000000000000000000000001E0000000000000000000000000000000000000000000000000000000000000000000000000000000000000000001E0000000000000000000000000000000000000000000000000000000000000000
310
00000000000000000000000000000000000000000000000000000000000000000000000000000000000000000000000000000000001E1E0000000000000000000000000000000000000000000000000000000000000000000000000000000000000000000000000000000000000000000000000000000000000000001E0000
310
001E0000000000000000000000000000000000000000000000000000000000000000000000000000000000000000000000000000001E000000000000000000000000000000000000000000000000000000000000000000000000000000000000001E00000000000000000000000000000000001E0000000000000000000000
310
00000000000000000000000000000000000000000000000000000000000000001E0000000000000000000000000000000000000000001E00000000000000000000000000000000000000000000000000000000000000000000000000001E1E0000000000000000000000000000000000000000000000000000000000001E00
310
00000000000000000000000000000000000000000000000000000000000000000000000000000000000000000000000000000000001E000000000000000000000000000000000000000000001E1E1E1E0000000000000000000000000000000000001E00000000000000000000000000000000000000000000000000000000
310
00000000000000000000000000000000000000000000000000000000000000000000000000000000000000000000000000000000000000000000001E1E000000000000000000000000000000000000000000000000000000000000000000000000000000000000000000000000000000000000000000000000000000000000
310
1E0000001E0000000000000000000000000000000000000000000000000000000000000000000000000000000000000000000000000000001E000000000000000000000000000000000000000000000000000000000000000000000000000000000000001E0000000000000000000000000000000000001E00000000000000
310
0000000000000000000000000000000000000000000000000000000000000000000000001E0000000000000000000000000000000000000000001E000000000000000000000000000000000000000000000000000000000000000000000000000000001E000000000000000000000000000000000000000000000000000000
310
00001E1E1E1E000000000000000000000000000000000000000000000000000000000000001E1E1E1E1E1E1E1E1E0000000000000000000000001E1E00000000000000000000000000000000001E1E1E000000001E1E000000000000000000000000000000001E000000000000000000000000000000000000000000000000
310
00000000000000000000000000000000000000000000000000000000000000000000000000000000000000000000000000000000000000000000000000000000001E1E000000000000000000000000000000000000000000000000000000000000000000000000000000000000000000000000000000000000000000000000
310
000000001E0000001E0000000000000000000000000000000000000000000000000000000000000000000000000000000000000000000000000000001E000000000000000000000000000000000000000000000000000000000000000000000000000000000000001E00000000000000000000000000000000001E00000000
310
0000000000000000000000000000000000000000000000000000000000000000000000000000001E0000000000000000000000000000000000000000001E0000000000000000000000000000000000000000000000000000000000000000000000000000000000001E00000000000000000000000000000000000000000000
310
000000000000000000001E1E1E1E000000000000000000000000000000000000000000000000001E1E0000000000000000001E1E0000000000000000000000001E000000000000000000000000000000001E000000000000001E0000000000000000000000000000001E000000000000000000000000000000000000000000
310
00000000000000000000000000000000000000000000000000000000000000000000000000000000000000000000000000000000000000000000000000000000000000000000001E1E000000000000000000000000000000000000000000000000000000000000000000000000000000000000000000000000000000000000
310
000000000000001E0000001E0000000000000000000000000000000000000000000000000000000000000000000000000000000000000000000000000000001E000000000000000000000000000000000000000000000000000000000000000000000000000000000000001E0000000000000000000000000000000000001E
310
000000000000000000000000000000000000000000000000000000000000000000000000000000000000001E0000000000000000000000000000000000000000001E0000000000000000000000000000000000000000000000000000000000000000000000000000000000001E000000000000000000000000000000000000
310
0000000000000000000000000000000000001E1E0000000000000000000000000000000000000000001E1E000000000000000000000000001E0000000000000000000000001E1E000000000000000000000000001E0000000000000000001E00000000000000000000000000001E0000000000000000000000000000000000
310
00000000000000000000000000000000000000000000000000000000000000000000000000000000000000000000000000000000000000000000000000000000000000000000000000000000001E1E000000000000000000000000000000000000000000000000000000000000000000000000000000000000000000000000
310
00000000000000000000001E0000001E0000000000000000000000001E1E1E1E00000000000000000000000000000000000000000000000000000000000000000000001E000000000000000000000000000000000000000000000000000000000000000000000000000000000000001E000000000000000000000000000000
310
0000001E000000000000000000000000000000000000000000000000000000000000000000000000000000000000001E0000000000000000000000000000000000000000001E0000000000000000000000000000000000000000000000000000000000000000000000000000000000001E0000000000000000000000000000
310
0000000000000000000000000000000000000000000000001E000000000000000000000000000000000000001E000000000000000000000000000000001E1E0000000000000000000000001E0000000000000000000000001E0000000000000000001E000000000000000000000000001E0000000000000000000000000000
310
00000000000000000000000000000000000000000000000000000000000000000000000000000000000000000000000000000000000000000000000000000000000000000000000000000000000000000000001E00000000000000000000000000000000000000000000000000000000000000000000000000000000000000
310
00000000000000000000000000001E0000001E000000000000000000001E1E1E000000001E1E00000000000000000000000000000000000000000000000000000000000000001E000000000000000000000000000000000000000000000000000000000000000000000000000000000000001E000000000000000000000000
310
0000000000001E00000000000000000000000000000000000000000000000000000000000000000000000000000000000000001E00000000000000000000000000000000000000001E000000000000000000000000000000000000000000000000000000000000000000000000000000000000001E00000000000000000000
310
00000000000000000000000000000000000000000000000000000000001E1E0000000000000000000000000000001E1E000000000000000000000000000000000000001E0000000000000000000000001E000000000000000000001E00000000000000000000001E0000000000000000000000001E00000000000000000000
310
000000000000000000000000000000000000000000000000000000000000000000000000000000000000000000000000000000000000000000000000000000000000000000000000000000000000000000000000000000001E1E00000000000000000000000000000000000000000000000000000000000000000000000000
310
0000000000000000000000000000000000001E0000001E000000000000000000001E000000000000001E00000000000000000000000000000000000000000000000000000000000000001E000000000000000000000000000000000000000000000000000000000000000000000000000000000000001E0000000000000000
310
000000000000000000001E000000000000000000000000000000000000000000000000000000000000000000000000000000000000001E0000000000000000000000000000000000000000001E000000000000000000000000000000000000000000000000000000000000000000000000000000000000001E000000000000
310
00000000000000000000000000000000000000000000000000000000000000000000001E000000000000000000000000001E000000000000000000000000000000000000000000001E0000000000000000000000001E1E00000000000000001E00000000000000000000001E00000000000000000000001E00000000000000
310
000000000000000000000000000000000000000000000000000000000000000000000000000000000000000000000000000000000000000000000000000000000000000000000000000000000000000000000000000000000000000000001E0000000000000000000000000000000000000000000000000000000000000000
310
000000000000000000000000000000000000000000001E0000001E0000000000000000001E0000000000000000001E000000000000000000000000000000000000000000000000000000000000001E0000000000000000000000000000000000000000000000000000000000000000000000000000000000001E0000000000
310
00000000000000000000000000001E000000000000000000000000000000000000000000000000000000000000000000000000000000000000001E00000000000000000000000000000000000000001E000000000000000000000000000000000000000000000000000000000000000000000000000000000000001E000000
310
000000000000000000000000000000000000000000000000000000000000000000000000000000001E00000000000000000000001E0000000000000000000000000000000000000000000000001E1E0000000000000000000000001E00000000000000001E000000000000000000001E00000000000000000000001E000000
310
0000000000000000000000000000000000000000000000000000000000000000000000000000000000000000000000000000000000000000000000000000000000000000000000000000000000000000000000000000000000000000000000000000001E1E0000000000000000000000000000000000000000000000000000
310
000000000000000000000000000000000000000000000000001E000000001E0000000000000000001E0000000000000000001E0000000000000000000000000000000000000000000000000000000000001E000000000000000000000000000000000000000000000000000000000000000000000000000000000000001E00
310
00000000000000000000000000000000001E00000000000000000000000000000000000000000000000000000000000000000000000000000000000000001E00000000000000000000000000000000000000001E00000000000000000000000000000000000000000000000000000000000000000000000000000000000000
310
1E000000000000000000000000000000000000000000000000000000000000000000000000000000000000001E00000000000000000000001E00000000000000000000000000000000000000000000000000001E0000000000000000000000001E000000000000001E0000000000000000001E00000000000000000000001E
310
0000000000000000000000000000000000000000000000000000000000000000000000000000000000000000000000000000000000000000000000000000000000000000000000000000000000000000000000000000000000000000001E1E1E1E00000000000000001E000000000000000000000000000000000000000000
310
000000000000000000001E1E00000000000000000000000000000000001E0000001E0000000000000000001E00000000000000000000001E00000000000000000000000000000000000000000000000000000000001E0000000000000000000000000000000000000000000000000000000000000000000000000000000000
310
001E000000000000000000000000000000000000001E000000000000000000000000000000000000000000000000000000000000000000000000000000000000001E00000000000000000000000000000000000000001E00000000000000000000000000000000000000000000000000000000000000000000000000000000
310
0000001E0000000000000000000000000000000000000000000000000000000000000000000000000000000000000000001E0000000000000000001E000000000000000000000000000000000000000000000000000000001E0000000000000000000000001E1E0000000000001E00000000000000001E0000000000000000
310
00001E0000000000000000000000000000000000000000000000000000000000000000000000000000000000000000000000000000000000000000000000000000000000000000000000000000000000000000000000000000000000001E1E1E1E000000001E1E1E0000000000001E00000000000000000000000000000000
310
0000000000000000000000001E1E00001E1E00000000000000000000000000001E000000001E0000000000000000001E00000000000000000000001E000000000000000000000000000000000000000000000000000000001E0000000000000000000000000000000000000000000000000000000000000000000000000000
310
00000000001E000000000000000000000000000000000000001E000000000000000000000000000000000000000000000000000000000000000000000000000000000000001E00000000000000000000000000000000000000001E000000000000000000000000000000000000000000000000000000000000000000000000
310
000000000000001E000000000000000000000000000000000000000000000000000000000000001E1E0000000000000000000000001E00000000000000001E000000000000000000000000001E1E0000000000000000000000000000001E000000000000000000000000001E00000000001E1E000000001E1E1E0000000000
310
00000000001E0000000000000000000000000000000000000000000000000000000000000000000000000000000000000000000000000000000000000000000000000000000000000000000000000000000000000000000000000000000000001E00000000000000000000001E1E00000000001E1E00000000000000000000
310
00000000000000000000000000001E1E0000000000001E1E0000000000000000000000001E000000001E000000000000000000001E000000000000000000001E000000000000000000000000000000000000000000000000000000001E00000000000000000000000000000000000000000000000000000000000000000000
310
0000000000000000001E0000000000000000000000000000000000001E00000000000000000000000000000000000000000000000000000000000000000000000000000000000000001E000000000000000000000000000000000000001E000000000000000000000000000000000000000000000000000000000000000000
310
000000000000000000001E0000000000000000000000000000000000000000000000000000000000001E1E00001E1E00000000000000000000001E000000000000001E00000000000000000000001E1E00001E1E00000000000000000000000000001E1E0000000000000000000000001E1E00000000001E1E1E1E00000000
310
0000000000000000001E000000000000000000000000000000000000000000000000000000000000000000000000000000000000000000000000000000000000000000000000000000000000000000000000000000000000000000000000000000001E1E00000000000000000000000000001E1E00000000001E0000000000
310
00000000000000000000000000000000001E0000000000000000001E0000000000000000000000001E000000001E000000000000000000001E0000000000000000001E000000000000000000000000000000000000000000000000000000001E00000000000000000000000000000000000000000000000000000000000000
310
0000000000000000000000001E000000000000000000000000000000000000001E000000000000000000000000000000000000000000000000000000000000000000000000000000000000001E00000000000000000000000000000000000000001E0000000000000000000000000000000000000000000000000000000000
310
00000000000000000000000000001E000000000000000000000000000000000000000000000000000000001E1E0000000000001E000000000000000000001E0000000000001E000000000000000000001E1E0000000000001E0000000000000000000000000000001E000000000000000000000000001E0000000000000000
310
0000000000000000000000001E000000000000000000000000000000000000000000000000000000000000000000000000000000000000000000000000000000000000000000000000000000000000000000000000000000000000000000000000000000001E0000000000000000000000000000000000001E00000000001E
310
1E00000000000000000000000000000000000000001E0000000000000000001E00000000000000000000001E00000000001E00000000000000000000001E00000000000000001E000000000000000000000000000000000000000000000000000000001E000000000000000000000000000000000000000000000000000000
310
000000000000000000000000000000001E000000000000000000000000000000000000001E000000000000000000000000000000000000000000000000000000000000000000000000000000000000001E000000000000000000000000000000000000001E0000000000000000000000000000000000000000000000000000
310
00000000000000000000000000000000001E000000000000000000000000000000000000000000000000000000001E00000000000000001E00000000000000000000001E00000000001E0000000000000000001E00000000000000001E000000000000000000000000000000001E000000000000000000000000001E000000
310
0000000000000000000000000000001E000000000000000000000000000000000000000000000000000000000000000000000000000000000000000000000000000000000000000000000000000000000000000000000000000000000000000000000000000000001E00000000000000000000000000000000000000001E00
310
00000000001E0000000000000000000000000000000000001E00000000000000000000001E000000000000000000001E0000000000001E000000000000000000001E0000000000001E1E000000000000000000000000000000000000000000000000000000001E000000000000000000000000000000000000000000000000
310
000000000000000000000000000000000000001E00000000000000000000000000000000000000001E000000000000000000000000000000000000000000000000000000000000000000000000000000000000001E000000000000000000000000000000000000001E00000000000000000000000000000000000000000000
310
0000000000000000000000000000000000000000001E000000000000000000000000000000000000000000000000000000001E0000000000000000001E000000000000000000001E000000001E000000000000000000001E0000000000000000001E000000000000000000000000000000001E000000000000000000000000
310
001E1E00000000000000000000000000001E1E000000000000000000000000000000000000000000000000000000000000000000000000000000000000000000000000000000000000000000000000000000000000000000000000000000000000000000000000000000001E000000000000000000000000001E1E1E1E0000
310
0000001E1E00000000001E00000000000000000000000000000000001E00000000000000000000001E000000000000000000001E0000000000001E00000000000000000000001E1E00001E1E0000000000000000000000000000000000000000000000000000000000001E0000000000000000000000000000000000000000
310
00000000000000000000000000000000000000000000001E000000000000000000000000000000000000001E00000000000000000000000000000000000000000000000000000000000000000000000000000000000000001E0000000000000000000000000000000000001E00000000000000000000000000000000000000
310
0000000000000000000000000000000000000000000000001E000000000000000000000000000000000000000000000000000000001E000000000000000000001E000000000000000000001E000000001E0000000000000000001E000000000000000000001E00000000000000000000000000000000001E1E000000000000
310
000000000000001E1E00000000000000000000001E0000000000000000000000000000000000000000000000000000000000000000000000000000000000000000000000000000000000000000000000000000000000000000000000000000000000000000000000000000000000001E000000000000000000001E1E1E0000
310
00001E1E00000000001E00000000001E1E000000000000000000000000000000001E000000000000000000001E0000000000000000001E00000000000000001E0000000000000000000000001E1E000000000000000000000000000000000000000000000000000000000000001E0000000000000000000000000000000000
310
00000000000000000000000000000000000000000000000000001E00000000000000000000000000000000000000001E000000000000000000000000000000000000000000000000000000000000000000000000000000000000001E000000000000000000000000000000000000001E000000000000000000000000000000
310
000000000000000000000000000000000000000000000000000000001E000000000000000000000000000000000000000000000000000000001E00000000000000000000001E0000000000000000001E000000001E0000000000000000001E00000000000000000000001E0000000000000000000000000000000000001E00
310
000000000000000000000000001E1E1E000000001E1E1E1E0000000000000000000000000000000000000000000000000000000000000000000000000000000000000000000000000000000000000000000000000000000000000000000000000000000000000000000000000000000000001E000000000000000000001E00
310
000000000000001E0000000000001E1E00000000001E0000000000000000000000000000001E000000000000000000001E0000000000000000001E00000000000000001E0000000000000000000000000000000000000000000000000000000000000000000000000000000000000000001E00000000000000000000000000
310
0000000000000000000000000000000000000000000000000000000000001E00000000000000000000000000000000000000001E000000000000000000000000000000000000000000000000000000000000000000000000000000000000001E000000000000000000000000000000000000001E0000000000000000000000
310
000000000000000000000000000000000000000000000000000000000000001E00000000000000000000000000000000000000000000000000000000001E00000000000000000000001E0000000000000000001E0000001E00000000000000000000001E000000000000000000001E00000000000000000000000000000000
310
0000001E000000000000000000000000000000001E1E1E1E0000000000000000000000000000000000000000000000000000000000000000000000000000000000000000000000000000000000000000000000000000000000000000000000000000000000000000000000000000000000000000001E000000000000000000
310
00001E0000000000000000001E000000000000001E00000000001E0000000000000000000000000000001E00000000000000001E0000000000000000001E000000000000000000001E000000000000000000000000000000000000000000000000000000000000000000000000000000000000001E00000000000000000000
310
0000000000000000000000000000000000000000000000000000000000000000001E00000000000000000000000000000000000000001E00000000000000000000000000000000000000000000000000000000000000000000000000000000000000001E0000000000000000000000000000000000001E0000000000000000
310
00000000000000000000000000000000000000000000000000000000000000000000001E0000000000000000000000000000000000000000000000000000000000001E0000000000000000001E0000000000000000001E000000001E00000000000000000000001E0000000000000000001E00000000000000000000000000
310
00000000000000001E1E00000000000000000000000000000000000000000000000000000000000000000000000000000000000000000000000000000000000000000000000000000000000000000000000000000000000000000000000000000000000000000000000000000000000000000000000000001E000000000000
310
00000000001E000000000000000000001E00000000000000001E00000000001E00000000000000000000000000001E000000000000001E1E0000000000000000001E000000000000000000001E000000000000000000000000000000000000000000000000000000000000000000000000000000000000001E000000000000
310
000000000000000000000000000000000000000000000000000000000000000000000000001E00000000000000000000000000000000000000001E000000000000000000000000000000000000000000000000000000000000000000000000000000000000001E000000000000000000000000000000000000001E00000000
310
00000000000000000000000000000000000000000000000000000000000000000000000000001E000000000000000000000000000000000000000000000000000000000000001E0000000000000000001E0000000000000000001E000000001E0000000000000000000000001E00000000000000001E000000000000000000
310
00000000000000000000000000001E000000000000000000000000000000000000000000000000000000000000000000000000000000000000000000000000000000000000000000000000000000000000000000000000000000000000000000000000000000000000000000000000000000000000000000000000001E0000
310
0000000000000000001E00000000000000000000001E00000000000000001E1E000000001E1E000000000000000000000000001E1E0000001E1E00000000000000000000001E00000000000000000000001E00000000000000000000000000000000000000000000000000000000000000000000000000000000001E000000
310
000000000000000000000000000000000000000000000000000000000000000000000000000000001E0000000000000000000000000000000000000000001E000000000000000000000000000000000000000000000000000000000000000000000000000000000000001E0000000000000000000000000000000000001E00
310
0000000000000000000000000000000000000000000000000000000000000000000000000000000000001E00000000000000000000000000000000000000000000000000000000000000001E000000000000001E000000000000000000001E0000001E000000000000000000000000001E0000000000001E1E000000000000
310
000000000000000000000000000000000000001E1E00000000000000000000000000000000000000000000000000000000000000000000000000000000000000000000000000000000000000000000000000000000000000000000000000000000000000000000000000000000000000000000000000000000000000000000
310
1E0000000000000000000000001E00000000000000000000001E000000000000000000001E00000000001E00000000000000000000000000001E1E1E0000000000000000000000001E000000000000000000000000001E1E000000000000000000000000000000000000000000000000000000000000000000000000000000
310
1E000000000000000000000000000000000000000000000000000000000000000000000000000000000000001E00000000000000000000000000000000000000001E00000000000000000000000000000000000000000000000000000000000000000000000000000000000000001E00000000000000000000000000000000
310
00001E000000000000000000000000000000000000000000000000000000000000000000000000000000000000001E00000000000000000000000000000000000000000000000000000000000000001E1E000000001E1E1E000000000000000000001E0000001E00000000000000000000000000001E1E00001E1E00000000
310
000000000000000000000000000000000000000000000000001E0000000000000000000000000000000000000000000000000000000000000000000000000000000000000000000000000000000000000000000000000000000000000000000000000000000000000000000000000000000000000000000000000000000000
310
000000001E000000000000000000000000001E0000000000000000001E0000000000000000000000001E00000000001E000000000000000000000000000000000000000000000000000000001E0000000000000000000000000000001E00000000000000000000000000000000000000000000000000000000000000000000
310
000000001E0000000000000000000000000000000000000000000000000000000000000000000000000000000000001E0000000000000000000000000000000000000000001E000000000000000000000000000000000000000000000000000000000000000000000000000000000000001E00000000000000000000000000
310
00000000001E000000000000000000000000000000000000000000000000000000000000000000000000000000000000001E00000000000000000000000000000000000000000000000000000000000000000000001E1E1E1E0000000000000000000000001E000000001E000000000000000000000000000000001E1E0000
310
0000000000000000000000000000000000000000000000000000000000001E000000000000000000000000000000000000000000000000000000000000000000000000000000000000000000000000000000000000000000000000000000000000000000000000000000000000000000000000000000000000000000000000
310
000000000000001E00000000000000000000000000001E0000000000000000001E000000000000000000000000001E1E000000001E00000000000000000000000000000000000000000000000000001E00000000000000000000000000000000001E1E00000000000000000000000000000000000000000000000000000000
310
00000000000000001E0000000000000000000000000000000000000000000000000000000000000000000000000000000000001E0000000000000000000000000000000000000000001E000000000000000000000000000000000000000000000000000000000000000000000000000000000000001E000000000000000000
310
0000000000000000001E000000000000000000000000000000000000000000000000000000000000000000000000000000000000001E0000000000000000000000000000000000000000000000000000000000000000000000000000000000000000000000000000001E0000001E0000000000000000000000000000000000
310
00000000000000000000000000000000000000000000000000000000000000000000001E1E000000000000000000000000000000000000000000000000000000000000000000000000000000000000000000000000000000000000000000000000000000000000000000000000000000000000000000000000000000000000
310
00000000000000000000001E0000000000000000000000000000001E000000000000001E000000000000000000000000000000001E000000001E1E0000000000000000000000000000000000000000000000001E000000000000000000000000000000000000001E1E1E1E0000000000000000000000000000000000000000
310
0000000000000000000000001E0000000000000000000000000000000000000000000000000000000000000000000000000000000000001E0000000000000000000000000000000000000000001E000000000000000000000000000000000000000000000000000000000000000000000000000000000000001E0000000000
310
0000000000000000000000001E000000000000000000000000000000000000000000000000000000000000000000000000000000000000001E0000000000000000000000000000000000000000000000000000000000000000000000000000000000000000000000000000001E000000001E00000000000000000000000000
310
00000000000000000000000000000000000000000000000000000000000000000000000000000000001E00000000000000000000000000000000000000000000000000000000000000000000000000000000000000000000000000000000000000000000000000000000000000000000000000000000000000000000000000
310
00000000000000000000000000001E000000000000000000000000000000001E1E000000001E1E1E00000000000000000000000000000000001E1E000000001E000000000000000000000000000000000000000000001E0000000000000000000000000000000000000000000000001E1E1E1E000000000000000000000000
310
00000000000000000000000000000000001E000000000000000000000000000000000000000000000000000000000000000000000000000000001E0000000000000000000000000000000000000000001E000000000000000000000000000000000000000000000000000000000000000000000000000000000000001E0000
310
000000000000000000000000000000001E000000000000000000000000000000000000000000000000000000000000000000000000000000000000001E0000000000000000000000000000000000000000000000000000000000000000000000000000000000000000000000000000001E000000001E000000000000000000
310
000000000000000000000000000000000000000000000000000000000000000000000000000000000000000000001E1E00000000000000000000000000000000000000000000000000000000000000000000000000000000000000000000000000000000000000000000000000000000000000000000000000000000000000
310
0000000000000000000000000000000000001E0000000000000000000000000000000000001E1E1E1E000000000000000000000000000000000000000000001E000000001E00000000000000000000000000000000000000001E1E0000000000000000000000000000000000000000000000000000001E0000000000000000
310
000000000000000000000000000000000000000000001E1E00000000000000000000000000000000000000000000000000000000000000000000000000001E0000000000000000000000000000000000000000001E000000000000000000000000000000000000000000000000000000000000000000000000000000000000
310
001E00000000000000000000000000000000001E000000000000000000000000000000000000000000000000000000000000000000000000000000000000001E0000000000000000000000000000000000000000000000000000000000000000000000000000000000000000000000000000001E000000001E000000000000
310
000000000000000000000000000000000000000000000000000000000000000000000000000000000000000000000000000000001E0000000000000000000000000000000000000000000000000000000000000000000000000000000000000000000000000000000000000000000000000000000000000000000000000000
310
000000000000000000000000000000000000000000001E0000000000000000000000000000000000000000000000000000000000000000000000000000000000000000001E000000001E1E000000000000000000000000000000001E1E000000000000000000000000000000000000000000000000000000001E0000000000
310
000000000000000000000000000000000000000000000000000000001E1E00000000000000000000000000000000000000000000000000000000000000000000001E000000000000000000000000000000000000000000001E0000000000000000000000000000000000000000000000000000000000000000000000000000
310
00000000001E00000000000000000000000000000000001E000000000000000000000000000000000000000000000000000000000000000000000000000000000000001E0000000000000000000000000000000000000000000000000000000000000000000000000000000000000000000000000000001E000000001E0000
310
0000000000000000000000000000000000000000000000000000000000000000000000000000000000000000000000000000000000000000001E1E0000000000000000000000000000000000000000000000000000000000000000000000000000000000000000000000000000000000000000000000000000000000000000
310
000000000000000000000000000000000000000000000000001E00000000000000000000000000000000000000000000000000000000000000000000000000000000000000000000001E1E000000001E000000000000000000000000001E1E0000000000000000000000000000000000000000000000000000000000001E00
310
000000000000000000000000000000000000000000000000000000000000000000001E000000000000000000000000000000000000000000000000000000000000000000001E0000000000000000000000000000000000000000001E0000000000000000000000000000000000000000000000000000000000000000000000
310
0000000000000000001E000000000000000000000000000000001E000000000000000000000000000000000000000000000000000000000000000000000000000000000000001E0000000000000000000000000000000000000000000000000000000000000000000000000000000000000000000000000000001E00000000
310
001E000000000000000000000000000000000000000000000000000000000000000000000000000000000000000000000000000000000000000000000000001E1E0000000000000000000000000000000000000000000000000000000000000000000000000000000000000000000000000000000000000000000000000000
310
00000000000000000000000000000000000000000000000000000000001E000000000000000000000000000000000000000000000000000000000000000000000000000000000000000000000000001E000000001E1E0000000000000000001E1E000000000000000000000000000000000000000000000000000000000000
310
001E000000000000000000000000000000000000000000000000000000000000000000000000001E1E000000000000000000000000000000000000000000000000000000000000001E000000000000000000000000000000000000000000001E00000000000000000000000000000000000000000000000000000000000000
310
0000000000000000000000001E00000000000000000000000000000000001E000000000000000000000000000000000000000000000000000000000000000000000000000000000000001E000000000000000000000000000000000000000000000000000000000000000000000000000000000000000000000000001E1E00
310
000000001E000000000000000000000000000000000000000000000000000000000000000000000000000000000000000000000000000000000000000000000000000000001E1E0000000000000000000000000000000000000000000000000000000000000000000000000000000000000000000000000000000000000000
310
00000000000000000000000000000000000000000000000000000000000000001E0000000000000000000000000000000000000000000000000000000000000000000000000000000000000000000000000000001E00000000001E1E1E1E1E1E1E1E1E00000000000000000000000000000000000000000000000000000000
310
00000000001E0000000000000000000000000000000000000000000000000000000000000000000000000000001E1E00000000000000000000000000000000000000000000000000000000001E000000000000000000000000000000000000000000001E000000000000000000000000000000000000000000000000000000
310
000000000000000000000000000000001E000000000000000000000000000000001E000000000000000000000000000000000000000000000000000000000000000000000000000000000000001E0000000000000000000000000000000000000000000000000000000000000000000000000000000000000000000000001E
310
1E000000000000001E0000000000000000000000000000000000000000000000000000000000000000000000000000000000000000000000000000000000000000000000000000000000001E1E0000000000000000000000000000000000000000000000000000000000000000000000000000000000000000000000000000
310
0000000000000000000000000000000000000000000000000000000000000000000000001E000000000000000000000000000000000000000000000000000000000000000000000000000000000000000000000000000000001E00000000000000000000000000000000000000000000000000000000000000000000000000
310
00000000000000001E0000000000000000000000000000000000000000000000000000000000000000000000000000000000001E1E00000000000000000000000000000000000000000000000000001E000000000000000000000000000000000000000000001E000000000000000000000000000000000000000000000000
310
00000000000000000000000000000000000000001E000000000000000000000000000000001E000000000000000000000000000000000000000000000000000000000000000000000000000000000000001E000000000000000000000000000000000000000000000000000000000000000000000000000000000000000000
310
001E1E00000000000000001E0000000000000000000000000000000000000000000000000000000000000000000000000000000000000000000000000000000000000000000000000000000000000000001E1E0000000000000000000000000000000000000000000000000000000000000000000000000000000000000000
310
000000000000000000000000000000000000000000000000000000000000000000000000000000001E00000000000000000000000000000000000000000000000000000000000000000000000000000000000000000000000000000000001E0000000000000000000000000000000000000000000000000000000000000000
310
0000000000000000000000001E00000000000000000000000000000000000000000000000000000000000000000000000000000000000000001E1E0000000000000000000000000000000000000000000000001E000000000000000000000000000000000000000000001E0000000000000000000000000000000000000000
310
00000000000000000000000000000000000000000000001E00000000000000000000000000000000001E0000000000000000000000000000000000000000000000000000000000000000000000000000000000001E000000000000000000000000000000000000000000000000000000000000000000000000000000000000
310
00001E1E1E000000000000000000001E00000000000000000000000000000000000000000000000000000000000000000000000000000000000000000000000000000000000000000000000000000000000000000000001E1E0000000000000000000000000000000000000000000000000000000000000000000000000000
310
000000000000000000000000000000000000000000000000000000000000000000000000000000000000001E000000000000000000000000000000000000000000000000000000000000000000000000000000000000000000000000000000000000001E000000000000000000000000000000000000000000000000000000
310
0000000000000000000000000000001E00000000000000000000000000000000000000000000000000000000000000000000000000000000000000000000001E1E0000000000000000000000000000000000000000001E00000000000000000000000000000000000000000000001E00000000000000000000000000000000
310
0000000000000000000000000000000000000000000000000000001E000000000000000000000000000000001E000000000000000000000000000000000000000000000000000000000000000000000000000000000000001E0000000000000000000000000000000000000000000000000000000000000000000000000000
310
00001E1E1E1E0000000000000000000000001E00000000000000000000000000000000000000000000000000000000000000000000000000000000000000000000000000000000000000000000000000000000000000000000000000001E1E0000000000000000000000000000000000000000000000000000000000000000
310
00000000000000000000000000000000000000000000000000000000000000000000000000000000000000000000001E00000000000000000000000000000000000000000000000000000000000000000000000000000000000000000000000000000000000000001E00000000000000000000000000000000000000000000
310
000000000000000000000000000000000000001E000000000000000000000000000000000000000000000000000000000000000000000000000000000000000000000000001E1E000000000000000000000000000000000000001E000000000000000000000000000000000000000000001E00000000000000000000000000
310
000000000000000000000000000000000000000000000000000000000000001E000000000000000000000000000000001E0000000000000000000000000000000000000000000000000000000000000000000000000000000000001E0000000000000000000000000000000000000000000000000000000000000000000000
310
00001E1E1E1E000000000000000000000000000000001E000000000000000000000000000000000000000000000000000000000000000000000000000000000000000000000000000000000000000000000000000000000000000000000000000000001E1E0000000000000000000000000000000000000000000000000000
310
0000000000000000000000000000000000000000000000000000000000000000000000000000000000000000000000000000001E0000000000000000000000000000000000000000000000000000000000000000000000000000000000000000000000000000000000000000001E1E00000000000000000000000000000000
310
00000000000000000000000000000000000000000000001E0000000000000000000000000000000000000000000000000000000000000000000000000000000000000000000000000000001E1E000000000000000000000000000000001E00000000000000000000000000000000000000000000001E000000000000000000
310
000000000000000000000000000000000000000000000000000000000000000000001E000000000000000000000000000000001E000000000000000000000000000000000000000000000000000000000000000000000000000000000000001E00000000000000000000000000000000000000000000000000000000000000
310
00001E1E1E1E000000000000000000000000000000000000001E000000000000000000000000000000000000000000000000000000000000000000000000000000000000000000000000000000000000000000000000000000000000000000000000000000000000001E1E0000000000000000000000000000000000000000
310
0000000000000000000000000000000000000000000000000000000000000000000000000000000000000000000000000000000000001E0000000000000000000000000000000000000000000000000000000000000000000000000000000000000000000000000000000000000000000000001E0000000000000000000000
310
00000000000000000000000000000000000000000000000000001E0000000000000000000000000000000000000000000000000000000000000000000000000000000000000000000000000000000000001E1E00000000000000000000000000001E00000000000000000000000000000000000000000000001E0000000000
310
00000000000000000000000000000000000000000000000000000000000000000000000000001E000000000000000000000000000000001E000000000000000000000000000000000000000000000000000000000000000000000000000000000000001E000000000000000000000000000000000000000000000000000000
310
0000001E1E1E00000000000000000000000000000000000000000000001E000000000000000000000000000000000000000000000000000000000000000000000000001E1E1E1E1E0000000000000000000000000000000000000000000000000000000000000000000000000000001E1E1E00000000000000000000000000
310
000000000000000000000000000000000000000000000000000000000000000000000000000000000000000000000000000000000000000000001E000000000000000000000000000000000000000000000000000000000000000000000000000000000000000000000000000000000000000000000000001E000000000000
310
0000000000000000000000000000000000000000000000000000000000001E00000000000000000000000000000000000000000000000000000000000000000000000000000000000000000000000000000000000000001E1E00000000000000000000001E0000000000000000000000000000000000000000000000001E00
310
0000000000000000000000000000000000000000000000000000000000000000000000000000000000001E0000000000000000000000000000001E000000000000000000000000000000000000000000000000000000000000000000000000000000000000001E000000000000000000000000000000000000000000000000
310
00000000000000001E00000000000000000000000000000000000000000000001E00000000000000000000000000000000000000000000000000000000000000001E1E1E1E1E1E00000000001E1E1E1E1E1E0000000000000000000000000000000000000000000000000000000000000000000000001E1E00000000000000
310
00000000000000000000000000000000000000000000000000000000000000000000000000000000000000000000000000000000000000000000000000001E00000000000000000000000000000000000000000000000000000000000000000000000000000000000000000000000000000000000000000000000000001E00
310
0000000000000000000000000000000000000000000000000000000000000000001E000000000000001E1E00000000000000000000000000000000000000000000000000000000000000000000000000000000000000000000000000001E1E1E1E0000000000001E1E00000000000000000000000000000000000000000000
310
001E000000000000000000000000000000000000000000000000000000000000000000000000000000000000001E000000000000000000000000000000001E000000000000000000000000000000000000000000000000000000000000000000000000000000000000001E0000000000000000000000000000000000000000
310
000000000000000000000000001E000000000000000000000000000000000000000000001E000000000000000000000000000000000000000000000000000000001E1E1E1E00000000000000000000000000000000001E1E1E1E000000000000000000000000000000000000000000000000000000000000000000001E1E1E
310
0000000000000000000000000000000000000000000000000000000000000000000000000000000000000000000000000000000000000000000000000000000000001E000000000000000000000000000000000000000000000000000000000000000000000000000000000000000000000000000000000000000000000000
310
0000001E0000000000000000000000000000000000000000000000000000000000000000001E00000000001E1E00001E1E000000000000000000000000000000000000000000000000000000000000000000000000000000000000000000000000000000001E1E00001E1E0000000000000000000000000000000000000000
310
00000000001E000000000000000000000000000000000000000000000000000000000000000000000000000000000000001E0000000000000000000000000000001E000000000000000000000000000000000000000000000000000000000000000000000000000000000000001E0000000000000000000000000000000000
310
0000000000000000000000000000000000001E00000000000000000000000000000000000000001E0000000000000000000000000000000000000000000000000000001E1E000000000000000000000000000000000000000000000000001E1E00000000000000000000000000000000000000000000000000000000000000
310
000000001E1E0000000000000000000000000000000000000000000000000000000000000000000000000000000000000000000000000000000000000000000000000000001E000000000000000000000000000000000000000000000000000000000000000000000000000000000000000000000000000000000000000000
310
00000000000000001E000000000000000000000000000000000000000000000000000000000000001E000000001E1E0000000000001E00000000000000000000000000000000000000000000000000000000000000000000000000000000000000000000000000000000001E1E000000000000000000000000000000000000
310
0000000000000000001E000000000000000000000000000000000000000000000000000000000000000000000000000000000000001E0000000000000000000000000000001E000000000000000000000000000000000000000000000000000000000000000000000000000000000000001E00000000000000000000000000
310
00000000000000000000000000000000000000000000001E000000000000000000000000000000000000001E000000000000000000000000000000000000000000000000001E1E00000000000000000000000000000000000000000000000000000000001E1E00000000000000000000000000000000000000000000000000
310
000000000000000000001E1E1E0000000000000000000000000000000000000000000000000000000000000000000000000000000000000000000000000000000000000000000000001E0000000000000000000000000000000000000000000000000000000000000000000000000000000000000000000000000000000000
310
000000000000000000000000001E0000000000000000000000000000000000000000000000000000000000001E0000001E00000000000000001E000000000000000000000000000000000000000000000000000000000000000000000000000000000000000000000000000000000000000000000000000000000000000000
310
0000000000000000000000001E00000000000000000000000000000000000000000000000000000000000000000000000000000000000000001E00000000000000000000000000001E000000000000000000000000000000000000000000000000000000000000000000000000000000000000001E00000000000000000000
310
000000000000000000000000000000000000000000000000000000001E00000000000000000000000000000000001E0000000000000000000000000000000000000000000000001E1E0000000000000000000000000000000000000000000000000000000000000000001E1E00000000000000000000000000000000000000
310
00000000000000000000000000000000001E1E1E00000000000000000000000000000000000000000000000000000000000000000000000000000000000000000000000000000000000000001E0000000000000000000000000000000000000000000000000000000000000000000000000000000000000000000000000000
310
0000000000000000000000000000000000001E000000000000000000000000000000000000000000000000000000001E000000001E0000000000000000001E00000000000000000000000000000000000000000000000000000000000000000000000000000000000000000000000000000000000000000000000000000000
310
000000000000000000000000000000001E000000000000000000000000000000000000000000000000000000000000000000000000000000000000001E0000000000000000000000000000001E000000000000000000000000000000000000000000000000000000000000000000000000000000000000001E000000000000
310
00000000000000000000000000000000000000000000000000000000000000001E00000000000000000000000000000000001E000000000000000000000000000000000000000000001E1E000000000000000000000000000000000000000000000000000000000000000000000000001E1E00000000000000000000000000
310
0000000000000000000000000000000000000000000000001E1E00000000000000000000000000000000000000000000000000000000000000000000000000000000000000000000000000000000001E0000000000000000000000000000000000000000000000000000000000000000000000000000000000000000000000
310
00000000000000000000000000000000000000000000001E0000000000000000000000000000000000000000000000000000001E0000001E000000000000000000001E000000000000000000000000000000000000000000000000000000000000000000000000000000000000000000000000000000000000000000000000
310
00000000000000000000000000000000000000001E000000000000000000000000000000000000000000000000000000000000000000000000000000000000001E00000000000000000000000000001E000000000000000000000000000000000000000000000000000000000000000000000000000000000000001E000000
310
00000000000000000000000000000000000000000000001E1E0000000000000000000000001E0000000000000000000000000000001E0000000000000000000000000000000000000000001E1E00000000000000000000000000000000000000000000000000000000000000000000000000000000001E0000000000000000
310
0000000000000000000000000000000000000000000000000000000000001E1E1E00000000000000000000000000000000000000000000000000000000000000000000000000000000000000000000000000001E00000000000000000000000000000000000000000000000000000000000000000000000000000000000000
310
000000000000000000000000000000000000000000000000000000001E00000000000000000000000000000000000000000000000000001E0000001E00000000000000000000001E00000000000000000000000000000000000000000000000000000000000000000000000000000000000000000000000000000000000000
310
00000000000000000000000000000000000000000000001E00000000000000000000000000000000000000000000000000000000000000000000000000000000000000001E00000000000000000000000000001E00000000000000000000000000000000000000000000000000000000000000000000000000000000000000
310
1E0000000000000000000000000000000000000000000000001E1E00001E1E000000000000000000001E0000000000000000000000000000001E00000000000000000000000000000000000000001E00000000000000000000000000000000000000000000000000000000000000000000000000000000000000001E000000
310
000000000000000000000000000000000000000000000000000000000000000000000000001E1E00000000000000000000000000000000000000000000000000000000000000000000000000000000000000000000001E00000000000000000000000000000000000000000000000000000000000000000000000000000000
310
0000000000000000000000000000000000000000000000000000000000000000001E000000000000000000000000000000000000000000000000001E000000001E000000000000000000001E000000000000000000000000000000000000000000000000000000000000000000000000000000000000000000000000000000
310
0000000000000000000000000000000000000000000000000000001E000000000000000000000000000000000000000000000000000000000000000000000000000000000000001E00000000000000000000000000001E00000000000000000000000000000000000000000000000000000000000000000000000000000000
310
0000001E00000000000000000000000000000000000000000000001E1E0000000000001E000000000000000000001E000000000000000000000000001E00000000000000000000000000000000000000001E000000000000000000000000000000000000000000000000000000000000000000000000000000000000000000
310
001E00000000000000000000000000000000000000000000000000000000000000000000000000000000001E1E00000000000000000000000000000000000000000000000000000000000000000000000000000000000000001E00000000000000000000000000000000000000000000000000000000000000000000000000
310
00000000000000000000000000000000000000000000000000000000000000000000000000001E1E000000000000000000000000000000000000000000001E00000000001E0000000000000000001E000000000000000000000000000000000000000000000000000000000000000000000000000000000000000000000000
310
000000000000000000000000000000000000000000000000000000000000001E000000000000000000000000000000000000000000000000000000000000000000000000000000000000001E00000000000000000000000000001E000000000000000000000000000000000000000000000000000000000000000000000000
310
000000000000001E000000000000000000000000000000000000000000001E00000000000000001E000000000000000000001E000000000000000000000000001E000000000000000000000000000000000000001E000000000000000000000000000000000000000000000000000000000000000000000000000000000000
310
0000000000001E0000000000000000000000000000000000000000000000000000000000000000000000000000000000001E0000000000000000000000000000000000000000000000000000000000000000000000000000000000001E00000000000000000000000000000000000000000000000000000000000000000000
310
00000000000000000000000000000000000000000000000000000000000000000000000000000000000000001E0000000000000000000000000000000000000000001E0000000000001E00000000000000001E0000000000000000000000000000000000000000000000000000000000000000000000000000000000000000
310
00000000000000000000000000000000000000000000000000000000000000000000001E000000000000000000000000000000000000000000000000000000000000000000000000000000000000001E00000000000000000000000000001E0000000000000000000000000000000000000000000000000000000000000000
310
000000000000000000001E00000000000000000000000000000000000000000000001E0000000000000000001E000000000000000000001E00000000000000000000001E0000000000000000000000000000000000001E1E000000000000000000000000000000000000000000000000000000000000000000000000000000
310
00000000000000000000001E1E000000000000000000000000000000000000000000000000000000000000000000000000000000001E00000000000000000000000000000000000000000000000000000000000000000000000000000000001E00000000000000000000000000000000000000000000000000000000000000
310
000000000000000000000000000000000000000000000000000000000000000000000000000000000000000000000000001E00000000000000000000000000000000000000001E0000000000001E0000000000001E1E0000000000000000000000000000000000000000000000000000000000000000000000000000000000
310
00000000000000000000000000000000000000000000000000000000000000000000000000001E000000000000000000000000000000000000000000000000000000000000000000000000000000000000001E0000000000000000000000000000001E00000000000000000000000000000000000000000000000000000000
310
00000000000000000000000000001E000000000000000000000000000000000000000000001E000000000000000000001E000000000000000000001E000000000000000000001E0000000000000000000000000000000000001E00000000000000000000000000000000000000000000000000000000000000000000000000
310
00000000000000000000000000000000001E000000000000000000000000000000000000000000000000000000000000000000000000000000001E0000000000000000000000000000000000000000000000000000000000000000000000000000001E00000000000000000000000000000000000000000000000000000000
310
0000000000000000000000000000000000000000000000000000000000000000000000000000000000000000000000000000000000001E000000000000000000000000000000000000001E000000000000001E1E00001E1E000000000000000000000000000000000000000000000000000000000000000000000000000000
310
0000000000000000000000000000000000000000000000000000000000000000000000000000000000001E000000000000000000000000000000000000000000000000000000000000000000000000000000000000001E0000000000000000000000000000001E000000000000000000000000000000000000000000000000
310
0000000000000000000000000000000000001E000000000000000000000000000000000000000000001E00000000000000000000001E0000000000000000001E000000000000000000001E00000000000000000000000000000000001E00000000000000000000000000000000000000000000000000000000000000000000
310
000000000000000000000000000000000000000000001E000000000000000000000000000000000000000000000000000000000000000000000000000000001E000000000000000000000000000000000000000000000000000000000000000000000000001E00000000000000000000000000000000000000000000000000
310
00000000000000000000000000000000000000000000000000000000000000000000000000000000000000000000000000000000000000000000001E0000000000000000000000000000000000001E0000000000000000001E1E00000000000000000000000000000000000000000000000000000000000000000000000000
310
000000000000000000000000000000000000000000000000000000000000000000000000000000000000000000001E000000000000000000000000000000000000000000000000000000000000000000000000000000000000001E0000000000000000000000000000001E0000000000000000000000000000000000000000
310
0000000000000000000000000000000000000000001E00000000000000000000000000000000000000000000001E00000000000000000000001E0000000000000000001E0000000000000000001E00000000000000000000000000000000001E00000000000000000000000000000000000000000000000000000000000000
310
0000000000000000000000000000000000000000000000000000001E000000000000000000000000000000000000000000000000000000000000000000000000000000001E00000000000000000000000000000000000000000000000000000000000000000000001E00000000000000000000000000000000000000000000
310
00000000000000000000000000000000000000000000000000001E1E1E1E1E0000000000000000000000000000000000000000000000000000000000000000001E0000000000000000000000000000000000001E00000000000000000000000000000000000000000000000000000000000000000000000000000000000000
310
000000000000000000000000000000000000000000000000000000000000000000000000000000000000000000000000001E00000000000000000000000000000000000000000000000000000000000000000000000000000000000000001E000000000000000000000000000000001E000000000000000000000000000000
310
000000000000000000000000000000000000000000000000001E0000000000000000000000000000000000000000000000001E0000000000000000001E000000000000000000001E0000000000000000001E000000000000000000000000000000001E00000000000000000000000000000000000000000000000000000000
310
00000000000000000000000000000000000000000000000000000000000000001E0000000000000000000000000000000000000000000000000000000000000000000000000000001E0000000000000000000000000000000000000000000000000000000000000000001E1E00000000000000000000000000000000000000
310
000000000000000000000000000000000000000000000000000000001E1E00000000001E1E00000000000000000000000000000000000000000000000000000000000000001E00000000000000000000000000000000001E000000000000000000000000000000000000000000000000000000000000000000000000000000
310
00000000000000000000000000000000000000000000000000000000000000000000000000000000000000000000000000000000001E000000000000000000000000000000000000000000000000000000000000000000000000000000000000001E00000000000000000000000000000000001E0000000000000000000000
310
000000000000000000000000000000000000000000000000000000001E000000000000000000000000000000000000000000000000001E0000000000000000001E0000000000000000001E0000000000000000001E00000000000000000000000000000000001E000000000000000000000000000000000000000000000000
310
0000000000000000000000000000000000000000000000000000000000000000000000001E000000000000000000000000000000000000000000000000001E1E000000000000000000000000001E000000000000000000000000000000000000000000000000000000000000001E0000000000000000000000000000000000
310
00000000000000000000000000000000000000000000000000000000000000001E00000000000000001E00000000000000000000000000000000000000000000000000000000000000001E000000000000000000000000000000001E0000000000000000000000000000000000000000000000000000000000000000000000
310
0000000000000000000000000000000000000000000000000000000000000000000000000000000000000000000000000000000000000000001E000000000000000000000000000000000000000000000000000000000000000000000000000000000000001E000000000000000000000000000000001E0000000000000000
310
00000000000000000000000000000000000000000000000000000000000000001E00000000000000000000000000000000000000000000000000001E000000000000001E000000000000000000001E00000000000000001E00000000000000000000000000000000001E000000000000000000000000000000000000000000
310
00000000000000000000000000000000000000000000000000000000000000000000000000000000001E000000000000000000000000000000000000000000001E1E00001E1E00000000000000000000001E0000000000000000000000000000000000000000000000000000000000001E0000000000000000000000000000
310
00000000000000000000000000000000000000000000000000000000000000000000001E000000000000000000001E00000000000000000000000000000000000000000000000000000000000000001E000000000000000000000000000000001E000000000000000000000000000000000000000000000000000000000000
310
0000000000000000000000000000000000000000000000000000000000000000000000000000000000000000000000000000000000000000000000001E00000000000000000000000000000000000000000000000000000000000000000000000000000000000000001E000000000000000000000000000000001E00000000
310
00000000000000000000000000000000000000000000000000000000000000000000001E0000000000000000000000000000000000000000000000000000001E1E000000001E1E1E000000000000000000001E00000000000000001E00000000000000000000000000000000001E0000000000000000000000000000000000
310
0000000000000000000000000000000000000000000000000000000000000000000000000000000000000000001E00000000000000000000000000000000000000001E1E0000000000001E1E000000000000000000001E0000000000000000000000000000000000000000000000000000001E1E0000000000000000000000
310
0000000000000000000000000000000000000000000000000000000000000000000000000000001E00000000000000000000001E1E000000000000000000000000000000000000000000000000000000000000001E0000000000000000000000000000001E0000000000000000000000000000000000000000000000000000
310
000000000000000000000000000000000000000000000000000000000000000000000000000000000000000000000000000000000000000000000000000000001E000000000000000000000000000000000000000000000000000000000000000000000000000000000000001E000000000000000000000000000000001E00
310
0000000000000000000000000000000000000000000000000000000000000000000000000000001E00000000000000000000000000000000000000000000000000000000001E1E1E1E000000000000000000000000001E000000000000001E00000000000000000000000000000000001E0000000000000000000000000000
310
00000000000000000000000000000000000000000000000000000000000000000000000000000000000000000000000000001E000000000000000000000000000000000000001E00000000000000001E000000000000000000001E00000000000000000000000000000000000000000000000000001E000000000000000000
310
0000000000000000000000000000000000000000000000000000000000000000000000000000000000001E00000000000000000000000000001E000000000000000000000000000000000000000000000000000000000000001E0000000000000000000000000000001E000000000000000000000000000000000000000000
310
000000000000000000000000000000000000000000000000000000000000000000000000000000000000000000000000000000000000000000000000000000000000001E00000000000000000000000000000000000000000000000000000000000000000000000000000000000000001E0000000000000000000000000000
310
00001E0000000000000000000000000000000000000000000000000000000000000000000000000000001E000000000000000000000000000000000000000000000000000000000000000000000000000000000000000000001E000000000000001E0000000000000000000000000000000000001E00000000000000000000
310
0000000000000000000000000000000000000000000000000000000000000000000000000000000000000000000000000000000000001E0000000000000000000000000000000000001E0000000000000000001E000000000000000000001E000000000000000000000000000000000000000000000000001E000000000000
310
00000000000000000000000000000000000000000000000000000000000000000000000000000000000000001E1E000000000000000000000000000000001E1E0000000000000000000000000000000000000000000000000000000000001E0000000000000000000000000000001E1E000000000000000000000000000000
310
00000000000000000000000000000000000000000000000000000000000000000000000000000000000000000000000000000000000000000000000000000000000000000000001E000000000000000000000000000000000000000000000000000000000000000000000000000000000000001E0000000000000000000000
310
00000000001E000000000000000000000000000000000000000000000000000000000000000000000000000000001E0000000000000000000000000000000000000000000000000000000000000000000000000000000000000000001E00000000000000001E00000000000000000000000000000000001E00000000000000
310
00000000000000000000000000000000000000000000000000000000000000000000000000000000000000000000000000000000000000000000001E00000000000000000000000000000000001E000000000000000000001E0000000000000000001E0000000000000000000000000000000000000000000000001E000000
310
00000000000000000000000000000000000000000000000000000000000000000000000000000000000000000000001E00000000000000000000000000000000000000001E0000000000000000000000000000000000000000000000000000000000001E1E0000000000000000000000000000001E00000000000000000000
310
00000000000000000000000000000000000000000000000000000000000000000000000000000000000000000000000000000000000000000000000000000000000000000000000000001E00000000000000000000000000000000000000000000000000000000000000000000000000000000000000001E00000000000000
310
0000000000000000001E0000000000000000000000000000000000000000000000000000000000000000000000000000001E000000000000000000000000000000000000000000000000000000000000000000000000000000000000000000001E000000000000001E0000000000000000000000000000000000001E000000
310
0000000000000000000000000000000000000000000000000000000000000000000000000000000000000000000000000000000000000000000000000000001E00000000000000000000000000000000001E000000000000000000001E0000000000000000001E00000000000000000000000000000000000000000000001E
310
00000000000000000000000000000000000000000000000000000000000000000000000000000000000000000000000000001E000000000000000000000000000000000000000000001E000000000000000000000000000000000000000000000000000000000000001E0000000000000000000000000000001E1E00000000
310
0000000000000000000000000000000000000000000000000000000000000000000000000000000000000000000000000000000000000000000000000000000000000000000000000000000000001E000000000000000000000000000000000000000000000000000000000000000000000000000000000000001E00000000
310
0000000000000000000000001E000000000000000000000000000000000000000000000000000000000000000000000000000000001E0000000000000000000000000000000000000000000000000000000000000000000000000000000000000000001E00000000000000001E00000000000000000000000000000000001E
310
00000000000000000000000000000000000000000000000000000000000000000000000000000000000000000000000000000000000000000000000000000000000000001E000000000000000000000000000000001E000000000000000000001E000000000000000000001E00000000000000000000000000000000000000
310
00001E0000000000000000000000000000000000000000000000000000000000000000000000000000000000000000000000000000001E00000000000000000000000000000000000000000000001E1E0000000000000000000000000000000000000000000000000000000000001E00000000000000000000000000000000
310
1E1E000000000000000000000000000000000000000000000000000000000000000000000000000000000000000000000000000000000000000000000000000000000000000000000000000000000000001E00000000000000000000000000000000000000000000000000000000000000000000000000000000000000001E
310
000000000000000000000000000000001E0000000000000000000000000000000000000000000000000000000000000000000000000000001E0000000000000000000000000000000000000000000000000000000000000000000000000000000000000000001E00000000000000001E000000000000000000000000000000
310
0000001E00000000000000000000000000000000000000000000000000000000000000000000000000000000000000000000000000000000000000000000000000000000000000001E00000000000000000000000000000000001E0000000000000000001E000000000000000000001E000000000000000000000000000000
310
00000000001E0000000000000000000000000000000000000000000000000000000000000000000000000000000000000000000000000000001E00000000000000000000000000000000000000000000000000001E0000000000000000000000000000000000000000000000000000000000001E0000000000000000000000
310
0000000000001E1E1E000000000000000000000000000000000000000000000000000000000000000000000000000000000000000000000000000000000000000000000000000000000000000000000000000000001E0000000000000000000000000000000000000000000000000000000000000000000000000000000000
310
00001E000000000000000000000000000000001E000000000000000000000000000000000000000000000000000000000000000000000000000000001E00000000000000000000000000000000000000000000000000000000000000000000000000000000000000001E00000000000000001E000000000000000000000000
310
0000000000001E000000000000000000000000000000000000000000000000000000000000000000000000000000000000000000000000000000000000000000000000000000000000000000001E000000000000000000000000000000001E00000000000000001E00000000000000000000001E0000000000000000000000
310
00000000000000001E0000000000000000000000000000000000000000000000000000000000000000000000000000000000000000000000000000001E000000000000000000000000000000000000000000000000000000001E1E00000000000000000000000000000000000000000000000000000000001E000000000000
310
000000000000000000000000001E1E000000000000000000000000000000000000000000000000000000000000000000000000000000000000000000000000000000000000000000000000000000000000000000000000001E0000000000000000000000000000000000000000000000000000000000000000000000000000
310
0000000000001E000000000000000000000000000000001E0000000000000000000000000000000000000000000000000000000000000000000000000000001E000000000000000000000000000000000000000000000000000000000000000000000000000000000000001E1E0000000000000000001E0000000000000000
310
000000000000000000001E000000000000000000000000000000000000000000000000000000000000000000000000000000000000000000000000000000000000000000000000000000000000000000001E000000000000000000000000000000001E000000000000001E1E00000000000000000000001E00000000000000
310
00000000000000000000001E000000000000000000000000000000000000000000000000000000000000000000000000000000000000000000000000000000001E0000000000000000000000000000000000000000000000000000000000001E00000000000000000000000000000000000000000000000000000000001E00
310
000000000000000000000000000000000000001E1E1E000000000000000000000000000000000000000000000000000000000000000000000000000000000000000000000000000000000000000000000000000000000000000000001E00000000000000000000000000000000000000000000000000000000000000000000
310
0000000000000000001E000000000000000000000000000000001E000000000000000000000000000000000000000000000000000000000000000000000000000000001E0000000000000000000000000000000000000000000000000000000000000000000000000000000000001E000000000000000000001E0000000000
310
00000000000000000000000000001E000000000000000000000000000000000000000000000000000000000000000000000000000000000000000000000000000000000000000000000000000000000000000000001E00000000000000000000000000000000001E1E0000001E1E000000000000000000000000001E000000
310
0000000000000000000000000000001E0000000000000000000000000000000000000000000000000000000000000000000000000000000000000000000000000000001E00000000000000000000000000000000000000000000000000000000000000001E0000000000000000000000000000000000000000000000000000
310
0000001E000000000000000000000000000000000000000000001E1E1E1E1E1E0000000000000000000000000000000000000000000000000000000000000000000000000000000000000000000000000000000000000000000000000000001E00000000000000000000000000000000000000000000000000000000000000
310
000000000000000000000000001E000000000000000000000000000000001E00000000000000000000000000000000000000000000000000000000000000000000000000001E1E00000000000000000000000000000000000000000000000000000000000000000000000000000000001E1E000000000000000000001E0000
310
0000000000000000000000000000000000001E000000000000000000000000000000000000000000000000000000000000000000000000000000000000000000000000000000000000000000000000000000000000000000001E000000000000000000000000000000000000001E1E1E000000000000000000000000000000
310
1E00000000000000000000000000000000001E0000000000000000000000000000000000000000000000000000000000000000000000000000000000000000000000000000001E000000000000000000000000000000000000000000000000000000000000000000001E1E0000000000000000000000000000000000000000
310
00000000000000001E0000000000000000000000000000000000000000000000000000001E1E1E1E1E1E1E1E000000000000000000000000000000000000000000000000000000000000000000000000000000000000000000000000000000000000001E000000000000000000000000000000000000000000000000000000
310
000000000000000000000000000000001E000000000000000000000000000000001E00000000000000000000000000000000000000000000000000000000000000000000000000001E000000000000000000000000000000000000000000000000000000000000000000000000000000001E1E1E0000000000000000000000
310
1E00000000000000000000000000000000000000001E0000000000000000000000000000000000000000000000000000000000000000000000000000000000000000000000000000000000000000000000000000000000000000000000001E0000000000000000000000000000000000000000000000000000000000000000
310
000000001E00000000000000000000000000000000001E00000000000000000000000000000000000000000000000000000000000000000000000000000000000000000000000000001E000000000000000000000000000000000000000000000000000000000000000000000000001E000000000000000000000000000000
310
000000000000000000000000001E000000000000000000000000000000000000000000000000000000000000000000001E1E1E1E00000000000000000000000000000000000000000000000000000000000000000000000000000000000000000000000000001E000000000000000000000000000000000000000000000000
310
000000000000000000000000000000000000001E00000000000000000000000000000000001E000000000000000000000000000000000000000000000000000000000000000000000000001E000000000000000000000000000000000000000000000000000000000000000000000000001E1E1E1E00000000000000000000
310
0000001E0000000000000000000000000000000000000000001E0000000000000000000000000000000000000000000000000000000000000000000000000000000000000000000000000000000000000000000000000000000000000000000000001E00000000000000000000000000000000000000000000000000000000
310
00000000000000001E000000000000000000000000000000001E0000000000000000000000000000000000000000000000000000000000000000000000000000000000000000000000000000001E00000000000000000000000000000000000000000000000000000000000000000000000000001E1E000000000000000000
310
0000000000000000000000000000000000001E000000000000000000000000000000000000000000000000000000000000000000000000001E1E00000000000000000000000000000000000000000000000000000000000000000000001E1E00000000000000000000001E0000000000000000000000000000000000000000
310
00000000000000000000000000000000000000000000001E00000000000000000000000000000000001E0000000000000000000000000000000000000000000000000000000000000000000000001E000000000000000000000000000000000000000000000000000000000000000000001E1E1E1E00000000000000000000
310
000000000000001E0000000000000000000000000000000000000000001E0000000000000000000000000000000000000000000000000000000000000000000000000000000000000000000000000000000000000000000000000000000000000000000000001E000000000000000000000000000000000000000000000000
310
000000000000000000000000001E0000000000000000000000000000001E00000000000000000000000000000000000000000000000000000000000000000000000000000000000000000000000000001E00000000000000000000000000000000000000000000000000000000000000000000000000000000001E00000000
310
00000000000000000000000000000000000000000000001E00000000000000000000000000000000000000000000000000000000000000000000000000001E1E000000000000000000000000000000000000000000000000000000000000001E1E00001E1E0000000000000000001E00000000000000000000000000000000
310
00000000000000000000000000000000000000000000000000001E0000000000000000000000000000000000001E0000000000000000000000000000000000000000000000000000000000000000000000001E0000000000000000000000000000000000000000000000000000000000001E1E1E1E00000000000000000000
310
000000000000000000001E000000000000000000000000000000000000000000001E0000000000000000000000000000000000000000000000000000000000000000000000000000000000000000000000000000000000000000000000000000000000000000000000001E0000000000000000000000000000000000000000
310
00000000000000000000000000000000001E00000000000000000000000000001E00000000000000000000000000000000000000000000000000000000000000000000000000000000000000000000000000001E00000000000000000000000000000000000000000000000000000000000000000000000000000000000000
310
1E0000000000000000000000000000000000000000000000000000001E0000000000000000000000000000000000000000000000000000000000000000000000000000001E1E0000000000000000000000000000000000000000000000000000001E1E0000000000001E000000000000001E00000000000000000000000000
310
00000000000000000000000000000000000000000000000000000000001E00000000000000000000000000000000000000001E000000000000000000000000000000000000000000000000000000000000000000001E000000000000000000000000000000000000000000000000000000001E1E1E00000000000000000000
310
000000000000000000000000001E00000000000000000000000000000000000000000000001E0000000000000000000000000000000000000000000000000000000000000000000000000000000000000000000000000000000000000000000000000000000000000000000000001E00000000000000000000000000000000
310
0000000000000000000000000000000000000000001E00000000000000000000000000001E00000000000000000000000000000000000000000000000000000000000000000000000000000000000000000000000000001E000000000000000000000000000000000000000000000000000000000000000000000000000000
310
00000000001E1E00000000000000000000000000000000000000000000000000001E1E0000000000000000000000000000000000000000000000000000000000000000000000000000001E000000000000000000000000000000000000000000000000001E00000000000000001E000000000000001E000000000000000000
310
00000000000000000000000000000000000000000000000000000000000000001E0000000000000000000000000000000000000000001E000000000000000000000000000000000000000000000000000000000000000000001E00000000000000000000000000000000000000000000000000000000001E00000000000000
310
000000000000000000000000000000001E0000000000000000000000000000000000000000000000001E0000000000000000000000000000000000000000000000000000000000000000000000000000000000000000000000000000000000000000000000000000000000000000000000001E000000000000000000000000
310
000000000000000000000000000000000000000000000000001E000000000000000000000000001E0000000000000000000000001E1E0000000000000000000000000000000000000000000000000000000000000000000000001E000000000000000000000000000000000000000000000000000000000000000000000000
310
00000000000000000000001E0000000000000000000000000000000000000000000000000000001E0000000000000000000000000000000000000000000000000000000000000000000000000000001E1E00000000000000000000000000000000000000000000001E0000000000000000001E00000000001E000000000000
310
0000000000000000000000000000000000000000000000000000000000000000000000001E000000000000000000000000000000000000000000001E1E000000000000000000000000000000000000000000000000000000000000001E000000000000000000000000000000000000000000000000000000000000001E0000
310
000000000000000000000000000000000000001E0000000000000000000000000000000000000000000000001E00000000000000000000000000000000000000000000000000000000000000000000000000000000000000000000000000000000000000000000000000000000000000000000000000001E00000000000000
310
00000000000000000000000000000000000000000000000000000000001E000000000000000000000000001E000000000000000000001E1E00001E1E000000000000000000000000000000000000000000000000000000000000000000001E0000000000000000000000000000000000000000000000000000000000000000
310
000000000000000000000000000000001E1E00000000000000000000000000000000000000000000000000001E000000000000000000000000000000000000000000000000000000000000000000000000000000001E0000000000000000000000000000000000000000001E000000000000000000001E00000000001E0000
310
0000000000000000000000000000000000000000000000000000000000000000000000000000001E000000000000000000000000000000000000000000000000001E1E00000000000000000000000000000000000000000000000000000000001E000000000000000000000000000000000000000000000000000000000000
310
00001E000000000000000000000000000000000000001E000000000000000000000000000000000000000000000000001E00000000000000000000000000000000000000000000000000000000000000000000000000000000000000000000000000000000000000000000000000000000000000000000000000001E000000
310
0000000000000000000000000000000000000000000000000000000000000000001E000000000000000000000000001E00000000000000001E1E0000000000001E00000000000000000000000000000000000000000000000000000000000000001E0000000000000000000000000000000000000000000000000000000000
310
000000000000000000000000000000000000000000001E00000000000000000000000000000000000000000000000000001E000000000000000000000000000000000000000000000000000000000000000000000000000000001E00000000000000000000000000000000000000001E00000000000000000000001E000000
310
1E00000000000000000000000000000000000000000000000000000000000000000000000000000000001E000000000000000000000000000000000000000000000000000000001E1E00000000000000000000000000000000000000000000000000001E000000000000000000000000000000000000000000000000000000
310
000000000000001E00000000000000000000000000000000001E00000000000000000000000000000000000000000000000000001E0000000000000000000000000000000000000000000000000000000000000000000000000000000000000000000000000000000000000000000000000000000000000000000000000000
310
1E0000000000000000000000000000000000000000000000000000000000000000000000001E000000000000000000000000001E000000000000001E00000000000000001E00000000000000000000000000000000000000000000000000000000000000001E00000000000000000000000000000000000000000000000000
310
0000000000000000000000000000000000000000000000000000001E1E000000000000000000000000000000000000000000000000001E000000000000000000000000000000000000000000000000000000000000000000000000000000001E00000000000000000000000000000000000000001E00000000000000000000
310
1E0000001E0000000000000000000000000000000000000000000000000000000000000000000000000000001E1E000000000000000000000000000000000000000000000000000000000000001E1E0000000000000000000000000000000000000000000000001E0000000000000000000000000000000000000000000000
310
0000000000000000000000001E0000000000000000000000000000001E0000000000000000000000000000000000000000000000000000001E00000000000000000000000000000000000000000000000000000000000000000000000000000000000000000000000000000000000000000000000000000000000000000000
310
000000001E0000000000000000000000000000000000000000000000000000000000000000000000001E00000000000000000000000000001E0000000000001E0000000000000000001E0000000000000000000000000000000000000000000000000000000000001E00000000000000000000000000000000000000000000
310
0000000000000000000000000000000000000000000000000000000000000000001E000000000000000000000000000000000000000000000000001E000000000000000000000000000000000000000000000000000000000000000000000000000000001E000000000000000000000000000000000000001E000000000000
310
0000001E0000001E0000000000000000000000000000000000000000000000000000000000000000000000000000001E00000000000000000000000000000000000000000000000000000000000000000000001E1E0000000000000000000000000000000000000000001E0000000000000000000000000000000000000000
310
000000000000000000000000000000001E0000000000000000000000000000001E0000000000000000000000000000000000000000000000000000001E000000000000000000000000000000000000000000000000000000000000000000000000000000000000000000000000000000000000000000000000000000000000
310
00000000000000001E0000000000000000000000000000000000000000000000000000000000000000000000001E00000000000000000000000000001E00000000001E000000000000000000001E0000000000000000000000000000000000000000000000000000000000001E000000000000000000000000000000000000
310
00000000000000000000000000000000000000000000000000000000000000000000000000001E000000000000000000000000000000000000000000000000001E000000000000000000000000000000000000000000000000000000000000000000000000000000001E000000000000000000000000000000000000001E00
310
000000000000001E0000001E00000000000000000000000000000000000000000000000000000000000000000000000000001E00000000000000000000000000000000000000000000000000000000000000000000000000001E1E1E0000000000000000000000000000000000001E00000000000000000000000000000000
310
000000000000001E1E0000000000000000000000001E000000000000000000000000001E00000000000000000000000000000000000000000000000000000000001E00000000000000000000000000000000000000000000000000000000000000000000000000000000000000000000000000000000000000000000000000
310
0000000000000000000000001E0000000000000000000000000000000000000000000000000000000000000000000000001E00000000000000000000000000001E00000000001E00000000000000000000001E000000000000000000000000000000000000000000000000000000001E000000000000000000000000000000
310
000000000000000000000000000000000000000000000000000000000000000000000000000000000000001E1E0000000000000000000000000000000000000000000000001E000000000000000000000000000000000000000000000000000000000000000000000000000000001E00000000000000000000000000000000
310
00001E0000000000001E1E0000001E000000000000000000000000000000000000000000000000000000000000000000000000001E1E0000000000000000000000000000000000000000000000000000000000000000000000000000000000001E1E0000000000000000000000000000001E00000000000000000000000000
310
0000000000000000001E1E00001E1E000000000000000000001E0000000000000000000000001E0000000000000000000000000000000000000000000000000000000000001E000000000000000000000000000000000000000000000000000000000000000000000000000000000000000000000000000000000000000000
310
0000000000000000000000000000001E000000000000000000000000000000000000000000000000000000000000000000000000001E00000000000000000000000000001E0000000000001E000000000000000000001E0000000000000000000000000000000000000000000000000000001E000000000000000000000000
310
000000000000000000000000000000000000000000000000000000000000000000000000000000000000000000000000001E0000000000000000000000000000000000000000000000001E000000000000000000000000000000000000000000000000000000000000000000000000000000001E0000000000000000000000
310
000000000000001E1E00001E1E00000000001E0000000000000000000000000000000000000000000000000000000000000000000000001E000000000000000000000000000000000000000000000000000000000000000000000000000000000000000000001E1E000000000000000000000000001E000000000000000000
310
00000000000000000000001E1E0000000000001E0000000000000000001E00000000000000000000001E000000000000000000000000000000000000000000000000000000000000001E0000000000000000000000000000000000000000000000000000000000000000000000000000000000000000000000000000000000
310
000000000000000000000000000000000000001E000000000000000000000000000000000000000000000000000000000000000000000000001E0000000000000000000000000000001E00000000001E0000000000000000001E000000000000000000000000000000000000000000000000000000001E0000000000000000
310
0000000000000000000000000000000000000000000000000000000000000000000000000000000000000000000000000000000000001E1E00000000000000000000000000000000000000000000001E000000000000000000000000000000000000000000000000000000000000000000000000000000001E000000000000
310
000000000000000000000000001E1E0000000000001E00000000000000000000000000000000000000000000000000000000000000000000001E1E000000000000000000000000000000000000000000000000000000000000000000000000000000000000000000000000001E1E000000000000000000001E000000000000
310
00000000000000000000000000001E00000000000000001E0000000000000000001E000000000000000000001E00000000000000000000000000000000000000000000000000000000000000001E00000000000000000000000000000000000000000000000000000000000000000000000000000000000000000000000000
310
00000000000000000000000000000000000000000000001E0000000000000000000000000000000000000000000000000000000000000000000000001E00000000000000000000000000000000001E00000000001E00000000000000001E0000000000000000000000000000000000000000000000000000001E0000000000
310
0000000000000000000000000000000000000000000000000000000000000000000000000000000000000000000000000000000000000000000000001E00000000000000000000000000000000000000000000001E000000000000000000000000000000000000000000000000000000000000000000000000000000001E1E
310
000000000000000000000000000000000000000000000000001E00000000000000000000000000000000000000000000000000000000000000001E1E1E00000000000000000000000000000000000000000000000000000000000000000000000000000000000000000000000000000000001E1E00000000000000001E0000
310
0000000000000000000000000000000000001E0000000000000000001E0000000000000000001E00000000000000001E0000000000000000000000000000000000000000000000000000000000000000001E000000000000000000000000000000000000000000000000000000000000000000000000000000000000000000
310
0000000000000000000000000000000000000000000000000000001E0000000000000000000000000000000000000000000000000000000000000000000000001E00000000000000000000000000000000001E00000000001E0000000000001E1E000000000000000000000000000000000000000000000000000000001E00
310
00000000000000000000000000000000000000000000000000000000000000000000000000000000000000000000000000000000000000000000000000000000001E00000000000000000000000000000000000000000000001E1E000000000000000000000000000000000000000000000000000000000000000000000000
310
000000001E1E000000000000000000000000000000000000000000001E0000000000000000000000000000000000000000000000000000000000001E1E1E000000000000000000000000000000000000000000000000000000000000000000000000000000000000000000000000000000000000000000001E1E0000000000
310
1E00000000000000000000000000000000000000001E000000000000000000001E0000000000000000001E00000000000000001E0000000000000000000000000000000000000000000000000000000000000000001E0000000000000000000000000000000000000000000000000000000000000000000000000000000000
310
000000000000000000000000000000000000000000000000000000000000001E0000000000000000000000000000000000000000000000000000000000000000000000001E0000000000000000000000000000000000001E00000000001E1E00001E1E00000000000000000000000000000000000000000000000000000000
310
0000001E0000000000000000000000000000000000000000000000000000000000000000000000000000000000000000000000000000000000000000000000000000000000001E1E00000000000000000000000000000000000000000000001E00000000000000000000000000000000000000000000000000000000000000
310
000000000000000000001E1E000000000000000000000000000000000000001E000000000000000000000000000000000000000000000000000000001E1E1E0000000000000000000000000000000000000000000000000000000000000000000000000000000000000000000000000000000000000000000000000000001E
310
1E1E1E1E0000000000000000000000000000000000000000001E00000000000000000000001E00000000000000001E000000000000001E00000000000000000000000000000000000000000000000000000000000000000000001E000000000000000000000000000000000000000000000000000000000000000000000000
310
00000000000000000000000000000000000000000000000000000000000000000000001E0000000000000000000000000000000000000000000000000000000000000000000000001E000000000000000000000000000000000000001E0000000000001E1E0000000000000000000000000000000000000000000000000000
310
000000000000001E00000000000000000000000000000000000000000000000000000000000000000000000000000000000000000000000000000000000000000000000000000000000000001E00000000000000000000000000000000000000000000001E0000000000000000000000000000000000000000000000000000
310
000000000000000000000000000000001E0000000000000000000000000000000000001E0000000000000000000000000000000000000000000000001E1E1E1E000000000000000000000000000000000000000000000000000000000000000000000000000000000000000000000000000000000000000000000000000000
310
00000000000000000000000000000000000000000000000000000000001E00000000000000000000001E00000000000000001E000000000000001E0000000000000000000000001E1E1E1E1E0000000000000000000000000000000000001E0000000000000000000000000000000000000000000000000000000000000000
310
00000000000000000000000000000000000000000000000000000000000000000000000000001E000000000000000000000000000000000000000000000000000000000000000000000000001E00000000000000000000000000000000000000001E1E00000000000000000000000000000000000000000000000000000000
310
0000000000000000000000001E00000000000000000000000000000000000000000000000000000000000000000000000000000000000000000000000000000000000000000000000000000000000000001E1E000000000000000000000000000000000000000000001E000000000000000000000000000000000000000000
310
0000000000000000000000000000000000000000001E1E0000000000000000000000000000001E0000000000000000000000000000000000000000001E1E1E1E000000000000000000000000000000000000000000000000000000000000000000000000000000000000000000000000000000000000000000000000000000
310
000000000000000000000000000000000000000000000000000000000000000000001E0000000000000000001E0000000000000000001E000000000000001E0000000000000000001E1E1E00000000001E1E000000000000000000000000000000001E00000000000000000000000000000000000000000000000000000000
310
0000000000000000000000000000000000000000000000000000000000000000000000000000000000001E000000000000000000000000000000000000000000000000000000000000000000000000001E000000000000000000000000000000000000000000001E0000000000000000000000000000000000000000000000
310
00000000000000000000000000000000001E1E00000000000000000000000000000000000000000000000000000000000000000000000000000000000000000000000000000000000000000000000000000000000000001E000000000000000000000000000000000000000000001E00000000000000000000000000000000
310
0000000000000000000000000000000000000000000000000000001E1E00000000000000000000001E1E000000000000000000000000000000000000001E1E1E000000000000000000000000000000000000000000000000000000000000000000000000000000000000000000000000000000000000000000000000000000
310
00000000000000000000000000000000000000000000000000000000000000000000000000001E0000000000000000001E00000000000000001E000000000000001E000000000000000000001E00000000000000001E000000000000000000000000000000001E000000000000000000000000000000000000000000000000
310
000000000000000000000000000000000000000000000000000000000000000000000000000000000000000000001E000000000000000000000000000000000000000000000000000000000000000000000000001E00000000000000000000000000000000000000000000001E1E0000000000000000000000000000000000
310
00000000000000000000000000000000000000000000001E00000000000000000000000000000000000000000000000000000000000000000000000000000000000000000000000000000000000000000000000000000000000000001E000000000000000000000000000000000000000000001E0000000000000000000000
310
0000000000000000000000000000000000000000000000000000000000000000001E1E1E00000000001E1E1E00000000000000000000000000000000001E1E1E1E0000000000000000000000000000000000000000000000000000000000000000000000000000000000000000000000000000000000000000000000000000
310
000000000000000000000000000000000000000000000000000000000000000000000000000000000000001E000000000000001E0000000000000000001E000000000000001E0000000000000000001E000000000000000000001E000000000000000000000000000000001E00000000000000000000000000000000000000
310
00000000000000000000000000000000000000000000000000000000000000000000000000000000000000000000000000001E000000000000000000000000000000000000000000000000000000000000000000000000001E000000000000000000000000000000000000000000000000001E000000000000000000000000
310
000000000000000000000000000000000000000000000000000000001E1E000000000000000000000000000000000000000000000000000000000000000000000000000000000000000000000000000000000000000000000000000000000000001E1E0000000000000000000000000000000000000000001E000000000000
310
000000000000000000000000000000000000000000000000000000000000000000000000000000001E1E1E1E1E000000000000000000000000000000001E1E1E1E0000000000000000000000000000000000000000000000000000000000000000000000000000000000000000000000000000000000000000000000000000
310
00000000000000000000000000000000000000000000000000000000000000000000000000000000000000000000001E1E000000001E1E1E0000000000000000001E000000000000001E0000000000000000001E000000000000000000001E000000000000000000000000000000001E000000000000000000000000000000
310
00000000000000000000000000000000000000000000000000000000000000000000000000000000000000000000000000000000001E00000000000000000000000000000000000000000000000000000000000000000000000000001E00000000000000000000000000000000000000000000000000001E1E000000000000
310
000000000000000000000000000000000000000000000000000000000000000000001E00000000000000000000000000000000000000000000000000000000000000000000000000000000000000000000000000000000000000000000000000000000000000001E0000000000000000000000000000000000000000001E00
310
00000000000000000000000000000000000000000000000000000000000000000000000000000000000000000000000000000000000000000000000000001E1E1E0000000000000000000000000000000000000000000000000000000000000000000000000000000000000000000000000000000000000000000000000000
310
00000000000000000000000000000000000000000000000000000000000000000000000000000000000000000000000000000000001E1E1E1E0000000000000000000000001E000000000000001E0000000000000000001E00000000000000000000001E000000000000000000000000000000001E00000000000000000000
310
0000000000000000000000000000000000000000000000000000000000000000000000000000000000000000000000000000000000000000001E00000000000000000000000000000000000000000000000000000000000000000000000000001E000000000000000000000000000000000000000000000000000000001E00
310
0000000000000000000000000000000000000000000000000000000000000000000000000000001E00000000000000000000000000000000000000000000000000000000000000000000000000000000000000000000000000000000000000000000000000000000000000001E000000000000000000000000000000000000
310
0000001E1E0000000000000000000000000000000000000000000000000000000000000000000000000000000000000000000000000000000000000000001E1E1E1E00000000000000000000000000000000000000000000000000000000000000000000000000000000000000000000000000000000000000000000000000
310
0000000000000000000000000000000000000000000000000000000000000000000000000000000000000000000000000000000000000000000000000000000000000000000000001E00000000000000001E0000000000000000001E00000000000000000000001E000000000000000000000000000000001E000000000000
310
0000000000000000000000000000000000000000000000000000000000000000000000000000000000000000000000000000000000000000000000001E00000000000000000000000000000000000000000000000000000000000000000000000000001E000000000000000000000000000000000000000000000000000000
310
0000001E000000000000000000000000000000000000000000000000000000000000000000000000000000001E1E0000000000000000000000000000000000000000000000000000000000000000000000000000000000000000000000000000000000000000000000000000000000001E0000000000000000000000000000
310
0000000000000000001E00000000000000000000000000000000000000000000000000000000000000000000000000000000000000000000000000000000001E1E1E00000000000000000000000000000000000000000000000000000000000000000000000000000000000000000000000000000000000000000000000000
310
000000000000000000000000000000000000000000000000000000000000000000000000000000000000000000000000000000000000000000000000000000000000000000000000000000001E00000000000000001E0000000000000000001E000000000000000000001E0000000000000000000000000000000000001E00
310
000000000000000000000000000000000000000000000000000000000000000000000000000000000000000000000000000000000000000000000000000000001E00000000000000000000000000000000000000000000000000000000000000000000000000001E0000000000000000000000000000000000000000000000
310
00000000000000001E1E000000000000000000000000000000000000000000000000000000000000000000000000000000001E00000000000000000000000000000000000000000000000000000000000000000000000000000000000000000000000000000000000000000000000000000000001E00000000000000000000
310
00000000000000000000000000001E0000000000000000000000000000000000000000000000000000000000000000000000000000000000000000000000001E1E1E1E000000000000000000000000000000000000000000000000000000000000000000000000000000000000000000000000000000000000000000000000
310
000000000000000000000000000000000000000000000000000000000000000000000000000000000000000000000000000000000000000000000000000000000000000000000000000000000000001E0000000000000000001E000000000000000000001E0000000000000000001E00000000000000000000000000000000
310
00001E000000000000000000000000000000000000000000000000000000000000000000000000000000000000000000000000000000000000000000000000000000001E0000000000000000000000000000000000000000000000000000000000000000000000000000001E00000000000000000000000000000000000000
310
00000000000000000000000000001E000000000000000000000000000000000000000000000000000000000000000000000000000000001E1E000000000000000000000000000000000000000000000000000000000000000000000000000000000000000000000000000000000000000000000000000000001E0000000000
310
000000000000000000000000000000000000001E1E0000000000000000000000000000000000000000000000000000000000000000000000000000000000001E1E1E1E000000000000000000000000000000000000000000000000000000000000000000000000000000000000000000000000000000000000000000000000
310
000000000000000000000000000000000000000000000000000000000000000000000000000000000000000000000000000000000000000000000000000000000000000000000000000000000000000000001E000000000000000000001E000000000000000000001E00000000000000001E00000000000000000000000000
310
000000000000001E0000000000000000000000000000000000000000000000000000000000000000000000000000000000000000000000000000000000000000000000000000001E00000000000000000000000000000000000000000000000000000000000000000000000000001E00000000000000000000000000000000
310
000000000000000000000000000000000000001E1E000000000000000000000000000000000000000000000000000000000000000000000000000000001E000000000000000000000000000000000000000000000000000000000000000000000000000000000000000000000000000000000000000000000000000000001E
310
000000000000000000000000000000000000000000000000001E1E000000000000000000000000000000000000000000000000000000000000000000000000001E1E1E000000000000000000000000000000000000000000000000000000000000000000000000000000000000000000000000000000000000000000000000
310
00000000000000000000000000000000000000000000000000000000000000000000000000000000000000000000000000000000000000000000000000000000000000000000000000000000000000000000000000001E000000000000000000001E000000000000000000001E1E1E000000001E1E1E000000000000000000
310
00000000000000000000001E00000000000000000000000000000000000000000000000000000000000000000000000000000000000000000000000000000000000000000000000000001E0000000000000000000000000000000000000000000000000000000000000000000000000000001E000000000000000000000000
310
000000000000000000000000000000000000000000000000001E000000000000000000000000000000000000000000000000000000000000000000000000000000001E1E0000000000000000000000000000000000000000000000000000000000000000000000000000000000000000000000000000000000000000000000
310
0000001E0000000000000000000000000000000000000000000000000000001E1E1E0000000000000000000000000000000000000000000000000000000000001E1E1E1E0000000000000000000000000000000000000000000000000000000000000000000000000000000000000000000000000000000000000000000000
310
00000000000000000000000000000000000000000000000000000000000000000000000000000000000000000000000000000000000000000000000000000000000000000000000000000000000000000000000000000000001E00000000000000000000001E000000000000000000000000001E1E1E1E0000000000000000
310
000000000000000000000000000000001E000000000000000000000000000000000000000000000000000000000000000000000000000000000000000000000000000000000000000000000000001E0000000000000000000000000000000000000000000000000000000000000000000000000000001E0000000000000000
310
000000000000000000000000000000000000000000000000000000001E000000000000000000000000000000000000000000000000000000000000000000000000000000000000001E000000000000000000000000000000000000000000000000000000000000000000000000000000000000000000000000000000000000
310
00000000000000001E1E000000000000000000000000000000000000000000000000000000001E1E1E00000000000000000000000000000000000000000000001E1E1E1E0000000000000000000000000000000000000000000000000000000000000000000000000000000000000000000000000000000000000000000000
310
000000000000000000000000000000000000000000000000000000000000000000001E1E1E1E00000000000000000000000000000000000000000000000000000000000000000000000000000000000000000000000000000000001E1E000000000000000000000000001E0000000000000000000000000000000000000000
310
00000000000000000000000000000000000000001E0000000000000000000000000000000000000000000000000000000000000000000000000000000000000000000000000000000000000000000000001E000000000000000000000000000000000000000000000000000000000000000000000000000000001E00000000
310
000000000000000000000000000000000000000000000000000000000000001E0000000000000000000000000000000000000000000000000000000000000000000000000000000000000000001E1E000000000000000000000000000000000000000000000000000000000000000000000000000000000000000000000000
310
00000000000000000000000000001E0000000000000000000000000000000000000000000000000000000000001E1E1E1E1E1E000000000000000000001E1E1E1E1E1E1E0000000000000000000000000000000000000000000000000000000000000000000000000000000000000000000000000000000000000000000000
310
00000000000000000000000000000000000000000000000000000000000000000000001E1E1E000000001E1E00000000000000000000000000000000000000000000000000000000000000000000000000000000000000000000000000001E0000000000000000000000000000001E00000000000000000000000000000000
310
000000000000000000000000000000000000000000000000001E000000000000000000000000000000000000000000000000000000000000000000000000000000000000000000000000000000000000000000001E000000000000000000000000000000000000000000000000000000000000000000000000000000001E00
310
0000000000000000000000000000000000000000000000000000000000000000001E1E0000000000000000000000000000000000000000000000000000000000000000000000000000000000000000000000001E00000000000000000000000000000000000000000000000000000000000000000000000000000000000000
310
000000000000000000000000000000000000001E1E000000000000000000000000000000000000000000000000000000000000000000001E1E1E1E1E1E1E1E1E1E0000000000000000000000000000000000000000000000000000000000000000000000000000000000000000000000000000000000000000000000000000
310
0000000000000000000000000000000000000000000000000000000000000000000000000000001E000000000000001E0000000000000000000000000000000000000000000000000000000000000000000000000000000000000000000000001E1E00000000000000000000000000000000001E0000000000000000000000
310
0000000000000000000000000000000000000000000000000000000000001E00000000000000000000000000000000000000000000000000000000000000000000000000000000000000000000000000000000000000001E000000000000000000000000000000000000000000000000000000000000000000000000000000
310
00001E0000000000000000000000000000000000000000000000000000000000000000001E0000000000000000000000000000000000000000000000000000000000000000000000000000000000000000000000000000001E0000000000000000000000000000000000000000000000000000000000000000000000000000
310
000000000000000000000000000000000000000000000000001E0000000000000000000000000000000000000000000000000000000000000000000000000000000000000000000000000000000000000000000000000000000000000000000000000000000000000000000000000000000000000000000000000000000000
310
0000000000000000000000000000000000000000000000000000000000000000000000000000000000001E0000000000000000001E0000000000000000000000000000000000000000000000000000000000000000000000000000000000000000001E1E000000000000000000000000000000000000001E00000000000000
310
00000000000000000000000000000000000000000000000000000000000000000000001E0000000000000000000000000000000000000000000000000000000000000000000000000000000000000000000000000000000000001E000000000000000000000000000000000000000000000000000000000000000000000000
310
0000000000001E00000000000000000000000000000000000000000000000000000000000000001E00000000000000000000000000000000000000000000000000000000000000000000000000000000000000000000000000000000001E1E0000000000000000000000000000000000000000000000000000000000000000
310
0000000000000000000000000000000000000000000000000000000000001E1E0000000000000000000000000000000000000000000000000000000000000000000000000000000000000000000000000000000000000000000000000000000000000000000000000000000000000000000000000000000000000000000000
310
000000000000000000000000000000000000000000000000000000000000000000000000000000000000000000001E0000000000000000001E00000000000000000000000000000000000000000000000000000000000000000000000000000000001E1E1E1E000000000000000000000000000000000000000000001E0000
310
000000000000000000000000000000000000000000000000000000000000000000000000000000001E1E00000000000000000000000000000000000000000000000000000000000000000000000000000000000000000000000000001E1E000000000000000000000000000000000000000000000000000000000000000000
310
0000000000000000001E0000000000000000000000000000000000000000000000000000000000000000001E000000000000000000000000000000000000000000000000000000000000000000000000000000000000000000000000000000000000001E000000000000000000000000000000000000000000000000000000
310
0000000000000000000000000000000000000000000000000000000000000000000000001E000000000000000000000000000000000000000000000000000000000000000000000000000000000000000000000000000000000000000000000000000000000000000000000000000000000000000000000000000000000000
310
000000000000000000000000000000000000000000000000000000000000000000000000000000000000000000000000001E00000000000000000000001E0000000000000000000000000000000000000000000000000000000000000000000000001E1E1E1E00000000000000000000000000000000000000000000000000
310
001E00000000000000000000000000000000000000000000000000000000000000000000000000000000000000001E0000000000000000000000000000000000000000000000000000000000000000000000000000000000000000000000001E00000000000000000000000000000000000000000000000000000000000000
310
000000000000000000000000001E00000000000000000000000000000000000000000000000000000000000000001E0000000000000000000000000000000000000000000000000000000000000000000000000000000000000000000000000000000000000000001E1E000000000000000000000000000000000000000000
310
00000000000000000000000000000000000000000000000000000000000000000000000000000000001E1E000000000000000000000000000000000000000000000000000000000000000000000000000000000000000000000000000000000000000000000000000000000000000000000000000000000000000000000000
310
00000000000000000000000000000000000000000000000000000000000000000000000000000000000000000000000000000000001E00000000000000000000001E00000000000000000000000000000000000000000000000000000000000000001E1E1E1E00000000000000000000000000000000000000000000000000
310
0000000000001E00000000000000000000000000000000000000000000000000000000000000000000000000000000000000001E000000000000000000000000000000000000000000000000000000000000000000000000000000000000000000001E00000000000000000000000000000000000000000000000000000000
310
00000000000000000000000000000000001E00000000000000000000000000000000000000000000000000000000000000001E00000000000000000000000000000000000000000000000000000000000000000000000000000000000000000000000000000000000000000000001E00000000000000000000000000000000
310
00000000000000000000000000000000000000000000000000000000000000000000000000000000000000000000001E00000000000000000000000000000000000000000000000000000000000000000000000000000000000000000000000000000000000000000000000000000000000000000000000000000000000000
310
000000000000000000000000000000000000000000000000000000000000000000000000000000000000000000000000000000000000000000001E000000000000000000001E00000000000000000000000000000000000000000000000000000000001E1E1E00000000000000000000000000000000000000000000000000
310
000000000000000000001E0000000000000000000000000000000000000000000000000000000000000000000000000000000000000000001E00000000000000000000000000000000000000000000000000000000000000000000000000000000000000001E00000000000000000000000000000000000000000000000000
310
00000000000000000000000000000000000000001E00000000000000000000000000000000000000000000000000000000000000001E0000000000000000000000001E1E1E1E0000000000000000000000000000000000000000000000000000000000000000000000000000000000000000001E1E00000000000000000000
310
000000000000000000000000000000000000000000000000000000000000000000000000000000000000000000000000000000001E0000000000000000000000000000000000000000000000000000000000000000000000000000000000000000000000000000000000000000000000000000000000000000000000000000
310
00000000000000000000000000000000000000000000000000000000000000000000000000000000000000000000000000000000000000000000000000001E0000000000000000001E00000000000000000000000000000000000000000000000000001E1E1E1E000000000000000000000000000000000000000000000000
310
0000000000000000000000000000001E0000000000000000000000000000000000000000000000000000000000000000000000000000000000000000001E0000000000000000000000000000000000000000000000000000000000000000000000000000000000001E00000000000000000000000000000000000000000000
310
0000000000000000000000000000000000000000000000001E00000000000000000000000000000000000000000000000000000000000000001E0000000000000000001E1E1E000000001E1E0000000000000000000000000000000000000000000000000000000000000000000000000000000000000000001E0000000000
310
00000000000000000000000000000000000000000000000000000000000000000000000000000000000000000000000000000000000000001E00000000000000000000000000000000000000000000000000000000000000000000000000000000000000000000000000000000000000000000000000000000000000000000
310
000000000000000000000000000000000000000000000000000000000000000000000000000000000000000000000000000000000000000000000000000000000000001E00000000000000001E000000000000000000000000000000000000000000001E1E1E1E000000000000000000000000000000000000000000000000
310
000000000000000000000000000000000000001E000000000000000000000000000000000000000000000000000000000000000000000000000000000000000000001E1E00000000000000000000000000000000000000000000000000000000000000000000000000001E1E00000000000000000000000000000000000000
310
0000000000000000000000000000000000000000000000000000001E00000000000000000000000000000000000000000000000000000000000000001E000000000000000000001E000000000000001E000000000000000000000000000000000000000000000000000000000000000000000000000000000000000000001E
310
1E00000000000000000000000000000000000000000000000000000000000000000000000000000000000000000000000000000000000000000000001E000000000000000000000000000000000000000000000000000000000000000000000000000000000000000000000000000000000000000000000000000000000000
310
00000000000000000000000000000000000000000000000000000000000000000000000000000000000000000000000000000000000000000000000000000000000000000000001E1E000000001E1E1E000000000000000000000000000000000000001E1E1E1E000000000000000000000000000000000000000000000000
310
0000000000000000000000000000000000000000000000001E00000000000000000000000000000000000000000000000000000000000000000000000000000000000000000000001E1E000000000000000000000000000000000000000000000000000000000000000000001E1E0000000000000000000000000000000000
310
000000000000000000000000000000000000000000000000000000000000001E00000000000000000000000000000000000000000000000000000000000000001E0000000000000000001E0000000000000000001E000000000000000000000000000000000000000000000000000000000000000000000000000000000000
310
00000000001E000000000000000000000000000000000000000000000000000000000000000000000000000000000000000000000000000000000000000000001E0000000000000000000000000000000000000000000000000000000000000000000000000000000000000000000000000000000000000000000000000000
310
00000000000000000000000000000000000000000000000000000000000000000000000000000000000000000000000000000000000000000000000000000000000000000000000000000000001E1E1E1E00000000000000000000000000000000000000001E1E000000000000000000000000000000000000000000000000
310
000000000000000000000000000000000000000000000000000000001E000000000000000000000000000000000000000000000000000000000000000000000000000000000000000000000000001E00000000000000000000000000000000000000000000000000000000000000001E000000000000000000000000000000
310
000000000000000000000000000000000000000000000000000000000000000000001E0000000000000000000000000000000000000000000000000000000000000000001E0000000000000000001E0000000000000000001E0000000000000000000000000000000000000000000000000000000000000000000000000000
310
000000000000000000001E0000000000000000000000000000000000000000000000000000000000000000000000000000000000000000000000000000000000000000001E00000000000000000000000000000000000000000000000000000000000000000000000000000000000000000000000000000000000000000000
310
00000000000000000000000000000000000000000000000000000000000000000000000000000000000000000000000000000000000000000000000000000000000000000000000000000000000000000000000000000000000000000000000000000000000000001E00000000000000000000000000000000000000000000
310
0000000000000000000000000000000000000000000000000000000000000000001E000000000000000000000000000000000000000000000000000000000000000000000000000000000000000000000000001E1E000000000000000000000000000000000000000000000000000000001E1E000000000000000000000000
310
00000000000000000000000000000000000000000000000000000000000000000000000000001E0000000000000000000000000000000000000000000000000000000000000000001E00000000000000001E00000000000000000000001E000000000000000000000000000000000000000000000000000000000000000000
310
0000000000000000000000000000001E1E0000000000000000000000000000000000000000000000000000000000000000000000000000000000000000000000000000000000001E00000000000000000000000000000000000000000000000000000000000000000000000000000000000000000000000000000000000000
310
000000000000000000000000000000000000000000000000000000000000000000000000000000000000000000000000000000000000000000000000000000000000000000000000000000000000000000000000000000000000000000000000000000000000000000001E1E00000000000000000000000000000000000000
310
000000000000000000000000000000000000000000000000000000000000000000000000001E0000000000000000000000000000000000000000000000000000000000000000000000000000000000000000000000000000001E1E0000000000000000000000000000000000000000000000001E1E00000000000000000000
310
00000000000000000000000000000000000000000000000000000000000000000000000000000000001E000000000000000000000000000000000000000000000000000000000000000000001E00000000000000001E00000000000000000000001E0000000000000000000000000000000000000000000000000000000000
310
0000000000000000000000000000000000000000001E00000000000000000000000000000000000000000000000000000000000000000000000000000000000000000000000000000000001E000000000000000000000000000000000000000000000000000000000000000000000000000000000000000000000000000000
310
000000000000000000000000000000000000000000000000000000000000000000000000000000000000000000000000000000000000000000000000000000000000000000000000000000000000000000000000000000000000000000000000000000000000000000000000001E0000000000000000000000000000000000
310
0000000000000000000000000000000000000000000000000000000000000000000000000000000000001E000000000000000000000000000000000000000000000000000000000000000000000000000000000000000000000000000000001E1E1E0000000000000000000000000000000000001E1E1E0000000000000000
310
0000000000000000000000000000000000000000000000000000000000000000000000000000000000000000001E000000000000000000000000000000000000000000000000000000000000000000001E0000000000000000001E000000000000000000001E00000000000000000000000000000000000000000000000000
310
00000000000000000000000000000000000000000000000000001E1E00000000000000000000000000000000000000000000000000000000000000000000000000000000000000000000000000001E000000000000000000000000000000000000000000000000000000000000000000000000000000000000000000000000
310
000000000000000000000000000000000000000000000000000000000000000000000000000000000000000000000000000000000000000000000000000000000000000000000000000000000000000000000000000000000000000000000000000000000000000000000000000000001E0000000000000000000000000000
310
000000000000000000000000000000000000000000000000000000000000000000000000000000000000000000001E000000000000000000000000000000000000000000000000000000000000000000000000000000000000000000000000000000000000001E1E1E1E1E1E0000000000001E1E1E1E1E1E00000000000000
310
0000000000000000000000000000000000000000000000000000000000000000000000000000000000000000000000001E00000000000000000000000000000000000000000000000000000000000000000000001E0000000000000000001E0000000000000000001E00000000000000000000000000000000000000000000
310
00000000000000000000000000000000000000000000000000000000000000001E0000000000000000000000000000000000000000000000000000000000000000000000000000000000000000000000001E000000000000000000000000000000000000000000000000000000000000000000000000000000000000000000
310
00000000000000000000000000000000000000000000000000000000000000001E1E1E1E000000000000000000000000000000000000000000000000000000000000000000000000000000000000000000000000000000000000000000000000000000000000000000000000000000000000001E0000000000000000000000
310
0000000000000000000000000000000000000000000000000000000000000000000000000000000000000000000000000000001E0000000000000000000000000000000000000000000000000000000000000000000000000000000000000000000000000000000000000000000000001E1E1E1E1E1E000000000000000000
310
000000000000000000000000000000000000000000000000000000000000000000000000000000000000000000000000000000001E00000000000000000000000000000000000000000000000000000000000000000000001E000000000000000000001E00000000000000001E000000000000000000000000000000000000
310
000000000000000000000000000000000000000000000000000000000000000000000000001E1E0000000000000000000000000000000000000000000000000000000000000000000000000000000000000000001E000000000000000000000000000000000000000000000000000000000000000000000000000000000000
310
000000000000000000000000000000000000000000000000000000000000000000001E1E000000001E1E1E0000000000000000000000000000000000000000000000000000000000000000000000000000000000000000000000000000000000000000000000000000000000000000000000000000001E0000000000000000
310
00000000000000000000000000000000000000000000000000000000000000000000000000000000000000000000000000000000000000001E00000000000000000000000000000000000000000000000000000000000000000000000000000000000000000000000000000000000000000000000000000000000000000000
310
000000000000000000000000000000000000000000000000000000000000000000000000000000000000000000000000000000000000001E0000000000000000000000000000000000000000000000000000000000000000000000001E000000000000000000001E1E000000001E1E1E000000000000000000000000000000
310
000000000000000000000000000000000000000000000000000000000000000000000000000000000000001E00000000000000000000000000000000000000000000000000000000000000000000000000000000000000001E0000000000000000000000000000000000000000000000000000000000000000000000000000
310
0000000000000000000000000000000000000000000000000000000000000000000000001E1E0000000000000000001E0000000000000000000000000000000000000000000000000000000000000000000000000000000000000000000000000000000000000000000000000000000000000000000000001E1E0000000000
310
0000000000000000000000000000000000000000000000000000000000000000000000000000000000000000000000000000000000000000000000001E000000000000000000000000000000000000000000000000000000000000000000000000000000000000000000000000000000000000000000000000000000000000
310
00000000000000000000000000000000000000000000000000000000000000000000000000000000000000000000000000000000000000000000001E0000000000000000000000000000000000000000000000000000000000000000000000001E0000000000000000000000001E1E1E1E0000000000000000000000000000
310
0000000000000000000000000000000000000000000000000000000000000000000000000000000000000000000000001E1E00000000000000000000000000000000000000000000000000000000000000000000000000000000001E0000000000000000000000000000000000000000000000000000000000000000000000
310
00000000000000000000000000000000000000000000000000000000000000000000000000001E1E0000000000000000000000001E1E0000000000000000000000000000000000000000000000000000000000000000000000000000000000000000000000000000000000000000000000000000000000000000001E000000
310
00000000000000000000000000000000000000000000000000000000000000000000000000000000000000000000000000000000000000000000000000000000001E00000000000000000000000000000000000000000000000000000000000000000000000000000000000000000000000000000000000000000000000000
310
00000000000000000000000000000000000000000000000000000000000000000000000000000000000000000000000000000000000000000000000000001E00000000000000000000000000000000000000000000000000000000000000000000000000001E00000000000000000000000000000000000000000000000000
310
0000000000000000000000000000000000000000000000000000000000000000000000000000000000000000000000000000000000001E0000000000000000000000000000000000000000000000000000000000000000000000000000001E0000000000000000000000000000000000000000000000000000000000000000
310
00000000000000000000000000000000000000000000000000000000000000000000000000000000001E000000000000000000000000000000001E000000000000000000000000000000000000000000000000000000000000000000000000000000000000000000000000000000000000000000000000000000000000001E
310
000000000000000000000000000000000000000000000000000000000000000000000000000000000000000000000000000000000000000000000000000000000000000000001E0000000000000000000000000000000000000000000000000000000000000000000000000000000000000000000000000000000000000000
310
0000000000000000000000000000000000000000000000000000000000000000000000000000000000000000000000000000000000000000000000000000000000001E0000000000000000000000000000000000000000000000000000000000000000000000000000001E0000000000000000000000000000000000000000
310
00000000000000000000000000000000000000000000000000000000000000000000000000000000000000000000000000000000000000000000001E00000000000000000000000000000000000000000000000000000000000000000000000000001E00000000000000000000000000000000000000000000000000000000
310
00000000000000000000000000000000000000000000000000000000000000000000000000000000000000001E0000000000000000000000000000000000001E000000000000000000000000000000000000000000000000000000000000000000000000000000000000000000000000000000000000000000000000000000
310
00001E00000000000000000000000000000000000000000000000000000000000000000000000000000000000000000000000000000000000000000000000000000000000000000000001E00000000000000000000000000000000000000000000000000000000000000000000000000000000000000000000000000000000
310
0000000000000000000000000000000000000000000000000000000000000000000000000000000000000000000000000000000000000000000000000000000000000000001E00000000000000000000000000000000000000000000000000000000000000000000000000000000001E000000000000000000000000000000
310
000000000000000000000000000000000000000000000000000000000000000000000000000000000000000000000000000000000000000000000000000000001E1E00000000000000000000000000000000000000000000000000000000000000000000001E00000000000000000000000000000000000000000000000000
310
0000000000000000000000000000000000000000000000000000000000000000000000000000000000000000000000001E0000000000000000000000000000000000001E0000000000000000000000000000000000000000000000000000000000000000000000000000000000000000000000000000000000000000000000
310
00000000001E000000000000000000000000000000000000000000000000000000000000000000000000000000000000000000000000000000000000000000000000000000000000000000000000001E0000000000000000000000000000000000000000000000000000000000000000000000000000000000000000000000
310
000000000000000000000000000000000000000000000000000000000000000000000000000000000000000000000000000000000000000000000000000000000000000000000000001E00000000000000000000000000000000000000000000000000000000000000000000000000000000001E0000000000000000000000
310
000000000000000000000000000000000000000000000000000000000000000000000000000000000000000000000000000000000000000000000000000000000000000000001E0000000000000000000000000000000000000000000000000000000000000000001E00000000000000000000000000000000000000000000
310
0000000000000000000000000000000000000000000000000000000000000000000000000000000000000000000000000000001E00000000000000000000000000000000000000001E000000000000000000000000000000000000000000000000000000000000000000000000000000000000000000000000000000000000
310
000000000000001E1E00000000000000000000000000000000000000000000000000000000000000000000000000000000000000000000000000000000000000000000000000000000000000000000000000001E00000000000000000000000000000000000000000000000000000000000000000000000000000000000000
310
000000000000000000000000000000000000000000000000000000000000000000000000000000000000000000000000000000000000000000000000000000000000000000000000000000001E000000000000000000000000000000000000000000000000000000000000000000000000000000000000001E000000000000
310
0000000000000000000000000000000000000000000000001E1E000000000000000000000000000000000000000000000000000000000000000000000000000000000000000000000000001E1E0000000000000000000000000000000000000000000000000000000000001E00000000000000000000000000000000000000
310
0000000000000000000000000000000000000000000000000000000000000000000000000000000000000000000000000000000000001E0000000000000000000000000000000000000000001E0000000000000000000000000000000000000000000000000000000000000000000000000000000000000000000000000000
310
000000000000000000001E00000000000000000000000000000000000000000000000000000000000000000000000000000000000000000000000000000000000000000000000000000000000000000000000000000000001E0000000000000000000000000000000000000000000000000000000000000000000000000000
310
000000000000000000000000000000000000000000000000000000000000000000000000000000000000000000000000000000000000000000000000000000000000000000000000000000000000001E0000000000000000000000000000000000000000000000000000000000000000000000000000000000000000001E00
310
0000000000000000000000000000000000000000000000001E1E1E1E001E0000000000000000000000000000000000000000000000000000000000000000000000000000000000000000000000000000001E000000001E1E00000000000000000000000000000000000000000000001E000000000000000000000000000000
310
000000000000000000000000000000000000000000000000000000000000000000000000000000000000000000000000000000000000000000001E0000000000000000000000000000000000000000001E00000000000000000000000000000000000000000000000000000000000000000000000000000000000000000000
310
000000000000000000000000001E000000000000000000000000000000000000000000000000000000000000000000000000000000000000000000000000000000000000000000000000000000000000000000000000000000000000001E000000000000000000000000000000000000000000000000000000000000000000
310
000000000000000000000000000000000000000000000000000000000000000000000000000000000000000000000000000000000000000000000000000000000000000000000000000000000000000000001E0000000000000000000000000000000000000000000000000000000000000000000000000000000000000000
310
0000001E1E00000000000000000000000000000000000000001E1E1E00000000001E0000000000000000000000001E1E1E1E0000000000000000000000000000000000000000000000000000000000000000000000001E1E1E1E00001E0000000000000000000000000000000000000000001E000000000000000000000000
310
00000000000000000000000000000000000000000000000000000000000000000000000000000000000000000000000000000000000000000000000000001E0000000000000000000000000000000000000000001E000000000000000000000000000000000000000000000000000000000000000000000000000000000000
310
000000000000000000000000000000001E00000000000000000000000000000000000000000000000000000000000000000000000000000000000000000000000000000000000000000000000000000000000000000000000000000000000000001E0000000000000000000000000000000000000000000000000000000000
310
000000000000000000000000000000000000000000000000000000000000000000000000000000000000000000000000000000000000000000000000000000000000000000000000000000000000000000000000001E0000000000000000000000000000000000000000000000000000000000000000000000000000000000
310
0000000000000000001E1E0000000000000000000000000000001E1E1E00000000000000001E0000000000000000001E1E1E000000001E1E00000000000000000000000000000000000000000000000000000000000000000000000000000000001E1E0000000000000000000000000000000000001E000000000000000000
310
0000000000000000000000000000000000000000000000000000000000000000000000000000000000000000000000000000000000000000000000000000000000001E000000000000000000000000000000000000000000001E00000000000000000000000000000000000000000000000000000000000000000000000000
310
0000000000000000000000000000000000001E1E000000000000000000000000000000000000000000000000000000000000000000000000000000000000000000000000000000000000000000000000000000000000000000000000000000000000000000001E000000000000000000000000000000000000000000000000
310
000000000000000000000000000000000000000000000000000000000000000000000000000000000000000000000000000000000000000000000000000000000000000000000000000000000000000000000000000000001E0000000000000000000000000000000000000000000000000000000000000000000000000000
310
0000000000000000000000000000001E1E0000000000000000001E1E1E1E000000000000000000001E0000000000000000001E00000000000000001E000000000000000000000000000000000000000000000000000000000000000000000000000000000000001E00000000000000000000000000000000001E0000000000
310
000000000000000000000000000000000000000000000000000000000000000000000000000000000000000000000000000000000000000000000000000000000000000000001E000000000000000000000000000000000000000000001E000000000000000000000000000000000000000000000000000000000000000000
310
0000000000000000000000000000000000000000001E000000000000000000000000000000000000000000000000000000000000000000000000000000000000000000000000000000000000000000000000000000000000000000000000000000000000000000000000001E00000000000000000000000000000000000000
310
000000000000000000000000000000000000000000000000000000000000000000000000000000000000000000000000000000000000000000000000000000000000000000000000000000000000000000000000000000000000001E0000000000000000000000000000000000000000000000000000000000000000000000
310
0000000000000000000000000000000000000000001E1E1E1E1E1E1E1E1E00000000000000000000000000001E0000000000000000001E0000000000000000001E000000000000000000000000000000000000000000000000000000000000000000000000000000000000001E0000000000000000000000000000001E0000
310
00000000000000000000000000000000000000000000000000000000000000000000000000000000000000000000000000000000000000000000000000000000000000000000000000001E000000000000000000000000000000000000000000001E0000000000000000000000000000000000000000000000000000000000
310
00000000000000000000000000000000000000000000001E1E0000000000000000000000000000000000000000000000000000000000000000000000000000000000000000000000000000000000000000000000000000000000000000000000000000000000000000000000000000001E0000000000000000000000000000
310
000000000000000000000000000000000000000000000000000000000000000000000000000000000000000000000000000000000000001E1E000000000000000000000000000000000000000000000000000000000000000000000000001E0000000000000000000000000000000000000000000000000000000000000000
310
0000000000000000000000000000000000000000000000000000000000000000000000000000000000000000000000001E00000000000000001E000000000000000000001E00000000000000000000000000000000000000000000000000000000000000000000000000000000000000001E1E000000000000000000000000
310
1E00000000000000000000000000000000000000000000000000000000000000000000000000000000000000000000000000000000000000000000000000000000000000000000000000000000001E0000000000000000000000000000000000000000001E0000000000000000000000000000000000000000000000000000
310
00000000000000000000000000000000000000000000000000001E0000000000000000000000000000000000000000000000000000000000000000000000000000000000000000000000000000000000000000000000000000000000000000000000000000000000000000000000000000000000001E000000000000000000
310
0000000000000000000000000000000000000000000000000000000000000000000000000000000000000000000000000000000000000000001E1E00001E1E000000000000000000000000000000000000000000000000000000000000000000001E0000000000000000000000000000000000000000000000000000000000
310
000000000000000000000000000000000000000000000000000000000000000000000000000000000000000000000000000000001E00000000000000001E00000000000000000000001E0000000000000000000000000000000000000000000000000000000000000000000000000000000000000000001E00000000000000
310
0000001E0000000000000000000000000000000000000000000000000000000000000000000000000000000000000000000000000000000000000000000000000000000000000000000000000000000000001E0000000000000000000000000000000000000000001E00000000000000000000000000000000000000000000
310
000000000000000000000000000000000000000000000000000000001E1E00000000000000000000000000000000000000000000000000000000000000000000000000000000000000000000000000000000000000000000000000000000000000000000000000000000000000000000000000000000000000001E00000000
310
00000000000000000000000000000000000000000000000000000000000000000000000000000000000000000000000000000000000000000000001E1E0000000000001E00000000000000000000000000000000000000000000000000000000000000001E0000000000000000000000000000000000000000000000000000
310
00000000000000000000000000000000000000000000000000000000000000000000000000000000000000000000000000000000000000001E00000000000000001E00000000000000000000001E000000000000000000000000000000000000000000000000000000000000000000000000000000000000000000001E0000
310
000000000000001E000000000000000000000000000000000000000000000000000000000000000000000000000000000000000000000000000000000000000000000000000000000000000000000000000000000000001E00000000000000000000000000000000000000001E000000000000000000000000000000000000
310
000000000000000000000000000000000000000000000000000000000000001E0000000000000000000000000000000000000000000000000000000000000000000000000000000000000000000000000000000000000000000000000000000000000000000000000000000000000000000000000000000000000000000000
310
1E000000000000000000000000000000000000000000000000000000000000000000000000000000000000000000000000000000000000000000000000001E00000000000000001E000000000000000000000000000000000000000000000000000000000000001E0000000000000000000000000000000000000000000000
310
0000000000000000000000000000000000000000000000000000000000000000000000000000000000000000000000000000000000000000000000001E0000000000000000001E0000000000000000001E00000000000000000000000000000000000000000000000000000000000000000000000000000000000000000000
310
00001E1E0000000000001E00000000000000000000000000000000000000000000000000000000000000000000000000000000000000000000000000000000000000000000000000000000000000000000000000000000000000001E000000000000000000000000000000000000001E000000000000000000000000000000
310
000000000000000000000000000000000000000000000000000000000000000000001E0000000000000000000000000000000000000000000000000000000000000000000000000000000000000000000000000000000000000000000000000000000000000000000000000000000000000000000000000000000000000000
310
00000000001E1E00000000000000000000000000000000000000000000000000000000000000000000000000000000000000000000000000000000000000000000001E0000000000000000001E00000000000000000000000000000000000000000000000000000000001E0000000000000000000000000000000000000000
310
000000000000000000000000000000000000000000000000000000000000000000000000000000000000000000000000000000000000000000000000000000001E0000000000000000001E0000000000000000001E000000000000000000000000000000000000000000000000000000000000000000000000000000000000
310
00000000000000001E1E00001E1E000000000000000000000000000000000000000000000000000000000000000000000000000000000000000000000000000000000000000000000000000000000000000000000000000000000000000000001E0000000000000000000000000000000000001E0000000000000000000000
310
0000000000000000000000000000000000000000000000000000000000000000000000001E1E0000000000000000000000000000000000000000000000000000000000000000000000000000000000000000000000000000000000000000000000000000000000000000000000000000000000000000000000000000000000
310
00000000000000000000001E0000000000000000000000000000000000000000000000000000000000000000000000000000000000000000000000000000000000000000001E000000000000000000001E000000000000000000000000000000000000000000000000000000001E0000000000000000000000000000000000
310
0000000000000000000000000000000000000000000000000000000000000000000000000000000000000000000000000000000000000000000000000000000000000000001E0000000000000000001E000000000000001E000000000000000000000000000000000000000000000000000000000000000000000000000000
310
00000000000000000000000000001E1E000000000000000000000000000000000000000000000000000000000000000000000000000000000000000000000000000000000000000000000000000000000000000000000000000000000000000000000000001E000000000000000000000000000000001E0000000000000000
310
0000000000000000000000000000000000000000000000000000000000000000000000000000001E000000000000000000000000000000000000000000000000000000000000000000000000000000000000000000000000000000000000000000000000000000000000000000000000000000000000000000000000000000
310
000000000000000000000000000000001E00000000000000000000000000000000000000000000000000000000000000000000000000000000000000000000000000000000000000001E00000000000000000000001E00000000000000000000000000000000000000000000000000001E0000000000000000000000000000
310
000000000000000000000000000000000000000000000000000000000000000000000000000000000000000000000000000000000000000000000000000000000000000000000000001E0000000000000000001E1E000000001E1E1E0000000000000000000000000000000000000000000000000000000000000000000000
310
00000000000000000000000000000000000000000000000000000000000000000000000000000000000000001E1E1E1E0000000000000000000000000000000000000000000000000000000000000000000000000000000000000000000000000000000000000000001E00000000000000000000000000001E1E0000000000
310
00000000000000000000000000000000000000000000000000000000000000000000000000000000001E1E000000000000000000000000000000000000000000000000000000000000000000000000000000000000000000000000000000000000000000000000000000000000000000000000000000000000000000000000
310
0000000000000000000000000000000000000000001E00000000000000000000000000000000000000000000000000000000000000000000000000000000000000000000000000000000000000001E000000000000000000001E0000000000000000000000000000000000000000000000001E1E0000000000000000000000
310
00000000000000000000000000000000000000000000000000000000000000000000000000000000000000000000000000000000000000000000000000000000000000000000000000000000001E00000000000000000000001E1E1E1E00000000000000000000000000000000000000000000000000000000000000000000
310
0000000000000000000000000000000000000000000000000000000000000000000000000000000000000000001E1E1E000000001E1E1E000000000000000000000000000000000000000000000000000000000000000000000000000000000000000000000000000000000000001E1E00000000000000000000001E000000
310
00000000000000000000000000000000000000000000000000000000000000000000000000000000000000001E00000000000000000000000000000000000000000000000000000000000000000000000000000000000000000000000000000000000000000000000000000000000000000000000000000000000000000000
310
00000000000000000000000000000000000000000000000000001E000000000000000000000000000000000000000000000000000000000000000000000000000000000000000000000000000000000000001E0000000000000000001E0000000000000000000000000000000000000000000000001E000000000000000000
310
0000000000000000000000000000000000000000000000000000000000000000000000000000000000000000000000000000000000000000000000000000000000000000000000000000000000000000001E000000000000000000000000000000000000000000000000000000000000000000000000000000000000000000
310
0000000000000000000000000000000000000000000000000000000000000000000000000000000000000000000000001E0000000000000000001E0000000000000000000000000000000000000000000000000000000000000000000000000000000000000000000000000000000000000000001E1E1E000000001E1E1E1E
310
000000000000000000000000000000000000000000000000000000000000000000000000000000000000000000001E1E00000000000000000000000000000000000000000000000000000000000000000000000000000000000000000000000000000000000000000000000000000000000000000000000000000000000000
310
000000000000000000000000000000000000000000000000000000000000001E000000000000000000000000000000000000000000000000000000000000000000000000000000000000000000000000000000000000001E00000000000000001E000000000000000000000000000000000000000000001E1E000000000000
310
00000000000000000000000000000000000000000000000000000000000000000000000000000000000000000000000000000000000000000000000000000000000000000000000000000000000000000000000000001E00000000000000000000000000000000000000000000000000000000000000000000000000000000
310
000000000000000000000000000000000000000000000000000000000000000000000000000000000000000000000000000000001E0000000000000000001E0000000000000000000000000000000000000000000000000000000000000000000000000000000000000000000000000000000000000000000000001E1E1E1E
310
000000000000000000000000000000000000000000000000000000000000000000000000000000000000000000000000001E0000000000000000000000000000000000000000000000000000000000000000000000000000000000000000000000000000000000000000000000000000000000000000000000000000000000
310
0000000000000000000000000000000000000000000000000000000000000000000000001E1E00000000000000000000000000000000000000000000000000000000000000000000000000000000000000000000000000000000001E0000000000001E1E0000000000000000000000000000000000000000001E1E00000000
310
000000000000000000000000000000000000000000000000000000000000000000000000000000000000000000000000000000000000000000000000000000000000000000000000000000000000000000000000000000000000001E0000000000000000000000000000000000000000000000000000000000000000000000
310
000000000000000000000000000000000000000000000000000000000000000000000000000000000000000000000000000000000000001E00000000000000000000001E0000000000000000000000000000000000000000000000000000000000000000000000000000000000000000000000000000000000000000000000
310
0000000000000000000000000000000000000000000000000000000000000000000000000000000000000000000000000000001E1E0000000000000000000000000000000000000000000000000000000000000000000000000000000000000000000000000000000000000000000000000000000000000000000000000000
310
0000000000000000000000000000000000000000000000000000000000000000000000000000000000001E1E000000000000000000000000000000000000000000000000000000000000000000000000000000000000000000000000000000001E1E00001E1E000000000000000000000000000000000000000000001E0000
310
0000000000000000000000000000000000000000000000000000000000000000000000000000000000000000000000000000000000000000000000000000000000000000000000000000000000000000000000000000000000000000000000001E000000000000000000000000000000000000000000000000000000000000
310
00000000000000000000000000000000000000000000000000000000000000000000000000000000000000000000000000000000000000000000001E00000000000000000000001E00000000000000000000000000000000000000000000000000000000000000000000000000000000000000000000000000000000000000
310
00000000000000000000000000000000000000000000000000000000000000000000000000000000000000000000000000000000001E1E000000000000000000000000000000000000000000000000000000000000000000000000000000000000000000000000000000000000000000000000000000000000000000000000
310
0000000000000000000000000000000000000000000000000000000000000000000000000000000000000000000000001E00000000000000000000000000000000000000000000000000000000000000000000000000000000000000000000000000000000001E1E000000000000000000000000000000000000000000001E
310
1E0000000000000000000000000000000000000000000000000000000000000000000000000000000000000000000000000000000000000000000000000000000000000000000000000000000000000000000000000000000000000000000000000000001E0000000000000000000000000000000000000000000000000000
310
000000001E1E0000000000000000000000000000000000000000000000000000000000000000000000000000000000000000000000000000000000000000001E00000000000000000000001E000000000000000000000000000000000000000000000000000000000000000000000000000000000000000000000000000000
310
000000000000000000000000000000000000000000000000000000000000000000000000000000000000000000000000000000000000001E1E00000000000000000000000000000000000000000000000000000000000000000000000000000000000000000000000000000000000000000000000000000000000000000000
310
00000000000000000000000000000000000000000000000000000000000000000000000000000000000000000000000000000000001E1E000000000000000000000000000000000000000000000000000000000000000000000000000000000000000000000000000000000000000000000000000000000000000000000000
310
00001E0000000000000000000000000000000000000000000000000000000000000000000000000000000000000000000000000000000000000000000000000000000000000000000000000000000000000000000000000000000000000000000000000000000000001E000000000000000000000000000000000000000000
310
000000001E1E1E1E001E000000000000000000000000001E1E000000000000000000000000000000000000000000000000000000000000000000000000000000000000001E000000000000000000001E0000000000000000000000000000000000000000000000000000000000000000000000000000000000000000000000
310
0000000000000000000000000000000000000000000000000000000000000000000000000000000000000000000000000000000000000000001E1E0000000000000000000000000000000000000000000000000000000000000000000000000000000000000000000000000000000000000000000000000000000000000000
310
00000000000000000000000000000000000000000000000000000000000000000000000000000000000000000000000000000000000000000000001E1E000000000000000000000000000000000000000000000000000000000000000000000000000000000000000000000000000000000000000000000000000000000000
310
000000001E1E00000000000000000000000000000000000000000000000000000000000000000000000000000000000000000000000000000000000000000000000000000000000000000000000000000000000000000000000000000000000000000000000000000000000000001E00000000000000000000000000000000
310
00000000001E1E1E000000001E0000000000000000000000001E1E00001E1E00000000000000000000000000000000000000000000000000000000000000000000000000000000001E0000000000000000001E0000000000000000000000000000000000000000000000000000000000000000000000000000000000000000
310
00000000000000000000000000000000000000000000000000000000000000000000000000000000000000000000000000000000000000000000001E1E000000000000000000000000000000000000000000000000000000000000000000000000000000000000000000000000000000000000000000000000000000000000
310
00000000000000000000000000000000000000000000000000000000000000000000000000000000000000000000000000000000000000000000000000000000001E00000000000000000000000000000000000000000000000000000000000000000000000000000000000000000000000000000000000000000000000000
310
0000000000001E1E00000000000000000000000000000000000000000000000000000000000000000000000000000000000000000000000000000000000000000000000000000000000000000000000000000000000000000000000000000000000000000000000000000000000000000000001E1E00000000000000000000
310
0000000000001E1E1E000000000000001E000000000000000000001E1E0000000000001E00000000000000000000000000000000000000000000000000000000000000000000000000000000001E00000000000000001E00000000000000000000000000000000000000000000000000000000000000000000000000000000
310
000000000000000000000000000000000000000000000000000000000000000000000000000000000000000000000000000000000000000000000000001E1E00000000000000000000000000000000000000000000000000000000000000000000000000000000000000000000000000000000000000000000000000000000
310
000000000000000000000000000000000000000000000000000000000000000000000000000000000000000000000000000000000000000000000000000000000000000000001E1E00000000000000000000000000000000000000000000000000000000000000000000000000000000000000000000000000000000000000
310
00000000000000001E1E0000000000000000000000000000000000000000000000000000000000000000000000000000000000000000000000000000000000000000000000000000000000000000000000000000000000000000000000000000000000000000000000000000000000000000000000000000001E1E00000000
310
0000000000001E1E1E1E000000000000000000001E0000000000000000001E00000000000000001E00000000000000000000000000000000000000000000000000000000000000000000000000000000001E1E00000000001E1E1E000000000000000000000000000000000000000000000000000000000000000000000000
310
0000000000000000000000000000000000000000000000000000000000000000000000000000000000000000000000000000000000000000000000000000001E1E0000000000000000000000000000000000000000000000000000000000000000000000000000000000000000000000000000000000000000000000000000
310
000000000000000000000000000000000000000000000000000000000000000000000000000000000000000000000000000000000000000000000000000000000000000000000000000000001E1E00000000000000000000000000000000000000000000000000000000000000000000000000000000000000000000000000
310
0000000000000000001E1E1E00000000000000000000000000000000000000000000000000000000000000000000000000000000000000000000000000000000000000000000000000000000000000000000000000000000000000000000000000000000000000000000000000000000000000000000000000000000000000
310
1E1E1E1E1E1E1E1E1E1E00000000000000000000000000001E0000000000000000001E0000000000000000001E0000000000000000000000000000000000000000000000000000000000000000000000000000000000001E1E1E1E1E0000000000000000000000000000000000000000000000000000000000000000000000
310
00000000000000000000000000000000000000000000000000000000000000000000000000000000000000000000000000000000000000000000000000000000001E1E000000000000000000000000000000000000000000000000000000000000000000000000000000000000000000000000000000000000000000000000
310
000000000000000000000000000000000000000000000000000000000000000000000000000000000000000000000000000000000000000000000000000000000000000000000000000000000000000000001E1E00000000000000000000000000000000000000000000000000000000000000000000000000000000000000
310
00000000000000000000001E1E000000000000000000000000000000000000000000000000000000000000000000000000000000000000000000000000000000000000000000000000000000000000000000000000000000000000000000000000000000000000000000000000000000000000000000000000000000000000
310
0000000000000000000000000000000000000000000000000000001E0000000000000000001E000000000000000000001E000000000000000000000000000000000000000000000000000000000000000000000000000000000000000000000000000000000000000000000000000000000000000000000000000000000000
310
000000000000000000000000000000000000000000000000000000000000000000000000000000000000000000000000000000000000000000000000000000000000001E1E00000000000000000000000000000000000000000000000000000000000000000000000000000000000000000000000000000000000000000000
310
000000000000000000000000000000000000000000000000000000000000000000000000000000000000000000000000000000000000000000000000000000000000000000000000000000000000000000000000000000001E1E1E000000000000000000000000000000000000000000000000000000000000000000000000
310
0000000000000000000000001E1E1E00000000000000000000000000000000000000000000000000000000000000000000000000000000000000000000000000000000000000000000000000000000000000000000000000000000000000000000000000000000000000000000000000000000000000000000000000000000
310
000000000000000000000000000000000000000000000000000000000000001E0000000000000000001E00000000000000000000001E00000000000000000000000000000000000000000000000000000000000000000000000000000000000000000000000000000000000000000000000000000000000000000000000000
310
0000000000000000000000000000000000000000000000000000000000000000000000000000000000000000000000000000000000000000000000000000000000000000001E1E0000000000000000000000000000000000000000000000000000000000000000000000000000000000000000000000000000000000000000
310
00000000000000000000000000000000000000000000000000000000000000000000000000000000000000000000000000000000000000000000000000000000000000000000000000000000000000000000000000000000000000000000001E1E1E0000000000000000000000000000000000000000000000000000000000
310
00000000000000000000000000001E1E000000000000000000000000000000000000000000000000000000000000000000000000000000000000000000000000000000000000000000000000000000000000000000000000000000000000000000000000000000000000000000000000000000000000000000000000000000
310
00000000000000000000000000000000000000000000000000000000000000000000001E0000000000000000001E00000000000000000000001E000000000000000000000000000000000000000000000000000000000000000000000000000000000000000000000000000000000000000000000000000000000000000000
310
00000000000000000000000000000000000000000000000000000000000000000000000000000000000000000000000000000000000000000000000000000000000000000000001E1E000000000000000000000000000000000000000000000000000000000000000000000000000000000000000000000000000000000000
310
0000000000000000000000000000000000000000000000000000000000000000000000000000000000000000000000000000000000000000000000000000000000000000000000000000000000000000000000000000000000000000000000000000000000001E1E1E1E000000000000000000000000000000000000000000
310
00000000000000000000000000001E1E1E1E00000000000000000000000000000000000000000000000000000000000000000000000000000000000000000000000000000000000000000000000000000000000000000000000000000000000000000000000000000000000000000000000000000000000000000000000000
310
000000000000000000000000000000000000000000000000000000000000000000000000000000001E0000000000000000001E0000000000000000001E000000000000000000000000000000000000000000000000000000000000000000000000000000000000000000000000000000000000000000000000000000000000
310
0000000000000000000000000000000000000000000000000000000000000000000000000000000000000000000000000000000000000000000000000000000000000000000000001E1E1E00000000000000000000000000000000000000000000000000000000000000000000000000000000000000000000000000000000
310
00000000000000000000000000000000000000000000000000000000000000000000000000000000000000000000000000000000000000000000000000000000000000000000000000000000000000000000000000000000000000000000000000000000000000000000000000001E1E1E0000000000000000000000000000
310
0000000000000000000000001E1E1E1E1E1E00000000000000000000000000000000000000000000000000000000000000000000000000000000000000000000000000000000000000000000000000000000000000000000000000000000000000000000000000000000000000000000000000000000000000000000000000
310
00000000000000000000000000000000000000000000000000000000000000000000000000000000000000001E0000000000000000001E0000000000000000001E0000000000000000000000000000000000000000000000000000000000000000000000000000000000000000000000000000000000000000000000000000
310
000000000000000000000000000000000000000000000000000000000000000000000000000000000000000000000000000000000000000000000000000000000000000000000000001E1E1E000000000000000000000000000000000000000000000000000000000000000000000000000000000000000000000000000000
310
0000000000000000000000000000000000000000000000000000000000000000000000000000000000000000000000000000000000000000000000000000000000000000000000000000000000000000000000000000000000000000000000000000000000000000000000000000000000000000001E1E1E1E1E1E1E1E1E00
310
000000000000000000001E1E1E1E1E1E000000000000000000000000000000000000000000000000000000000000000000000000000000000000000000000000000000000000000000000000000000000000000000000000000000000000000000000000000000000000000000000000000000000000000000000000000000
310
0000000000000000000000000000000000000000000000000000000000000000000000000000000000000000000000001E000000000000000000001E000000000000001E0000000000000000000000000000000000000000000000000000000000000000000000000000000000000000000000000000000000000000000000
310
000000000000000000000000000000000000000000000000000000000000000000000000000000000000000000000000000000000000000000000000000000000000000000000000001E1E1E1E0000000000000000000000000000000000000000000000000000000000000000000000000000000000000000000000000000
310
00000000000000000000000000000000000000000000000000000000000000000000000000000000000000000000000000000000000000000000000000000000000000000000000000000000000000000000000000000000000000000000000000000000000000000000000000000000000000000000000000000000000000
310
0000001E1E1E1E1E1E1E1E1E1E1E0000000000000000000000000000000000000000000000000000000000000000000000000000000000000000000000000000000000000000000000000000000000000000000000000000000000000000000000000000000000000000000000000000000000000000000000000000000000
310
000000000000000000000000000000000000000000000000000000000000000000000000000000000000000000000000000000001E000000000000000000001E1E000000001E1E1E00000000000000000000000000000000000000000000000000000000000000000000000000000000000000000000000000000000000000
310
00000000000000000000000000000000000000000000000000000000000000000000000000000000000000000000000000000000000000000000000000000000000000000000000000001E1E1E0000000000000000000000000000000000000000000000000000000000000000000000000000000000000000000000000000
310
00000000000000000000000000000000000000000000000000000000000000000000000000000000000000000000000000000000000000000000000000000000000000000000000000000000000000000000000000000000000000000000000000000000000000000000000000000000000000000000000000000000000000
310
00000000000000000000000000000000000000000000000000000000000000000000000000000000000000000000000000000000000000000000000000000000000000000000000000000000000000000000000000000000000000000000000000000000000000000000000000000000000000000000000000000000000000
310
0000000000000000000000000000000000000000000000000000000000000000000000000000000000000000000000000000000000000000001E00000000000000000000001E1E1E1E000000000000000000000000000000000000000000000000000000000000000000000000000000000000000000000000000000000000
310
0000000000000000000000000000000000000000000000000000000000000000000000000000000000000000000000000000000000000000000000000000000000000000000000000000001E1E1E00000000000000000000000000000000000000000000000000000000000000000000000000000000000000000000000000
310
00000000000000000000000000000000000000000000000000000000000000000000000000000000000000000000000000000000000000000000000000000000000000000000000000000000000000000000000000000000000000000000000000000000000000000000000000000000000000000000000000000000000000
310
00000000000000000000000000000000000000000000000000000000000000000000000000000000000000000000000000000000000000000000000000000000000000000000000000000000000000000000000000000000000000000000000000000000000000000000000000000000000000000000000000000000000000
310
000000000000000000000000000000000000000000000000000000000000000000000000000000000000000000000000000000000000000000000000001E000000000000000000000000000000000000000000000000000000000000000000000000000000000000000000001E1E1E1E000000000000000000000000000000
310
000000000000000000000000000000000000000000000000000000000000000000000000000000000000000000000000000000000000000000000000000000000000000000000000000000001E1E1E000000000000000000000000000000000000000000000000000000000000000000000000000000000000000000000000
310
00000000000000000000000000000000000000000000000000000000000000000000000000000000000000000000000000000000000000000000000000000000000000000000000000000000000000000000000000000000000000000000000000000000000000000000000000000000000000000000000000000000000000
310
00000000000000000000000000000000000000000000000000000000000000000000000000000000000000000000000000000000000000000000000000000000000000000000000000000000000000000000000000000000000000000000000000000000000000000000000000000000000000000000000000000000000000
310
0000000000000000000000000000000000000000000000000000000000000000000000000000000000000000000000000000000000000000000000000000000000001E00000000000000000000000000000000000000000000000000000000000000000000000000000000001E1E1E1E000000001E1E1E1E00000000000000
310
000000000000000000000000000000000000000000000000000000000000000000000000000000000000000000000000000000000000000000000000000000000000000000000000000000001E1E1E1E0000000000000000000000000000000000000000000000000000000000000000000000000000000000000000000000
310
00000000000000000000000000000000000000000000000000000000000000000000000000000000000000000000000000000000000000000000000000000000000000000000000000000000000000000000000000000000000000000000000000000000000000000000000000000000000000000000000000000000000000
310
00000000000000000000000000000000000000000000000000000000000000000000000000000000000000000000000000000000000000000000000000000000000000000000000000000000000000000000000000000000000000000000000000000000000000000000000000000000000000000000000000000000000000
310
00000000000000000000000000000000000000000000000000000000000000000000000000000000000000000000000000000000000000000000000000000000000000000000001E000000000000000000000000000000000000000000000000000000000000000000000000001E1E1E0000000000000000000000001E1E1E
310
1E1E00000000000000000000000000000000000000000000000000000000000000000000000000000000000000000000000000000000000000000000000000000000000000000000000000001E1E1E1E0000000000000000000000000000000000000000000000000000000000000000000000000000000000000000000000
310
00000000000000000000000000000000000000000000000000000000000000000000000000000000000000000000000000000000000000000000000000000000000000000000000000000000000000000000000000000000000000000000000000000000000000000000000000000000000000000000000000000000000000
310
00000000000000000000000000000000000000000000000000000000000000000000000000000000000000000000000000000000000000000000000000000000000000000000000000000000000000000000000000000000000000000000000000000000000000000000000000000000000000000000000000000000000000
310
000000000000000000000000000000000000000000000000000000000000000000000000000000000000000000000000000000000000000000000000000000000000000000000000000000001E0000000000000000000000000000000000000000000000000000000000000000001E1E1E0000000000000000000000000000
310
0000000000001E1E1E1E1E000000000000000000000000000000000000000000000000000000000000000000000000000000000000000000000000000000000000000000000000000000001E1E1E1E1E0000000000000000000000000000000000000000000000000000000000000000000000000000000000000000000000
310
00000000000000000000000000000000000000000000000000000000000000000000000000000000000000000000000000000000000000000000000000000000000000000000000000000000000000000000000000000000000000000000000000000000000000000000000000000000000000000000000000000000000000
310
00000000000000000000000000000000000000000000000000000000000000000000000000000000000000000000000000000000000000000000000000000000000000000000000000000000000000000000000000000000000000000000000000000000000000000000000000000000000000000000000000000000000000
310
00000000000000000000000000000000000000000000000000000000000000000000000000000000000000000000000000000000000000000000000000000000000000000000000000000000000000001E00000000000000000000000000000000000000000000000000000000001E1E1E1E00000000000000000000000000
310
0000000000000000000000000000001E1E1E1E00000000000000000000000000000000000000000000000000000000000000000000000000000000000000000000000000000000000000001E1E1E1E000000000000000000000000000000000000000000000000000000000000000000000000000000000000000000000000
310
00000000000000000000000000000000000000000000000000000000000000000000000000000000000000000000000000000000000000000000000000000000000000000000000000000000000000000000000000000000000000000000000000000000000000000000000000000000000000000000000000000000000000
310
00000000000000000000000000000000000000000000000000000000000000000000000000000000000000000000000000000000000000000000000000000000000000000000000000000000000000000000000000000000000000000000000000000000000000000000000000000000000000000000000000000000000000
310
000000000000000000000000000000000000000000000000000000000000000000000000000000000000000000000000000000000000000000000000000000000000000000000000000000000000000000000000001E000000000000000000000000000000000000000000000000001E1E1E00000000000000000000000000
310
00000000000000000000000000000000000000000000001E1E1E1E1E1E1E1E00000000000000000000000000000000000000000000000000000000000000000000000000000000000000001E1E1E1E000000000000000000000000000000000000000000000000000000000000000000000000000000000000000000000000
310
00000000000000000000000000000000000000000000000000000000000000000000000000000000000000000000000000000000000000000000000000000000000000000000000000000000000000000000000000000000000000000000000000000000000000000000000000000000000000000000000000000000000000
310
00000000000000000000000000000000000000000000000000000000000000000000000000000000000000000000000000000000000000000000000000000000000000000000000000000000000000000000000000000000000000000000000000000000000000000000000000000000000000000000000000000000000000
310
0000000000000000000000000000000000000000000000000000000000000000000000000000000000000000000000000000000000000000000000000000000000000000000000000000000000000000000000000000000000001E0000000000000000000000000000000000000000001E1E1E000000000000000000000000
310
00000000000000000000000000000000000000000000000000000000000000000000001E1E1E1E1E1E1E1E1E1E1E1E00000000000000000000000000000000001E1E1E1E1E1E1E1E1E1E1E1E1E1E1E000000000000000000000000000000000000000000000000000000000000000000000000000000000000000000000000
310
00000000000000000000000000000000000000000000000000000000000000000000000000000000000000000000000000000000000000000000000000000000000000000000000000000000000000000000000000000000000000000000000000000000000000000000000000000000000000000000000000000000000000
310
00000000000000000000000000000000000000000000000000000000000000000000000000000000000000000000000000000000000000000000000000000000000000000000000000000000000000000000000000000000000000000000000000000000000000000000000000000000000000000000000000000000000000
310
00000000000000000000000000000000000000000000000000000000000000000000000000000000000000000000000000000000000000000000000000000000000000000000000000000000000000000000000000000000000000000000001E1E0000000000000000000000000000001E1E1E1E0000000000000000000000
310
0000000000000000000000000000000000000000000000000000000000000000000000000000000000000000000000000000001E1E1E1E1E1E1E1E1E1E1E1E1E1E1E1E1E0000000000000000000000000000000000000000000000000000000000000000000000000000000000000000000000000000000000000000000000
310
00000000000000000000000000000000000000000000000000000000000000000000000000000000000000000000000000000000000000000000000000000000000000000000000000000000000000000000000000000000000000000000000000000000000000000000000000000000000000000000000000000000000000
310
00000000000000000000000000000000000000000000000000000000000000000000000000000000000000000000000000000000000000000000000000000000000000000000000000000000000000000000000000000000000000000000000000000000000000000000000000000000000000000000000000000000000000
310
00000000000000000000000000000000000000000000000000000000000000000000000000000000000000000000000000000000000000000000000000000000000000000000000000000000000000000000000000000000000000000000000000000000001E1E000000000000000000001E1E1E0000000000000000000000
310
00000000000000000000000000000000000000000000000000000000000000000000000000000000000000000000000000000000000000000000000000000000000000000000000000000000000000000000000000000000000000000000000000000000000000000000000000000000000000000000000000000000000000
310
00000000000000000000000000000000000000000000000000000000000000000000000000000000000000000000000000000000000000000000000000000000000000000000000000000000000000000000000000000000000000000000000000000000000000000000000000000000000000000000000000000000000000
310
00000000000000000000000000000000000000000000000000000000000000000000000000000000000000000000000000000000000000000000000000000000000000000000000000000000000000000000000000000000000000000000000000000000000000000000000000000000000000000000000000000000000000
310
00000000000000000000000000000000000000000000000000000000000000000000000000000000000000000000000000000000000000000000000000000000000000000000000000000000000000000000000000000000000000000000000000000000000000000000001E1E1E1E1E1E1E1E1E1E00000000000000000000
310
00000000000000000000000000000000000000000000000000000000000000000000000000000000000000000000000000000000000000000000000000000000000000000000000000000000000000000000000000000000000000000000000000000000000000000000000000000000000000000000000000000000000000
310
00000000000000000000000000000000000000000000000000000000000000000000000000000000000000000000000000000000000000000000000000000000000000000000000000000000000000000000000000000000000000000000000000000000000000000000000000000000000000000000000000000000000000
310
00000000000000000000000000000000000000000000000000000000000000000000000000000000000000000000000000000000000000000000000000000000000000000000000000000000000000000000000000000000000000000000000000000000000000000000000000000000000000000000000000000000000000
310
00000000000000000000000000000000000000000000000000000000000000000000000000000000000000000000000000000000000000000000000000000000000000000000000000000000000000000000000000000000000000000000000000000000000000000000000000000000000000000000000000000000000000
310
00000000000000000000000000000000000000000000000000000000000000000000000000000000000000000000000000000000000000000000000000000000000000000000000000000000000000000000000000000000000000000000000000000000000000000000000000000000000000000000000000000000000000
310
00000000000000000000000000000000000000000000000000000000000000000000000000000000000000000000000000000000000000000000000000000000000000000000000000000000000000000000000000000000000000000000000000000000000000000000000000000000000000000000000000000000000000
310
00000000000000000000000000000000000000000000000000000000000000000000000000000000000000000000000000000000000000000000000000000000000000000000000000000000000000000000000000000000000000000000000000000000000000000000000000000000000000000000000000000000000000
310
00000000000000000000000000000000000000000000000000000000000000000000000000000000000000000000000000000000000000000000000000000000000000000000000000000000000000000000000000000000000000000000000000000000000000000000000000000000000000000000000000000000000000
310
00000000000000000000000000000000000000000000000000000000000000000000000000000000000000000000000000000000000000000000000000000000000000000000000000000000000000000000000000000000000000000000000000000000000000000000000000000000000000000000000000000000000000
310
00000000000000000000000000000000000000000000000000000000000000000000000000000000000000000000000000000000000000000000000000000000000000000000000000000000000000000000000000000000000000000000000000000000000000000000000000000000000000000000000000000000000000
310
00000000000000000000000000000000000000000000000000000000000000000000000000000000000000000000000000000000000000000000000000000000000000000000000000000000000000000000000000000000000000000000000000000000000000000000000000000000000000000000000000000000000000
310
00000000000000000000000000000000000000000000000000000000000000000000000000000000000000000000000000000000000000000000000000000000000000000000000000000000000000000000000000000000000000000000000000000000000000000000000000000000000000000000000000000000000000
310
00000000000000000000000000000000000000000000000000000000000000000000000000000000000000000000000000000000000000000000000000000000000000000000000000000000000000000000000000000000000000000000000000000000000000000000000000000000000000000000000000000000000000
310
00000000000000000000000000000000000000000000000000000000000000000000000000000000000000000000000000000000000000000000000000000000000000000000000000000000000000000000000000000000000000000000000000000000000000000000000000000000000000000000000000000000000000
310
00000000000000000000000000000000000000000000000000000000000000000000000000000000000000000000000000000000000000000000000000000000000000000000000000000000000000000000000000000000000000000000000000000000000000000000000000000000000000000000000000000000000000
310
00000000000000000000000000000000000000000000000000000000000000000000000000000000000000000000000000000000000000000000000000000000000000000000000000000000000000000000000000000000000000000000000000000000000000000000000000000000000000000000000000000000000000
310
00000000000000000000000000000000000000000000000000000000000000000000000000000000000000000000000000000000000000000000000000000000000000000000000000000000000000000000000000000000000000000000000000000000000000000000000000000000000000000000000000000000000000
310
00000000000000000000000000000000000000000000000000000000000000000000000000000000000000000000000000000000000000000000000000000000000000000000000000000000000000000000000000000000000000000000000000000000000000000000000000000000000000000000000000000000000000
310
00000000000000000000000000000000000000000000000000000000000000000000000000000000000000000000000000000000000000000000000000000000000000000000000000000000000000000000000000000000000000000000000000000000000000000000000000000000000000000000000000000000000000
310
00000000000000000000000000000000000000000000000000000000000000000000000000000000000000000000000000000000000000000000000000000000000000000000000000000000000000000000000000000000000000000000000000000000000000000000000000000000000000000000000000000000000000
310
00000000000000000000000000000000000000000000000000000000000000000000000000000000000000000000000000000000000000000000000000000000000000000000000000000000000000000000000000000000000000000000000000000000000000000000000000000000000000000000000000000000000000
310
00000000000000000000000000000000000000000000000000000000000000000000000000000000000000000000000000000000000000000000000000000000000000000000000000000000000000000000000000000000000000000000000000000000000000000000000000000000000000000000000000000000000000
310
00000000000000000000000000000000000000000000000000000000000000000000000000000000000000000000000000000000000000000000000000000000000000000000000000000000000000000000000000000000000000000000000000000000000000000000000000000000000000000000000000000000000000
310
00000000000000000000000000000000000000000000000000000000000000000000000000000000000000000000000000000000000000000000000000000000000000000000000000000000000000000000000000000000000000000000000000000000000000000000000000000000000000000000000000000000000000
310
00000000000000000000000000000000000000000000000000000000000000000000000000000000000000000000000000000000000000000000000000000000000000000000000000000000000000000000000000000000000000000000000000000000000000000000000000000000000000000000000000000000000000
310
00000000000000000000000000000000000000000000000000000000000000000000000000000000000000000000000000000000000000000000000000000000000000000000000000000000000000000000000000000000000000000000000000000000000000000000000000000000000000000000000000000000000000
310
00000000000000000000000000000000000000000000000000000000000000000000000000000000000000000000000000000000000000000000000000000000000000000000000000000000000000000000000000000000000000000000000000000000000000000000000000000000000000000000000000000000000000
310
00000000000000000000000000000000000000000000000000000000000000000000000000000000000000000000000000000000000000000000000000000000000000000000000000000000000000000000000000000000000000000000000000000000000000000000000000000000000000000000000000000000000000
310
00000000000000000000000000000000000000000000000000000000000000000000000000000000000000000000000000000000000000000000000000000000000000000000000000000000000000000000000000000000000000000000000000000000000000000000000000000000000000000000000000000000000000
310
00000000000000000000000000000000000000000000000000000000000000000000000000000000000000000000000000000000000000000000000000000000000000000000000000000000000000000000000000000000000000000000000000000000000000000000000000000000000000000000000000000000000000
310
00000000000000000000000000000000000000000000000000000000000000000000000000000000000000000000000000000000000000000000000000000000000000000000000000000000000000000000000000000000000000000000000000000000000000000000000000000000000000000000000000000000000000
310
00000000000000000000000000000000000000000000000000000000000000000000000000000000000000000000000000000000000000000000000000000000000000000000000000000000000000000000000000000000000000000000000000000000000000000000000000000000000000000000000000000000000000
310
00000000000000000000000000000000000000000000000000000000000000000000000000000000000000000000000000000000000000000000000000000000000000000000000000000000000000000000000000000000000000000000000000000000000000000000000000000000000000000000000000000000000000
310
00000000000000000000000000000000000000000000000000000000000000000000000000000000000000000000000000000000000000000000000000000000000000000000000000000000000000000000000000000000000000000000000000000000000000000000000000000000000000000000000000000000000000
310
00000000000000000000000000000000000000000000000000000000000000000000000000000000000000000000000000000000000000000000000000000000000000000000000000000000000000000000000000000000000000000000000000000000000000000000000000000000000000000000000000000000000000
310
00000000000000000000000000000000000000000000000000000000000000000000000000000000000000000000000000000000000000000000000000000000000000000000000000000000000000000000000000000000000000000000000000000000000000000000000000000000000000000000000000000000000000
310
00000000000000000000000000000000000000000000000000000000000000000000000000000000000000000000000000000000000000000000000000000000000000000000000000000000000000000000000000000000000000000000000000000000000000000000000000000000000000000000000000000000000000
310
00000000000000000000000000000000000000000000000000000000000000000000000000000000000000000000000000000000000000000000000000000000000000000000000000000000000000000000000000000000000000000000000000000000000000000000000000000000000000000000000000000000000000
310
00000000000000000000000000000000000000000000000000000000000000000000000000000000000000000000000000000000000000000000000000000000000000000000000000000000000000000000000000000000000000000000000000000000000000000000000000000000000000000000000000000000000000
310
00000000000000000000000000000000000000000000000000000000000000000000000000000000000000000000000000000000000000000000000000000000000000000000000000000000000000000000000000000000000000000000000000000000000000000000000000000000000000000000000000000000000000
310
00000000000000000000000000000000000000000000000000000000000000000000000000000000000000000000000000000000000000000000000000000000000000000000000000000000000000000000000000000000000000000000000000000000000000000000000000000000000000000000000000000000000000
310
00000000000000000000000000000000000000000000000000000000000000000000000000000000000000000000000000000000000000000000000000000000000000000000000000000000000000000000000000000000000000000000000000000000000000000000000000000000000000000000000000000000000000
310
00000000000000000000000000000000000000000000000000000000000000000000000000000000000000000000000000000000000000000000000000000000000000000000000000000000000000000000000000000000000000000000000000000000000000000000000000000000000000000000000000000000000000
310
00000000000000000000000000000000000000000000000000000000000000000000000000000000000000000000000000000000000000000000000000000000000000000000000000000000000000000000000000000000000000000000000000000000000000000000000000000000000000000000000000000000000000
310
00000000000000000000000000000000000000000000000000000000000000000000000000000000000000000000000000000000000000000000000000000000000000000000000000000000000000000000000000000000000000000000000000000000000000000000000000000000000000000000000000000000000000
310
00000000000000000000000000000000000000000000000000000000000000000000000000000000000000000000000000000000000000000000000000000000000000000000000000000000000000000000000000000000000000000000000000000000000000000000000000000000000000000000000000000000000000
310
00000000000000000000000000000000000000000000000000000000000000000000000000000000000000000000000000000000000000000000000000000000000000000000000000000000000000000000000000000000000000000000000000000000000000000000000000000000000000000000000000000000000000
310
00000000000000000000000000000000000000000000000000000000000000000000000000000000000000000000000000000000000000000000000000000000000000000000000000000000000000000000000000000000000000000000000000000000000000000000000000000000000000000000000000000000000000
310
00000000000000000000000000000000000000000000000000000000000000000000000000000000000000000000000000000000000000000000000000000000000000000000000000000000000000000000000000000000000000000000000000000000000000000000000000000000000000000000000000000000000000
310
00000000000000000000000000000000000000000000000000000000000000000000000000000000000000000000000000000000000000000000000000000000000000000000000000000000000000000000000000000000000000000000000000000000000000000000000000000000000000000000000000000000000000
310
00000000000000000000000000000000000000000000000000000000000000000000000000000000000000000000000000000000000000000000000000000000000000000000000000000000000000000000000000000000000000000000000000000000000000000000000000000000000000000000000000000000000000
310
00000000000000000000000000000000000000000000000000000000000000000000000000000000000000000000000000000000000000000000000000000000000000000000000000000000000000000000000000000000000000000000000000000000000000000000000000000000000000000000000000000000000000
310
00000000000000000000000000000000000000000000000000000000000000000000000000000000000000000000000000000000000000000000000000000000000000000000000000000000000000000000000000000000000000000000000000000000000000000000000000000000000000000000000000000000000000
310
00000000000000000000000000000000000000000000000000000000000000000000000000000000000000000000000000000000000000000000000000000000000000000000000000000000000000000000000000000000000000000000000000000000000000000000000000000000000000000000000000000000000000
310
00000000000000000000000000000000000000000000000000000000000000000000000000000000000000000000000000000000000000000000000000000000000000000000000000000000000000000000000000000000000000000000000000000000000000000000000000000000000000000000000000000000000000
310
00000000000000000000000000000000000000000000000000000000000000000000000000000000000000000000000000000000000000000000000000000000000000000000000000000000000000000000000000000000000000000000000000000000000000000000000000000000000000000000000000000000000000
310
00000000000000000000000000000000000000000000000000000000000000000000000000000000000000000000000000000000000000000000000000000000000000000000000000000000000000000000000000000000000000000000000000000000000000000000000000000000000000000000000000000000000000
310
00000000000000000000000000000000000000000000000000000000000000000000000000000000000000000000000000000000000000000000000000000000000000000000000000000000000000000000000000000000000000000000000000000000000000000000000000000000000000000000000000000000000000
310
00000000000000000000000000000000000000000000000000000000000000000000000000000000000000000000000000000000000000000000000000000000000000000000000000000000000000000000000000000000000000000000000000000000000000000000000000000000000000000000000000000000000000
310
00000000000000000000000000000000000000000000000000000000000000000000000000000000000000000000000000000000000000000000000000000000000000000000000000000000000000000000000000000000000000000000000000000000000000000000000000000000000000000000000000000000000000
310
00000000000000000000000000000000000000000000000000000000000000000000000000000000000000000000000000000000000000000000000000000000000000000000000000000000000000000000000000000000000000000000000000000000000000000000000000000000000000000000000000000000000000
310
00000000000000000000000000000000000000000000000000000000000000000000000000000000000000000000000000000000000000000000000000000000000000000000000000000000000000000000000000000000000000000000000000000000000000000000000000000000000000000000000000000000000000
310
00000000000000000000000000000000000000000000000000000000000000000000000000000000000000000000000000000000000000000000000000000000000000000000000000000000000000000000000000000000000000000000000000000000000000000000000000000000000000000000000000000000000000
310
00000000000000000000000000000000000000000000000000000000000000000000000000000000000000000000000000000000000000000000000000000000000000000000000000000000000000000000000000000000000000000000000000000000000000000000000000000000000000000000000000000000000000
310
00000000000000000000000000000000000000000000000000000000000000000000000000000000000000000000000000000000000000000000000000000000000000000000000000000000000000000000000000000000000000000000000000000000000000000000000000000000000000000000000000000000000000
310
00000000000000000000000000000000000000000000000000000000000000000000000000000000000000000000000000000000000000000000000000000000000000000000000000000000000000000000000000000000000000000000000000000000000000000000000000000000000000000000000000000000000000
310
00000000000000000000000000000000000000000000000000000000000000000000000000000000000000000000000000000000000000000000000000000000000000000000000000000000000000000000000000000000000000000000000000000000000000000000000000000000000000000000000000000000000000
310
00000000000000000000000000000000000000000000000000000000000000000000000000000000000000000000000000000000000000000000000000000000000000000000000000000000000000000000000000000000000000000000000000000000000000000000000000000000000000000000000000000000000000
310
00000000000000000000000000000000000000000000000000000000000000000000000000000000000000000000000000000000000000000000000000000000000000000000000000000000000000000000000000000000000000000000000000000000000000000000000000000000000000000000000000000000000000
310
00000000000000000000000000000000000000000000000000000000000000000000000000000000000000000000000000000000000000000000000000000000000000000000000000000000000000000000000000000000000000000000000000000000000000000000000000000000000000000000000000000000000000
310
00000000000000000000000000000000000000000000000000000000000000000000000000000000000000000000000000000000000000000000000000000000000000000000000000000000000000000000000000000000000000000000000000000000000000000000000000000000000000000000000000000000000000
310
00000000000000000000000000000000000000000000000000000000000000000000000000000000000000000000000000000000000000000000000000000000000000000000000000000000000000000000000000000000000000000000000000000000000000000000000000000000000000000000000000000000000000
310
00000000000000000000000000000000000000000000000000000000000000000000000000000000000000000000000000000000000000000000000000000000000000000000000000000000000000000000000000000000000000000000000000000000000000000000000000000000000000000000000000000000000000
310
00000000000000000000000000000000000000000000000000000000000000000000000000000000000000000000000000000000000000000000000000000000000000000000000000000000000000000000000000000000000000000000000000000000000000000000000000000000000000000000000000000000000000
310
00000000000000000000000000000000000000000000000000000000000000000000000000000000000000000000000000000000000000000000000000000000000000000000000000000000000000000000000000000000000000000000000000000000000000000000000000000000000000000000000000000000000000
310
00000000000000000000000000000000000000000000000000000000000000000000000000000000000000000000000000000000000000000000000000000000000000000000000000000000000000000000000000000000000000000000000000000000000000000000000000000000000000000000000000000000000000
310
00000000000000000000000000000000000000000000000000000000000000000000000000000000000000000000000000000000000000000000000000000000000000000000000000000000000000000000000000000000000000000000000000000000000000000000000000000000000000000000000000000000000000
310
00000000000000000000000000000000000000000000000000000000000000000000000000000000000000000000000000000000000000000000000000000000000000000000000000000000000000000000000000000000000000000000000000000000000000000000000000000000000000000000000000000000000000
310
00000000000000000000000000000000000000000000000000000000000000000000000000000000000000000000000000000000000000000000000000000000000000000000000000000000000000000000000000000000000000000000000000000000000000000000000000000000000000000000000000000000000000
310
00000000000000000000000000000000000000000000000000000000000000000000000000000000000000000000000000000000000000000000000000000000000000000000000000000000000000000000000000000000000000000000000000000000000000000000000000000000000000000000000000000000000000
310
00000000000000000000000000000000000000000000000000000000000000000000000000000000000000000000000000000000000000000000000000000000000000000000000000000000000000000000000000000000000000000000000000000000000000000000000000000000000000000000000000000000000000
310
00000000000000000000000000000000000000000000000000000000000000000000000000000000000000000000000000000000000000000000000000000000000000000000000000000000000000000000000000000000000000000000000000000000000000000000000000000000000000000000000000000000000000
310
00000000000000000000000000000000000000000000000000000000000000000000000000000000000000000000000000000000000000000000000000000000000000000000000000000000000000000000000000000000000000000000000000000000000000000000000000000000000000000000000000000000000000
310
00000000000000000000000000000000000000000000000000000000000000000000000000000000000000000000000000000000000000000000000000000000000000000000000000000000000000000000000000000000000000000000000000000000000000000000000000000000000000000000000000000000000000
310
00000000000000000000000000000000000000000000000000000000000000000000000000000000000000000000000000000000000000000000000000000000000000000000000000000000000000000000000000000000000000000000000000000000000000000000000000000000000000000000000000000000000000
310
00000000000000000000000000000000000000000000000000000000000000000000000000000000000000000000000000000000000000000000000000000000000000000000000000000000000000000000000000000000000000000000000000000000000000000000000000000000000000000000000000000000000000
310
00000000000000000000000000000000000000000000000000000000000000000000000000000000000000000000000000000000000000000000000000000000000000000000000000000000000000000000000000000000000000000000000000000000000000000000000000000000000000000000000000000000000000
310
00000000000000000000000000000000000000000000000000000000000000000000000000000000000000000000000000000000000000000000000000000000000000000000000000000000000000000000000000000000000000000000000000000000000000000000000000000000000000000000000000000000000000
310
00000000000000000000000000000000000000000000000000000000000000000000000000000000000000000000000000000000000000000000000000000000000000000000000000000000000000000000000000000000000000000000000000000000000000000000000000000000000000000000000000000000000000
310
00000000000000000000000000000000000000000000000000000000000000000000000000000000000000000000000000000000000000000000000000000000000000000000000000000000000000000000000000000000000000000000000000000000000000000000000000000000000000000000000000000000000000
310
00000000000000000000000000000000000000000000000000000000000000000000000000000000000000000000000000000000000000000000000000000000000000000000000000000000000000000000000000000000000000000000000000000000000000000000000000000000000000000000000000000000000000
310
00000000000000000000000000000000000000000000000000000000000000000000000000000000000000000000000000000000000000000000000000000000000000000000000000000000000000000000000000000000000000000000000000000000000000000000000000000000000000000000000000000000000000
310
00000000000000000000000000000000000000000000000000000000000000000000000000000000000000000000000000000000000000000000000000000000000000000000000000000000000000000000000000000000000000000000000000000000000000000000000000000000000000000000000000000000000000
310
00000000000000000000000000000000000000000000000000000000000000000000000000000000000000000000000000000000000000000000000000000000000000000000000000000000000000000000000000000000000000000000000000000000000000000000000000000000000000000000000000000000000000
310
00000000000000000000000000000000000000000000000000000000000000000000000000000000000000000000000000000000000000000000000000000000000000000000000000000000000000000000000000000000000000000000000000000000000000000000000000000000000000000000000000000000000000
310
00000000000000000000000000000000000000000000000000000000000000000000000000000000000000000000000000000000000000000000000000000000000000000000000000000000000000000000000000000000000000000000000000000000000000000000000000000000000000000000000000000000000000
310
00000000000000000000000000000000000000000000000000000000000000000000000000000000000000000000000000000000000000000000000000000000000000000000000000000000000000000000000000000000000000000000000000000000000000000000000000000000000000000000000000000000000000
310
00000000000000000000000000000000000000000000000000000000000000000000000000000000000000000000000000000000000000000000000000000000000000000000000000000000000000000000000000000000000000000000000000000000000000000000000000000000000000000000000000000000000000
310
00000000000000000000000000000000000000000000000000000000000000000000000000000000000000000000000000000000000000000000000000000000000000000000000000000000000000000000000000000000000000000000000000000000000000000000000000000000000000000000000000000000000000
310
00000000000000000000000000000000000000000000000000000000000000000000000000000000000000000000000000000000000000000000000000000000000000000000000000000000000000000000000000000000000000000000000000000000000000000000000000000000000000000000000000000000000000
310
00000000000000000000000000000000000000000000000000000000000000000000000000000000000000000000000000000000000000000000000000000000000000000000000000000000000000000000000000000000000000000000000000000000000000000000000000000000000000000000000000000000000000
310
00000000000000000000000000000000000000000000000000000000000000000000000000000000000000000000000000000000000000000000000000000000000000000000000000000000000000000000000000000000000000000000000000000000000000000000000000000000000000000000000000000000000000
310
00000000000000000000000000000000000000000000000000000000000000000000000000000000000000000000000000000000000000000000000000000000000000000000000000000000000000000000000000000000000000000000000000000000000000000000000000000000000000000000000000000000000000
310
00000000000000000000000000000000000000000000000000000000000000000000000000000000000000000000000000000000000000000000000000000000000000000000000000000000000000000000000000000000000000000000000000000000000000000000000000000000000000000000000000000000000000
310
00000000000000000000000000000000000000000000000000000000000000000000000000000000000000000000000000000000000000000000000000000000000000000000000000000000000000000000000000000000000000000000000000000000000000000000000000000000000000000000000000000000000000
310
00000000000000000000000000000000000000000000000000000000000000000000000000000000000000000000000000000000000000000000000000000000000000000000000000000000000000000000000000000000000000000000000000000000000000000000000000000000000000000000000000000000000000
310
00000000000000000000000000000000000000000000000000000000000000000000000000000000000000000000000000000000000000000000000000000000000000000000000000000000000000000000000000000000000000000000000000000000000000000000000000000000000000000000000000000000000000
310
00000000000000000000000000000000000000000000000000000000000000000000000000000000000000000000000000000000000000000000000000000000000000000000000000000000000000000000000000000000000000000000000000000000000000000000000000000000000000000000000000000000000000
310
00000000000000000000000000000000000000000000000000000000000000000000000000000000000000000000000000000000000000000000000000000000000000000000000000000000000000000000000000000000000000000000000000000000000000000000000000000000000000000000000000000000000000
310
00000000000000000000000000000000000000000000000000000000000000000000000000000000000000000000000000000000000000000000000000000000000000000000000000000000000000000000000000000000000000000000000000000000000000000000000000000000000000000000000000000000000000
310
00000000000000000000000000000000000000000000000000000000000000000000000000000000000000000000000000000000000000000000000000000000000000000000000000000000000000000000000000000000000000000000000000000000000000000000000000000000000000000000000000000000000000
310
00000000000000000000000000000000000000000000000000000000000000000000000000000000000000000000000000000000000000000000000000000000000000000000000000000000000000000000000000000000000000000000000000000000000000000000000000000000000000000000000000000000000000
310
00000000000000000000000000000000000000000000000000000000000000000000000000000000000000000000000000000000000000000000000000000000000000000000000000000000000000000000000000000000000000000000000000000000000000000000000000000000000000000000000000000000000000
310
00000000000000000000000000000000000000000000000000000000000000000000000000000000000000000000000000000000000000000000000000000000000000000000000000000000000000000000000000000000000000000000000000000000000000000000000000000000000000000000000000000000000000
310
00000000000000000000000000000000000000000000000000000000000000000000000000000000000000000000000000000000000000000000000000000000000000000000000000000000000000000000000000000000000000000000000000000000000000000000000000000000000000000000000000000000000000
310
00000000000000000000000000000000000000000000000000000000000000000000000000000000000000000000000000000000000000000000000000000000000000000000000000000000000000000000000000000000000000000000000000000000000000000000000000000000000000000000000000000000000000
310
00000000000000000000000000000000000000000000000000000000000000000000000000000000000000000000000000000000000000000000000000000000000000000000000000000000000000000000000000000000000000000000000000000000000000000000000000000000000000000000000000000000000000
310
00000000000000000000000000000000000000000000000000000000000000000000000000000000000000000000000000000000000000000000000000000000000000000000000000000000000000000000000000000000000000000000000000000000000000000000000000000000000000000000000000000000000000
310
00000000000000000000000000000000000000000000000000000000000000000000000000000000000000000000000000000000000000000000000000000000000000000000000000000000000000000000000000000000000000000000000000000000000000000000000000000000000000000000000000000000000000
310
00000000000000000000000000000000000000000000000000000000000000000000000000000000000000000000000000000000000000000000000000000000000000000000000000000000000000000000000000000000000000000000000000000000000000000000000000000000000000000000000000000000000000
310
00000000000000000000000000000000000000000000000000000000000000000000000000000000000000000000000000000000000000000000000000000000000000000000000000000000000000000000000000000000000000000000000000000000000000000000000000000000000000000000000000000000000000
310
00000000000000000000000000000000000000000000000000000000000000000000000000000000000000000000000000000000000000000000000000000000000000000000000000000000000000000000000000000000000000000000000000000000000000000000000000000000000000000000000000000000000000
310
00000000000000000000000000000000000000000000000000000000000000000000000000000000000000000000000000000000000000000000000000000000000000000000000000000000000000000000000000000000000000000000000000000000000000000000000000000000000000000000000000000000000000
310
00000000000000000000000000000000000000000000000000000000000000000000000000000000000000000000000000000000000000000000000000000000000000000000000000000000000000000000000000000000000000000000000000000000000000000000000000000000000000000000000000000000000000
310
00000000000000000000000000000000000000000000000000000000000000000000000000000000000000000000000000000000000000000000000000000000000000000000000000000000000000000000000000000000000000000000000000000000000000000000000000000000000000000000000000000000000000
310
00000000000000000000000000000000000000000000000000000000000000000000000000000000000000000000000000000000000000000000000000000000000000000000000000000000000000000000000000000000000000000000000000000000000000000000000000000000000000000000000000000000000000
310
00000000000000000000000000000000000000000000000000000000000000000000000000000000000000000000000000000000000000000000000000000000000000000000000000000000000000000000000000000000000000000000000000000000000000000000000000000000000000000000000000000000000000
310
00000000000000000000000000000000000000000000000000000000000000000000000000000000000000000000000000000000000000000000000000000000000000000000000000000000000000000000000000000000000000000000000000000000000000000000000000000000000000000000000000000000000000
310
00000000000000000000000000000000000000000000000000000000000000000000000000000000000000000000000000000000000000000000000000000000000000000000000000000000000000000000000000000000000000000000000000000000000000000000000000000000000000000000000000000000000000
310
00000000000000000000000000000000000000000000000000000000000000000000000000000000000000000000000000000000000000000000000000000000000000000000000000000000000000000000000000000000000000000000000000000000000000000000000000000000000000000000000000000000000000
310
00000000000000000000000000000000000000000000000000000000000000000000000000000000000000000000000000000000000000000000000000000000000000000000000000000000000000000000000000000000000000000000000000000000000000000000000000000000000000000000000000000000000000
310
00000000000000000000000000000000000000000000000000000000000000000000000000000000000000000000000000000000000000000000000000000000000000000000000000000000000000000000000000000000000000000000000000000000000000000000000000000000000000000000000000000000000000
310
00000000000000000000000000000000000000000000000000000000000000000000000000000000000000000000000000000000000000000000000000000000000000000000000000000000000000000000000000000000000000000000000000000000000000000000000000000000000000000000000000000000000000
310
00000000000000000000000000000000000000000000000000000000000000000000000000000000000000000000000000000000000000000000000000000000000000000000000000000000000000000000000000000000000000000000000000000000000000000000000000000000000000000000000000000000000000
310
00000000000000000000000000000000000000000000000000000000000000000000000000000000000000000000000000000000000000000000000000000000000000000000000000000000000000000000000000000000000000000000000000000000000000000000000000000000000000000000000000000000000000
310
00000000000000000000000000000000000000000000000000000000000000000000000000000000000000000000000000000000000000000000000000000000000000000000000000000000000000000000000000000000000000000000000000000000000000000000000000000000000000000000000000000000000000
310
00000000000000000000000000000000000000000000000000000000000000000000000000000000000000000000000000000000000000000000000000000000000000000000000000000000000000000000000000000000000000000000000000000000000000000000000000000000000000000000000000000000000000
310
00000000000000000000000000000000000000000000000000000000000000000000000000000000000000000000000000000000000000000000000000000000000000000000000000000000000000000000000000000000000000000000000000000000000000000000000000000000000000000000000000000000000000
310
00000000000000000000000000000000000000000000000000000000000000000000000000000000000000000000000000000000000000000000000000000000000000000000000000000000000000000000000000000000000000000000000000000000000000000000000000000000000000000000000000000000000000
310
00000000000000000000000000000000000000000000000000000000000000000000000000000000000000000000000000000000000000000000000000000000000000000000000000000000000000000000000000000000000000000000000000000000000000000000000000000000000000000000000000000000000000
310
00000000000000000000000000000000000000000000000000000000000000000000000000000000000000000000000000000000000000000000000000000000000000000000000000000000000000000000000000000000000000000000000000000000000000000000000000000000000000000000000000000000000000
310
00000000000000000000000000000000000000000000000000000000000000000000000000000000000000000000000000000000000000000000000000000000000000000000000000000000000000000000000000000000000000000000000000000000000000000000000000000000000000000000000000000000000000
310
00000000000000000000000000000000000000000000000000000000000000000000000000000000000000000000000000000000000000000000000000000000000000000000000000000000000000000000000000000000000000000000000000000000000000000000000000000000000000000000000000000000000000
310
00000000000000000000000000000000000000000000000000000000000000000000000000000000000000000000000000000000000000000000000000000000000000000000000000000000000000000000000000000000000000000000000000000000000000000000000000000000000000000000000000000000000000
310
00000000000000000000000000000000000000000000000000000000000000000000000000000000000000000000000000000000000000000000000000000000000000000000000000000000000000000000000000000000000000000000000000000000000000000000000000000000000000000000000000000000000000
310
00000000000000000000000000000000000000000000000000000000000000000000000000000000000000000000000000000000000000000000000000000000000000000000000000000000000000000000000000000000000000000000000000000000000000000000000000000000000000000000000000000000000000
310
00000000000000000000000000000000000000000000000000000000000000000000000000000000000000000000000000000000000000000000000000000000000000000000000000000000000000000000000000000000000000000000000000000000000000000000000000000000000000000000000000000000000000
310
00000000000000000000000000000000000000000000000000000000000000000000000000000000000000000000000000000000000000000000000000000000000000000000000000000000000000000000000000000000000000000000000000000000000000000000000000000000000000000000000000000000000000
310
00000000000000000000000000000000000000000000000000000000000000000000000000000000000000000000000000000000000000000000000000000000000000000000000000000000000000000000000000000000000000000000000000000000000000000000000000000000000000000000000000000000000000
310
00000000000000000000000000000000000000000000000000000000000000000000000000000000000000000000000000000000000000000000000000000000000000000000000000000000000000000000000000000000000000000000000000000000000000000000000000000000000000000000000000000000000000
310
00000000000000000000000000000000000000000000000000000000000000000000000000000000000000000000000000000000000000000000000000000000000000000000000000000000000000000000000000000000000000000000000000000000000000000000000000000000000000000000000000000000000000
310
00000000000000000000000000000000000000000000000000000000000000000000000000000000000000000000000000000000000000000000000000000000000000000000000000000000000000000000000000000000000000000000000000000000000000000000000000000000000000000000000000000000000000
310
00000000000000000000000000000000000000000000000000000000000000000000000000000000000000000000000000000000000000000000000000000000000000000000000000000000000000000000000000000000000000000000000000000000000000000000000000000000000000000000000000000000000000
310
00000000000000000000000000000000000000000000000000000000000000000000000000000000000000000000000000000000000000000000000000000000000000000000000000000000000000000000000000000000000000000000000000000000000000000000000000000000000000000000000000000000000000
310
00000000000000000000000000000000000000000000000000000000000000000000000000000000000000000000000000000000000000000000000000000000000000000000000000000000000000000000000000000000000000000000000000000000000000000000000000000000000000000000000000000000000000
310
00000000000000000000000000000000000000000000000000000000000000000000000000000000000000000000000000000000000000000000000000000000000000000000000000000000000000000000000000000000000000000000000000000000000000000000000000000000000000000000000000000000000000
310
00000000000000000000000000000000000000000000000000000000000000000000000000000000000000000000000000000000000000000000000000000000000000000000000000000000000000000000000000000000000000000000000000000000000000000000000000000000000000000000000000000000000000
310
00000000000000000000000000000000000000000000000000000000000000000000000000000000000000000000000000000000000000000000000000000000000000000000000000000000000000000000000000000000000000000000000000000000000000000000000000000000000000000000000000000000000000
310
00000000000000000000000000000000000000000000000000000000000000000000000000000000000000000000000000000000000000000000000000000000000000000000000000000000000000000000000000000000000000000000000000000000000000000000000000000000000000000000000000000000000000
310
00000000000000000000000000000000000000000000000000000000000000000000000000000000000000000000000000000000000000000000000000000000000000000000000000000000000000000000000000000000000000000000000000000000000000000000000000000000000000000000000000000000000000
310
00000000000000000000000000000000000000000000000000000000000000000000000000000000000000000000000000000000000000000000000000000000000000000000000000000000000000000000000000000000000000000000000000000000000000000000000000000000000000000000000000000000000000
310
00000000000000000000000000000000000000000000000000000000000000000000000000000000000000000000000000000000000000000000000000000000000000000000000000000000000000000000000000000000000000000000000000000000000000000000000000000000000000000000000000000000000000
310
00000000000000000000000000000000000000000000000000000000000000000000000000000000000000000000000000000000000000000000000000000000000000000000000000000000000000000000000000000000000000000000000000000000000000000000000000000000000000000000000000000000000000
310
00000000000000000000000000000000000000000000000000000000000000000000000000000000000000000000000000000000000000000000000000000000000000000000000000000000000000000000000000000000000000000000000000000000000000000000000000000000000000000000000000000000000000
310
00000000000000000000000000000000000000000000000000000000000000000000000000000000000000000000000000000000000000000000000000000000000000000000000000000000000000000000000000000000000000000000000000000000000000000000000000000000000000000000000000000000000000
310
00000000000000000000000000000000000000000000000000000000000000000000000000000000000000000000000000000000000000000000000000000000000000000000000000000000000000000000000000000000000000000000000000000000000000000000000000000000000000000000000000000000000000
310
00000000000000000000000000000000000000000000000000000000000000000000000000000000000000000000000000000000000000000000000000000000000000000000000000000000000000000000000000000000000000000000000000000000000000000000000000000000000000000000000000000000000000
310
00000000000000000000000000000000000000000000000000000000000000000000000000000000000000000000000000000000000000000000000000000000000000000000000000000000000000000000000000000000000000000000000000000000000000000000000000000000000000000000000000000000000000
310
00000000000000000000000000000000000000000000000000000000000000000000000000000000000000000000000000000000000000000000000000000000000000000000000000000000000000000000000000000000000000000000000000000000000000000000000000000000000000000000000000000000000000
310
00000000000000000000000000000000000000000000000000000000000000000000000000000000000000000000000000000000000000000000000000000000000000000000000000000000000000000000000000000000000000000000000000000000000000000000000000000000000000000000000000000000000000
310
00000000000000000000000000000000000000000000000000000000000000000000000000000000000000000000000000000000000000000000000000000000000000000000000000000000000000000000000000000000000000000000000000000000000000000000000000000000000000000000000000000000000000
310
00000000000000000000000000000000000000000000000000000000000000000000000000000000000000000000000000000000000000000000000000000000000000000000000000000000000000000000000000000000000000000000000000000000000000000000000000000000000000000000000000000000000000
310
00000000000000000000000000000000000000000000000000000000000000000000000000000000000000000000000000000000000000000000000000000000000000000000000000000000000000000000000000000000000000000000000000000000000000000000000000000000000000000000000000000000000000
310
00000000000000000000000000000000000000000000000000000000000000000000000000000000000000000000000000000000000000000000000000000000000000000000000000000000000000000000000000000000000000000000000000000000000000000000000000000000000000000000000000000000000000
310
00000000000000000000000000000000000000000000000000000000000000000000000000000000000000000000000000000000000000000000000000000000000000000000000000000000000000000000000000000000000000000000000000000000000000000000000000000000000000000000000000000000000000
310
00000000000000000000000000000000000000000000000000000000000000000000000000000000000000000000000000000000000000000000000000000000000000000000000000000000000000000000000000000000000000000000000000000000000000000000000000000000000000000000000000000000000000
310
00000000000000000000000000000000000000000000000000000000000000000000000000000000000000000000000000000000000000000000000000000000000000000000000000000000000000000000000000000000000000000000000000000000000000000000000000000000000000000000000000000000000000
310
00000000000000000000000000000000000000000000000000000000000000000000000000000000000000000000000000000000000000000000000000000000000000000000000000000000000000000000000000000000000000000000000000000000000000000000000000000000000000000000000000000000000000
310
00000000000000000000000000000000000000000000000000000000000000000000000000000000000000000000000000000000000000000000000000000000000000000000000000000000000000000000000000000000000000000000000000000000000000000000000000000000000000000000000000000000000000
310
00000000000000000000000000000000000000000000000000000000000000000000000000000000000000000000000000000000000000000000000000000000000000000000000000000000000000000000000000000000000000000000000000000000000000000000000000000000000000000000000000000000000000
310
00000000000000000000000000000000000000000000000000000000000000000000000000000000000000000000000000000000000000000000000000000000000000000000000000000000000000000000000000000000000000000000000000000000000000000000000000000000000000000000000000000000000000
310
00000000000000000000000000000000000000000000000000000000000000000000000000000000000000000000000000000000000000000000000000000000000000000000000000000000000000000000000000000000000000000000000000000000000000000000000000000000000000000000000000000000000000
310
00000000000000000000000000000000000000000000000000000000000000000000000000000000000000000000000000000000000000000000000000000000000000000000000000000000000000000000000000000000000000000000000000000000000000000000000000000000000000000000000000000000000000
310
00000000000000000000000000000000000000000000000000000000000000000000000000000000000000000000000000000000000000000000000000000000000000000000000000000000000000000000000000000000000000000000000000000000000000000000000000000000000000000000000000000000000000
310
00000000000000000000000000000000000000000000000000000000000000000000000000000000000000000000000000000000000000000000000000000000000000000000000000000000000000000000000000000000000000000000000000000000000000000000000000000000000000000000000000000000000000
310
00000000000000000000000000000000000000000000000000000000000000000000000000000000000000000000000000000000000000000000000000000000000000000000000000000000000000000000000000000000000000000000000000000000000000000000000000000000000000000000000000000000000000
310
00000000000000000000000000000000000000000000000000000000000000000000000000000000000000000000000000000000000000000000000000000000000000000000000000000000000000000000000000000000000000000000000000000000000000000000000000000000000000000000000000000000000000
310
00000000000000000000000000000000000000000000000000000000000000000000000000000000000000000000000000000000000000000000000000000000000000000000000000000000000000000000000000000000000000000000000000000000000000000000000000000000000000000000000000000000000000
310
00000000000000000000000000000000000000000000000000000000000000000000000000000000000000000000000000000000000000000000000000000000000000000000000000000000000000000000000000000000000000000000000000000000000000000000000000000000000000000000000000000000000000
310
00000000000000000000000000000000000000000000000000000000000000000000000000000000000000000000000000000000000000000000000000000000000000000000000000000000000000000000000000000000000000000000000000000000000000000000000000000000000000000000000000000000000000
310
00000000000000000000000000000000000000000000000000000000000000000000000000000000000000000000000000000000000000000000000000000000000000000000000000000000000000000000000000000000000000000000000000000000000000000000000000000000000000000000000000000000000000
310
00000000000000000000000000000000000000000000000000000000000000000000000000000000000000000000000000000000000000000000000000000000000000000000000000000000000000000000000000000000000000000000000000000000000000000000000000000000000000000000000000000000000000
310
00000000000000000000000000000000000000000000000000000000000000000000000000000000000000000000000000000000000000000000000000000000000000000000000000000000000000000000000000000000000000000000000000000000000000000000000000000000000000000000000000000000000000
310
00000000000000000000000000000000000000000000000000000000000000000000000000000000000000000000000000000000000000000000000000000000000000000000000000000000000000000000000000000000000000000000000000000000000000000000000000000000000000000000000000000000000000
310
00000000000000000000000000000000000000000000000000000000000000000000000000000000000000000000000000000000000000000000000000000000000000000000000000000000000000000000000000000000000000000000000000000000000000000000000000000000000000000000000000000000000000
310
00000000000000000000000000000000000000000000000000000000000000000000000000000000000000000000000000000000000000000000000000000000000000000000000000000000000000000000000000000000000000000000000000000000000000000000000000000000000000000000000000000000000000
310
00000000000000000000000000000000000000000000000000000000000000000000000000000000000000000000000000000000000000000000000000000000000000000000000000000000000000000000000000000000000000000000000000000000000000000000000000000000000000000000000000000000000000
310
00000000000000000000000000000000000000000000000000000000000000000000000000000000000000000000000000000000000000000000000000000000000000000000000000000000000000000000000000000000000000000000000000000000000000000000000000000000000000000000000000000000000000
310
00000000000000000000000000000000000000000000000000000000000000000000000000000000000000000000000000000000000000000000000000000000000000000000000000000000000000000000000000000000000000000000000000000000000000000000000000000000000000000000000000000000000000
310
00000000000000000000000000000000000000000000000000000000000000000000000000000000000000000000000000000000000000000000000000000000000000000000000000000000000000000000000000000000000000000000000000000000000000000000000000000000000000000000000000000000000000
310
00000000000000000000000000000000000000000000000000000000000000000000000000000000000000000000000000000000000000000000000000000000000000000000000000000000000000000000000000000000000000000000000000000000000000000000000000000000000000000000000000000000000000
310
00000000000000000000000000000000000000000000000000000000000000000000000000000000000000000000000000000000000000000000000000000000000000000000000000000000000000000000000000000000000000000000000000000000000000000000000000000000000000000000000000000000000000
310
00000000000000000000000000000000000000000000000000000000000000000000000000000000000000000000000000000000000000000000000000000000000000000000000000000000000000000000000000000000000000000000000000000000000000000000000000000000000000000000000000000000000000
310
00000000000000000000000000000000000000000000000000000000000000000000000000000000000000000000000000000000000000000000000000000000000000000000000000000000000000000000000000000000000000000000000000000000000000000000000000000000000000000000000000000000000000
310
00000000000000000000000000000000000000000000000000000000000000000000000000000000000000000000000000000000000000000000000000000000000000000000000000000000000000000000000000000000000000000000000000000000000000000000000000000000000000000000000000000000000000
310
00000000000000000000000000000000000000000000000000000000000000000000000000000000000000000000000000000000000000000000000000000000000000000000000000000000000000000000000000000000000000000000000000000000000000000000000000000000000000000000000000000000000000
310
00000000000000000000000000000000000000000000000000000000000000000000000000000000000000000000000000000000000000000000000000000000000000000000000000000000000000000000000000000000000000000000000000000000000000000000000000000000000000000000000000000000000000
310
00000000000000000000000000000000000000000000000000000000000000000000000000000000000000000000000000000000000000000000000000000000000000000000000000000000000000000000000000000000000000000000000000000000000000000000000000000000000000000000000000000000000000
310
00000000000000000000000000000000000000000000000000000000000000000000000000000000000000000000000000000000000000000000000000000000000000000000000000000000000000000000000000000000000000000000000000000000000000000000000000000000000000000000000000000000000000
310
00000000000000000000000000000000000000000000000000000000000000000000000000000000000000000000000000000000000000000000000000000000000000000000000000000000000000000000000000000000000000000000000000000000000000000000000000000000000000000000000000000000000000
310
00000000000000000000000000000000000000000000000000000000000000000000000000000000000000000000000000000000000000000000000000000000000000000000000000000000000000000000000000000000000000000000000000000000000000000000000000000000000000000000000000000000000000
310
00000000000000000000000000000000000000000000000000000000000000000000000000000000000000000000000000000000000000000000000000000000000000000000000000000000000000000000000000000000000000000000000000000000000000000000000000000000000000000000000000000000000000
310
00000000000000000000000000000000000000000000000000000000000000000000000000000000000000000000000000000000000000000000000000000000000000000000000000000000000000000000000000000000000000000000000000000000000000000000000000000000000000000000000000000000000000
310
00000000000000000000000000000000000000000000000000000000000000000000000000000000000000000000000000000000000000000000000000000000000000000000000000000000000000000000000000000000000000000000000000000000000000000000000000000000000000000000000000000000000000
310
00000000000000000000000000000000000000000000000000000000000000000000000000000000000000000000000000000000000000000000000000000000000000000000000000000000000000000000000000000000000000000000000000000000000000000000000000000000000000000000000000000000000000
310
00000000000000000000000000000000000000000000000000000000000000000000000000000000000000000000000000000000000000000000000000000000000000000000000000000000000000000000000000000000000000000000000000000000000000000000000000000000000000000000000000000000000000
310
00000000000000000000000000000000000000000000000000000000000000000000000000000000000000000000000000000000000000000000000000000000000000000000000000000000000000000000000000000000000000000000000000000000000000000000000000000000000000000000000000000000000000
310
00000000000000000000000000000000000000000000000000000000000000000000000000000000000000000000000000000000000000000000000000000000000000000000000000000000000000000000000000000000000000000000000000000000000000000000000000000000000000000000000000000000000000
310
00000000000000000000000000000000000000000000000000000000000000000000000000000000000000000000000000000000000000000000000000000000000000000000000000000000000000000000000000000000000000000000000000000000000000000000000000000000000000000000000000000000000000
310
00000000000000000000000000000000000000000000000000000000000000000000000000000000000000000000000000000000000000000000000000000000000000000000000000000000000000000000000000000000000000000000000000000000000000000000000000000000000000000000000000000000000000
310
00000000000000000000000000000000000000000000000000000000000000000000000000000000000000000000000000000000000000000000000000000000000000000000000000000000000000000000000000000000000000000000000000000000000000000000000000000000000000000000000000000000000000
310
00000000000000000000000000000000000000000000000000000000000000000000000000000000000000000000000000000000000000000000000000000000000000000000000000000000000000000000000000000000000000000000000000000000000000000000000000000000000000000000000000000000000000
310
00000000000000000000000000000000000000000000000000000000000000000000000000000000000000000000000000000000000000000000000000000000000000000000000000000000000000000000000000000000000000000000000000000000000000000000000000000000000000000000000000000000000000
310
00000000000000000000000000000000000000000000000000000000000000000000000000000000000000000000000000000000000000000000000000000000000000000000000000000000000000000000000000000000000000000000000000000000000000000000000000000000000000000000000000000000000000
310
00000000000000000000000000000000000000000000000000000000000000000000000000000000000000000000000000000000000000000000000000000000000000000000000000000000000000000000000000000000000000000000000000000000000000000000000000000000000000000000000000000000000000
310
00000000000000000000000000000000000000000000000000000000000000000000000000000000000000000000000000000000000000000000000000000000000000000000000000000000000000000000000000000000000000000000000000000000000000000000000000000000000000000000000000000000000000
310
00000000000000000000000000000000000000000000000000000000000000000000000000000000000000000000000000000000000000000000000000000000000000000000000000000000000000000000000000000000000000000000000000000000000000000000000000000000000000000000000000000000000000
310
00000000000000000000000000000000000000000000000000000000000000000000000000000000000000000000000000000000000000000000000000000000000000000000000000000000000000000000000000000000000000000000000000000000000000000000000000000000000000000000000000000000000000
310
00000000000000000000000000000000000000000000000000000000000000000000000000000000000000000000000000000000000000000000000000000000000000000000000000000000000000000000000000000000000000000000000000000000000000000000000000000000000000000000000000000000000000
310
00000000000000000000000000000000000000000000000000000000000000000000000000000000000000000000000000000000000000000000000000000000000000000000000000000000000000000000000000000000000000000000000000000000000000000000000000000000000000000000000000000000000000
310
00000000000000000000000000000000000000000000000000000000000000000000000000000000000000000000000000000000000000000000000000000000000000000000000000000000000000000000000000000000000000000000000000000000000000000000000000000000000000000000000000000000000000
310
00000000000000000000000000000000000000000000000000000000000000000000000000000000000000000000000000000000000000000000000000000000000000000000000000000000000000000000000000000000000000000000000000000000000000000000000000000000000000000000000000000000000000
310
00000000000000000000000000000000000000000000000000000000000000000000000000000000000000000000000000000000000000000000000000000000000000000000000000000000000000000000000000000000000000000000000000000000000000000000000000000000000000000000000000000000000000
310
00000000000000000000000000000000000000000000000000000000000000000000000000000000000000000000000000000000000000000000000000000000000000000000000000000000000000000000000000000000000000000000000000000000000000000000000000000000000000000000000000000000000000
310
00000000000000000000000000000000000000000000000000000000000000000000000000000000000000000000000000000000000000000000000000000000000000000000000000000000000000000000000000000000000000000000000000000000000000000000000000000000000000000000000000000000000000
310
00000000000000000000000000000000000000000000000000000000000000000000000000000000000000000000000000000000000000000000000000000000000000000000000000000000000000000000000000000000000000000000000000000000000000000000000000000000000000000000000000000000000000
310
00000000000000000000000000000000000000000000000000000000000000000000000000000000000000000000000000000000000000000000000000000000000000000000000000000000000000000000000000000000000000000000000000000000000000000000000000000000000000000000000000000000000000
310
00000000000000000000000000000000000000000000000000000000000000000000000000000000000000000000000000000000000000000000000000000000000000000000000000000000000000000000000000000000000000000000000000000000000000000000000000000000000000000000000000000000000000
310
00000000000000000000000000000000000000000000000000000000000000000000000000000000000000000000000000000000000000000000000000000000000000000000000000000000000000000000000000000000000000000000000000000000000000000000000000000000000000000000000000000000000000
310
00000000000000000000000000000000000000000000000000000000000000000000000000000000000000000000000000000000000000000000000000000000000000000000000000000000000000000000000000000000000000000000000000000000000000000000000000000000000000000000000000000000000000
310
00000000000000000000000000000000000000000000000000000000000000000000000000000000000000000000000000000000000000000000000000000000000000000000000000000000000000000000000000000000000000000000000000000000000000000000000000000000000000000000000000000000000000
310
00000000000000000000000000000000000000000000000000000000000000000000000000000000000000000000000000000000000000000000000000000000000000000000000000000000000000000000000000000000000000000000000000000000000000000000000000000000000000000000000000000000000000
310
00000000000000000000000000000000000000000000000000000000000000000000000000000000000000000000000000000000000000000000000000000000000000000000000000000000000000000000000000000000000000000000000000000000000000000000000000000000000000000000000000000000000000
310
00000000000000000000000000000000000000000000000000000000000000000000000000000000000000000000000000000000000000000000000000000000000000000000000000000000000000000000000000000000000000000000000000000000000000000000000000000000000000000000000000000000000000
310
00000000000000000000000000000000000000000000000000000000000000000000000000000000000000000000000000000000000000000000000000000000000000000000000000000000000000000000000000000000000000000000000000000000000000000000000000000000000000000000000000000000000000
310
00000000000000000000000000000000000000000000000000000000000000000000000000000000000000000000000000000000000000000000000000000000000000000000000000000000000000000000000000000000000000000000000000000000000000000000000000000000000000000000000000000000000000
310
00000000000000000000000000000000000000000000000000000000000000000000000000000000000000000000000000000000000000000000000000000000000000000000000000000000000000000000000000000000000000000000000000000000000000000000000000000000000000000000000000000000000000
310
00000000000000000000000000000000000000000000000000000000000000000000000000000000000000000000000000000000000000000000000000000000000000000000000000000000000000000000000000000000000000000000000000000000000000000000000000000000000000000000000000000000000000
310
00000000000000000000000000000000000000000000000000000000000000000000000000000000000000000000000000000000000000000000000000000000000000000000000000000000000000000000000000000000000000000000000000000000000000000000000000000000000000000000000000000000000000
310
00000000000000000000000000000000000000000000000000000000000000000000000000000000000000000000000000000000000000000000000000000000000000000000000000000000000000000000000000000000000000000000000000000000000000000000000000000000000000000000000000000000000000
310
00000000000000000000000000000000000000000000000000000000000000000000000000000000000000000000000000000000000000000000000000000000000000000000000000000000000000000000000000000000000000000000000000000000000000000000000000000000000000000000000000000000000000
310
00000000000000000000000000000000000000000000000000000000000000000000000000000000000000000000000000000000000000000000000000000000000000000000000000000000000000000000000000000000000000000000000000000000000000000000000000000000000000000000000000000000000000
310
00000000000000000000000000000000000000000000000000000000000000000000000000000000000000000000000000000000000000000000000000000000000000000000000000000000000000000000000000000000000000000000000000000000000000000000000000000000000000000000000000000000000000
310
00000000000000000000000000000000000000000000000000000000000000000000000000000000000000000000000000000000000000000000000000000000000000000000000000000000000000000000000000000000000000000000000000000000000000000000000000000000000000000000000000000000000000
310
00000000000000000000000000000000000000000000000000000000000000000000000000000000000000000000000000000000000000000000000000000000000000000000000000000000000000000000000000000000000000000000000000000000000000000000000000000000000000000000000000000000000000
310
00000000000000000000000000000000000000000000000000000000000000000000000000000000000000000000000000000000000000000000000000000000000000000000000000000000000000000000000000000000000000000000000000000000000000000000000000000000000000000000000000000000000000
310
00000000000000000000000000000000000000000000000000000000000000000000000000000000000000000000000000000000000000000000000000000000000000000000000000000000000000000000000000000000000000000000000000000000000000000000000000000000000000000000000000000000000000
310
00000000000000000000000000000000000000000000000000000000000000000000000000000000000000000000000000000000000000000000000000000000000000000000000000000000000000000000000000000000000000000000000000000000000000000000000000000000000000000000000000000000000000
310
00000000000000000000000000000000000000000000000000000000000000000000000000000000000000000000000000000000000000000000000000000000000000000000000000000000000000000000000000000000000000000000000000000000000000000000000000000000000000000000000000000000000000
310
00000000000000000000000000000000000000000000000000000000000000000000000000000000000000000000000000000000000000000000000000000000000000000000000000000000000000000000000000000000000000000000000000000000000000000000000000000000000000000000000000000000000000
310
00000000000000000000000000000000000000000000000000000000000000000000000000000000000000000000000000000000000000000000000000000000000000000000000000000000000000000000000000000000000000000000000000000000000000000000000000000000000000000000000000000000000000
310
00000000000000000000000000000000000000000000000000000000000000000000000000000000000000000000000000000000000000000000000000000000000000000000000000000000000000000000000000000000000000000000000000000000000000000000000000000000000000000000000000000000000000
310
00000000000000000000000000000000000000000000000000000000000000000000000000000000000000000000000000000000000000000000000000000000000000000000000000000000000000000000000000000000000000000000000000000000000000000000000000000000000000000000000000000000000000
310
00000000000000000000000000000000000000000000000000000000000000000000000000000000000000000000000000000000000000000000000000000000000000000000000000000000000000000000000000000000000000000000000000000000000000000000000000000000000000000000000000000000000000
310
00000000000000000000000000000000000000000000000000000000000000000000000000000000000000000000000000000000000000000000000000000000000000000000000000000000000000000000000000000000000000000000000000000000000000000000000000000000000000000000000000000000000000
310
00000000000000000000000000000000000000000000000000000000000000000000000000000000000000000000000000000000000000000000000000000000000000000000000000000000000000000000000000000000000000000000000000000000000000000000000000000000000000000000000000000000000000
310
00000000000000000000000000000000000000000000000000000000000000000000000000000000000000000000000000000000000000000000000000000000000000000000000000000000000000000000000000000000000000000000000000000000000000000000000000000000000000000000000000000000000000
310
00000000000000000000000000000000000000000000000000000000000000000000000000000000000000000000000000000000000000000000000000000000000000000000000000000000000000000000000000000000000000000000000000000000000000000000000000000000000000000000000000000000000000
310
00000000000000000000000000000000000000000000000000000000000000000000000000000000000000000000000000000000000000000000000000000000000000000000000000000000000000000000000000000000000000000000000000000000000000000000000000000000000000000000000000000000000000
310
00000000000000000000000000000000000000000000000000000000000000000000000000000000000000000000000000000000000000000000000000000000000000000000000000000000000000000000000000000000000000000000000000000000000000000000000000000000000000000000000000000000000000
310
00000000000000000000000000000000000000000000000000000000000000000000000000000000000000000000000000000000000000000000000000000000000000000000000000000000000000000000000000000000000000000000000000000000000000000000000000000000000000000000000000000000000000
310
00000000000000000000000000000000000000000000000000000000000000000000000000000000000000000000000000000000000000000000000000000000000000000000000000000000000000000000000000000000000000000000000000000000000000000000000000000000000000000000000000000000000000
310
00000000000000000000000000000000000000000000000000000000000000000000000000000000000000000000000000000000000000000000000000000000000000000000000000000000000000000000000000000000000000000000000000000000000000000000000000000000000000000000000000000000000000
310
00000000000000000000000000000000000000000000000000000000000000000000000000000000000000000000000000000000000000000000000000000000000000000000000000000000000000000000000000000000000000000000000000000000000000000000000000000000000000000000000000000000000000
310
00000000000000000000000000000000000000000000000000000000000000000000000000000000000000000000000000000000000000000000000000000000000000000000000000000000000000000000000000000000000000000000000000000000000000000000000000000000000000000000000000000000000000
310
00000000000000000000000000000000000000000000000000000000000000000000000000000000000000000000000000000000000000000000000000000000000000000000000000000000000000000000000000000000000000000000000000000000000000000000000000000000000000000000000000000000000000
310
00000000000000000000000000000000000000000000000000000000000000000000000000000000000000000000000000000000000000000000000000000000000000000000000000000000000000000000000000000000000000000000000000000000000000000000000000000000000000000000000000000000000000
310
00000000000000000000000000000000000000000000000000000000000000000000000000000000000000000000000000000000000000000000000000000000000000000000000000000000000000000000000000000000000000000000000000000000000000000000000000000000000000000000000000000000000000
310
00000000000000000000000000000000000000000000000000000000000000000000000000000000000000000000000000000000000000000000000000000000000000000000000000000000000000000000000000000000000000000000000000000000000000000000000000000000000000000000000000000000000000
310
00000000000000000000000000000000000000000000000000000000000000000000000000000000000000000000000000000000000000000000000000000000000000000000000000000000000000000000000000000000000000000000000000000000000000000000000000000000000000000000000000000000000000
310
00000000000000000000000000000000000000000000000000000000000000000000000000000000000000000000000000000000000000000000000000000000000000000000000000000000000000000000000000000000000000000000000000000000000000000000000000000000000000000000000000000000000000
310
00000000000000000000000000000000000000000000000000000000000000000000000000000000000000000000000000000000000000000000000000000000000000000000000000000000000000000000000000000000000000000000000000000000000000000000000000000000000000000000000000000000000000
310
00000000000000000000000000000000000000000000000000000000000000000000000000000000000000000000000000000000000000000000000000000000000000000000000000000000000000000000000000000000000000000000000000000000000000000000000000000000000000000000000000000000000000
310
00000000000000000000000000000000000000000000000000000000000000000000000000000000000000000000000000000000000000000000000000000000000000000000000000000000000000000000000000000000000000000000000000000000000000000000000000000000000000000000000000000000000000
310
00000000000000000000000000000000000000000000000000000000000000000000000000000000000000000000000000000000000000000000000000000000000000000000000000000000000000000000000000000000000000000000000000000000000000000000000000000000000000000000000000000000000000
310
00000000000000000000000000000000000000000000000000000000000000000000000000000000000000000000000000000000000000000000000000000000000000000000000000000000000000000000000000000000000000000000000000000000000000000000000000000000000000000000000000000000000000
310
00000000000000000000000000000000000000000000000000000000000000000000000000000000000000000000000000000000000000000000000000000000000000000000000000000000000000000000000000000000000000000000000000000000000000000000000000000000000000000000000000000000000000
310
00000000000000000000000000000000000000000000000000000000000000000000000000000000000000000000000000000000000000000000000000000000000000000000000000000000000000000000000000000000000000000000000000000000000000000000000000000000000000000000000000000000000000
310
00000000000000000000000000000000000000000000000000000000000000000000000000000000000000000000000000000000000000000000000000000000000000000000000000000000000000000000000000000000000000000000000000000000000000000000000000000000000000000000000000000000000000
310
00000000000000000000000000000000000000000000000000000000000000000000000000000000000000000000000000000000000000000000000000000000000000000000000000000000000000000000000000000000000000000000000000000000000000000000000000000000000000000000000000000000000000
310
00000000000000000000000000000000000000000000000000000000000000000000000000000000000000000000000000000000000000000000000000000000000000000000000000000000000000000000000000000000000000000000000000000000000000000000000000000000000000000000000000000000000000
310
00000000000000000000000000000000000000000000000000000000000000000000000000000000000000000000000000000000000000000000000000000000000000000000000000000000000000000000000000000000000000000000000000000000000000000000000000000000000000000000000000000000000000
310
00000000000000000000000000000000000000000000000000000000000000000000000000000000000000000000000000000000000000000000000000000000000000000000000000000000000000000000000000000000000000000000000000000000000000000000000000000000000000000000000000000000000000
310
00000000000000000000000000000000000000000000000000000000000000000000000000000000000000000000000000000000000000000000000000000000000000000000000000000000000000000000000000000000000000000000000000000000000000000000000000000000000000000000000000000000000000
310
00000000000000000000000000000000000000000000000000000000000000000000000000000000000000000000000000000000000000000000000000000000000000000000000000000000000000000000000000000000000000000000000000000000000000000000000000000000000000000000000000000000000000
310
00000000000000000000000000000000000000000000000000000000000000000000000000000000000000000000000000000000000000000000000000000000000000000000000000000000000000000000000000000000000000000000000000000000000000000000000000000000000000000000000000000000000000
310
00000000000000000000000000000000000000000000000000000000000000000000000000000000000000000000000000000000000000000000000000000000000000000000000000000000000000000000000000000000000000000000000000000000000000000000000000000000000000000000000000000000000000
310
00000000000000000000000000000000000000000000000000000000000000000000000000000000000000000000000000000000000000000000000000000000000000000000000000000000000000000000000000000000000000000000000000000000000000000000000000000000000000000000000000000000000000
310
00000000000000000000000000000000000000000000000000000000000000000000000000000000000000000000000000000000000000000000000000000000000000000000000000000000000000000000000000000000000000000000000000000000000000000000000000000000000000000000000000000000000000
310
00000000000000000000000000000000000000000000000000000000000000000000000000000000000000000000000000000000000000000000000000000000000000000000000000000000000000000000000000000000000000000000000000000000000000000000000000000000000000000000000000000000000000
310
00000000000000000000000000000000000000000000000000000000000000000000000000000000000000000000000000000000000000000000000000000000000000000000000000000000000000000000000000000000000000000000000000000000000000000000000000000000000000000000000000000000000000
310
00000000000000000000000000000000000000000000000000000000000000000000000000000000000000000000000000000000000000000000000000000000000000000000000000000000000000000000000000000000000000000000000000000000000000000000000000000000000000000000000000000000000000
310
00000000000000000000000000000000000000000000000000000000000000000000000000000000000000000000000000000000000000000000000000000000000000000000000000000000000000000000000000000000000000000000000000000000000000000000000000000000000000000000000000000000000000
310
00000000000000000000000000000000000000000000000000000000000000000000000000000000000000000000000000000000000000000000000000000000000000000000000000000000000000000000000000000000000000000000000000000000000000000000000000000000000000000000000000000000000000
310
00000000000000000000000000000000000000000000000000000000000000000000000000000000000000000000000000000000000000000000000000000000000000000000000000000000000000000000000000000000000000000000000000000000000000000000000000000000000000000000000000000000000000
310
00000000000000000000000000000000000000000000000000000000000000000000000000000000000000000000000000000000000000000000000000000000000000000000000000000000000000000000000000000000000000000000000000000000000000000000000000000000000000000000000000000000000000
310
00000000000000000000000000000000000000000000000000000000000000000000000000000000000000000000000000000000000000000000000000000000000000000000000000000000000000000000000000000000000000000000000000000000000000000000000000000000000000000000000000000000000000
310
00000000000000000000000000000000000000000000000000000000000000000000000000000000000000000000000000000000000000000000000000000000000000000000000000000000000000000000000000000000000000000000000000000000000000000000000000000000000000000000000000000000000000
310
00000000000000000000000000000000000000000000000000000000000000000000000000000000000000000000000000000000000000000000000000000000000000000000000000000000000000000000000000000000000000000000000000000000000000000000000000000000000000000000000000000000000000
310
00000000000000000000000000000000000000000000000000000000000000000000000000000000000000000000000000000000000000000000000000000000000000000000000000000000000000000000000000000000000000000000000000000000000000000000000000000000000000000000000000000000000000
310
00000000000000000000000000000000000000000000000000000000000000000000000000000000000000000000000000000000000000000000000000000000000000000000000000000000000000000000000000000000000000000000000000000000000000000000000000000000000000000000000000000000000000
310
00000000000000000000000000000000000000000000000000000000000000000000000000000000000000000000000000000000000000000000000000000000000000000000000000000000000000000000000000000000000000000000000000000000000000000000000000000000000000000000000000000000000000
310
00000000000000000000000000000000000000000000000000000000000000000000000000000000000000000000000000000000000000000000000000000000000000000000000000000000000000000000000000000000000000000000000000000000000000000000000000000000000000000000000000000000000000
310
00000000000000000000000000000000000000000000000000000000000000000000000000000000000000000000000000000000000000000000000000000000000000000000000000000000000000000000000000000000000000000000000000000000000000000000000000000000000000000000000000000000000000
310
00000000000000000000000000000000000000000000000000000000000000000000000000000000000000000000000000000000000000000000000000000000000000000000000000000000000000000000000000000000000000000000000000000000000000000000000000000000000000000000000000000000000000
310
00000000000000000000000000000000000000000000000000000000000000000000000000000000000000000000000000000000000000000000000000000000000000000000000000000000000000000000000000000000000000000000000000000000000000000000000000000000000000000000000000000000000000
310
00000000000000000000000000000000000000000000000000000000000000000000000000000000000000000000000000000000000000000000000000000000000000000000000000000000000000000000000000000000000000000000000000000000000000000000000000000000000000000000000000000000000000
310
00000000000000000000000000000000000000000000000000000000000000000000000000000000000000000000000000000000000000000000000000000000000000000000000000000000000000000000000000000000000000000000000000000000000000000000000000000000000000000000000000000000000000
310
00000000000000000000000000000000000000000000000000000000000000000000000000000000000000000000000000000000000000000000000000000000000000000000000000000000000000000000000000000000000000000000000000000000000000000000000000000000000000000000000000000000000000
310
00000000000000000000000000000000000000000000000000000000000000000000000000000000000000000000000000000000000000000000000000000000000000000000000000000000000000000000000000000000000000000000000000000000000000000000000000000000000000000000000000000000000000
310
00000000000000000000000000000000000000000000000000000000000000000000000000000000000000000000000000000000000000000000000000000000000000000000000000000000000000000000000000000000000000000000000000000000000000000000000000000000000000000000000000000000000000
310
00000000000000000000000000000000000000000000000000000000000000000000000000000000000000000000000000000000000000000000000000000000000000000000000000000000000000000000000000000000000000000000000000000000000000000000000000000000000000000000000000000000000000
310
00000000000000000000000000000000000000000000000000000000000000000000000000000000000000000000000000000000000000000000000000000000000000000000000000000000000000000000000000000000000000000000000000000000000000000000000000000000000000000000000000000000000000
310
00000000000000000000000000000000000000000000000000000000000000000000000000000000000000000000000000000000000000000000000000000000000000000000000000000000000000000000000000000000000000000000000000000000000000000000000000000000000000000000000000000000000000
310
00000000000000000000000000000000000000000000000000000000000000000000000000000000000000000000000000000000000000000000000000000000000000000000000000000000000000000000000000000000000000000000000000000000000000000000000000000000000000000000000000000000000000
310
00000000000000000000000000000000000000000000000000000000000000000000000000000000000000000000000000000000000000000000000000000000000000000000000000000000000000000000000000000000000000000000000000000000000000000000000000000000000000000000000000000000000000
310
00000000000000000000000000000000000000000000000000000000000000000000000000000000000000000000000000000000000000000000000000000000000000000000000000000000000000000000000000000000000000000000000000000000000000000000000000000000000000000000000000000000000000
310
00000000000000000000000000000000000000000000000000000000000000000000000000000000000000000000000000000000000000000000000000000000000000000000000000000000000000000000000000000000000000000000000000000000000000000000000000000000000000000000000000000000000000
310
00000000000000000000000000000000000000000000000000000000000000000000000000000000000000000000000000000000000000000000000000000000000000000000000000000000000000000000000000000000000000000000000000000000000000000000000000000000000000000000000000000000000000
310
00000000000000000000000000000000000000000000000000000000000000000000000000000000000000000000000000000000000000000000000000000000000000000000000000000000000000000000000000000000000000000000000000000000000000000000000000000000000000000000000000000000000000
310
00000000000000000000000000000000000000000000000000000000000000000000000000000000000000000000000000000000000000000000000000000000000000000000000000000000000000000000000000000000000000000000000000000000000000000000000000000000000000000000000000000000000000
310
00000000000000000000000000000000000000000000000000000000000000000000000000000000000000000000000000000000000000000000000000000000000000000000000000000000000000000000000000000000000000000000000000000000000000000000000000000000000000000000000000000000000000
310
00000000000000000000000000000000000000000000000000000000000000000000000000000000000000000000000000000000000000000000000000000000000000000000000000000000000000000000000000000000000000000000000000000000000000000000000000000000000000000000000000000000000000
310
00000000000000000000000000000000000000000000000000000000000000000000000000000000000000000000000000000000000000000000000000000000000000000000000000000000000000000000000000000000000000000000000000000000000000000000000000000000000000000000000000000000000000
310
00000000000000000000000000000000000000000000000000000000000000000000000000000000000000000000000000000000000000000000000000000000000000000000000000000000000000000000000000000000000000000000000000000000000000000000000000000000000000000000000000000000000000
310
00000000000000000000000000000000000000000000000000000000000000000000000000000000000000000000000000000000000000000000000000000000000000000000000000000000000000000000000000000000000000000000000000000000000000000000000000000000000000000000000000000000000000
310
00000000000000000000000000000000000000000000000000000000000000000000000000000000000000000000000000000000000000000000000000000000000000000000000000000000000000000000000000000000000000000000000000000000000000000000000000000000000000000000000000000000000000
310
00000000000000000000000000000000000000000000000000000000000000000000000000000000000000000000000000000000000000000000000000000000000000000000000000000000000000000000000000000000000000000000000000000000000000000000000000000000000000000000000000000000000000
310
00000000000000000000000000000000000000000000000000000000000000000000000000000000000000000000000000000000000000000000000000000000000000000000000000000000000000000000000000000000000000000000000000000000000000000000000000000000000000000000000000000000000000
310
00000000000000000000000000000000000000000000000000000000000000000000000000000000000000000000000000000000000000000000000000000000000000000000000000000000000000000000000000000000000000000000000000000000000000000000000000000000000000000000000000000000000000
310
00000000000000000000000000000000000000000000000000000000000000000000000000000000000000000000000000000000000000000000000000000000000000000000000000000000000000000000000000000000000000000000000000000000000000000000000000000000000000000000000000000000000000
310
00000000000000000000000000000000000000000000000000000000000000000000000000000000000000000000000000000000000000000000000000000000000000000000000000000000000000000000000000000000000000000000000000000000000000000000000000000000000000000000000000000000000000
310
00000000000000000000000000000000000000000000000000000000000000000000000000000000000000000000000000000000000000000000000000000000000000000000000000000000000000000000000000000000000000000000000000000000000000000000000000000000000000000000000000000000000000
310
00000000000000000000000000000000000000000000000000000000000000000000000000000000000000000000000000000000000000000000000000000000000000000000000000000000000000000000000000000000000000000000000000000000000000000000000000000000000000000000000000000000000000
310
00000000000000000000000000000000000000000000000000000000000000000000000000000000000000000000000000000000000000000000000000000000000000000000000000000000000000000000000000000000000000000000000000000000000000000000000000000000000000000000000000000000000000
310
00000000000000000000000000000000000000000000000000000000000000000000000000000000000000000000000000000000000000000000000000000000000000000000000000000000000000000000000000000000000000000000000000000000000000000000000000000000000000000000000000000000000000
310
00000000000000000000000000000000000000000000000000000000000000000000000000000000000000000000000000000000000000000000000000000000000000000000000000000000000000000000000000000000000000000000000000000000000000000000000000000000000000000000000000000000000000
310
00000000000000000000000000000000000000000000000000000000000000000000000000000000000000000000000000000000000000000000000000000000000000000000000000000000000000000000000000000000000000000000000000000000000000000000000000000000000000000000000000000000000000
310
00000000000000000000000000000000000000000000000000000000000000000000000000000000000000000000000000000000000000000000000000000000000000000000000000000000000000000000000000000000000000000000000000000000000000000000000000000000000000000000000000000000000000
310
00000000000000000000000000000000000000000000000000000000000000000000000000000000000000000000000000000000000000000000000000000000000000000000000000000000000000000000000000000000000000000000000000000000000000000000000000000000000000000000000000000000000000
310
00000000000000000000000000000000000000000000000000000000000000000000000000000000000000000000000000000000000000000000000000000000000000000000000000000000000000000000000000000000000000000000000000000000000000000000000000000000000000000000000000000000000000
310
00000000000000000000000000000000000000000000000000000000000000000000000000000000000000000000000000000000000000000000000000000000000000000000000000000000000000000000000000000000000000000000000000000000000000000000000000000000000000000000000000000000000000
310
00000000000000000000000000000000000000000000000000000000000000000000000000000000000000000000000000000000000000000000000000000000000000000000000000000000000000000000000000000000000000000000000000000000000000000000000000000000000000000000000000000000000000
310
00000000000000000000000000000000000000000000000000000000000000000000000000000000000000000000000000000000000000000000000000000000000000000000000000000000000000000000000000000000000000000000000000000000000000000000000000000000000000000000000000000000000000
310
00000000000000000000000000000000000000000000000000000000000000000000000000000000000000000000000000000000000000000000000000000000000000000000000000000000000000000000000000000000000000000000000000000000000000000000000000000000000000000000000000000000000000
310
00000000000000000000000000000000000000000000000000000000000000000000000000000000000000000000000000000000000000000000000000000000000000000000000000000000000000000000000000000000000000000000000000000000000000000000000000000000000000000000000000000000000000
310
00000000000000000000000000000000000000000000000000000000000000000000000000000000000000000000000000000000000000000000000000000000000000000000000000000000000000000000000000000000000000000000000000000000000000000000000000000000000000000000000000000000000000
310
00000000000000000000000000000000000000000000000000000000000000000000000000000000000000000000000000000000000000000000000000000000000000000000000000000000000000000000000000000000000000000000000000000000000000000000000000000000000000000000000000000000000000
310
00000000000000000000000000000000000000000000000000000000000000000000000000000000000000000000000000000000000000000000000000000000000000000000000000000000000000000000000000000000000000000000000000000000000000000000000000000000000000000000000000000000000000
310
00000000000000000000000000000000000000000000000000000000000000000000000000000000000000000000000000000000000000000000000000000000000000000000000000000000000000000000000000000000000000000000000000000000000000000000000000000000000000000000000000000000000000
310
00000000000000000000000000000000000000000000000000000000000000000000000000000000000000000000000000000000000000000000000000000000000000000000000000000000000000000000000000000000000000000000000000000000000000000000000000000000000000000000000000000000000000
310
00000000000000000000000000000000000000000000000000000000000000000000000000000000000000000000000000000000000000000000000000000000000000000000000000000000000000000000000000000000000000000000000000000000000000000000000000000000000000000000000000000000000000
310
00000000000000000000000000000000000000000000000000000000000000000000000000000000000000000000000000000000000000000000000000000000000000000000000000000000000000000000000000000000000000000000000000000000000000000000000000000000000000000000000000000000000000
310
00000000000000000000000000000000000000000000000000000000000000000000000000000000000000000000000000000000000000000000000000000000000000000000000000000000000000000000000000000000000000000000000000000000000000000000000000000000000000000000000000000000000000
310
00000000000000000000000000000000000000000000000000000000000000000000000000000000000000000000000000000000000000000000000000000000000000000000000000000000000000000000000000000000000000000000000000000000000000000000000000000000000000000000000000000000000000
310
00000000000000000000000000000000000000000000000000000000000000000000000000000000000000000000000000000000000000000000000000000000000000000000000000000000000000000000000000000000000000000000000000000000000000000000000000000000000000000000000000000000000000
310
00000000000000000000000000000000000000000000000000000000000000000000000000000000000000000000000000000000000000000000000000000000000000000000000000000000000000000000000000000000000000000000000000000000000000000000000000000000000000000000000000000000000000
310
00000000000000000000000000000000000000000000000000000000000000000000000000000000000000000000000000000000000000000000000000000000000000000000000000000000000000000000000000000000000000000000000000000000000000000000000000000000000000000000000000000000000000
310
00000000000000000000000000000000000000000000000000000000000000000000000000000000000000000000000000000000000000000000000000000000000000000000000000000000000000000000000000000000000000000000000000000000000000000000000000000000000000000000000000000000000000
310
00000000000000000000000000000000000000000000000000000000000000000000000000000000000000000000000000000000000000000000000000000000000000000000000000000000000000000000000000000000000000000000000000000000000000000000000000000000000000000000000000000000000000
310
00000000000000000000000000000000000000000000000000000000000000000000000000000000000000000000000000000000000000000000000000000000000000000000000000000000000000000000000000000000000000000000000000000000000000000000000000000000000000000000000000000000000000
310
00000000000000000000000000000000000000000000000000000000000000000000000000000000000000000000000000000000000000000000000000000000000000000000000000000000000000000000000000000000000000000000000000000000000000000000000000000000000000000000000000000000000000
310
00000000000000000000000000000000000000000000000000000000000000000000000000000000000000000000000000000000000000000000000000000000000000000000000000000000000000000000000000000000000000000000000000000000000000000000000000000000000000000000000000000000000000
310
00000000000000000000000000000000000000000000000000000000000000000000000000000000000000000000000000000000000000000000000000000000000000000000000000000000000000000000000000000000000000000000000000000000000000000000000000000000000000000000000000000000000000
310
00000000000000000000000000000000000000000000000000000000000000000000000000000000000000000000000000000000000000000000000000000000000000000000000000000000000000000000000000000000000000000000000000000000000000000000000000000000000000000000000000000000000000
310
00000000000000000000000000000000000000000000000000000000000000000000000000000000000000000000000000000000000000000000000000000000000000000000000000000000000000000000000000000000000000000000000000000000000000000000000000000000000000000000000000000000000000
310
00000000000000000000000000000000000000000000000000000000000000000000000000000000000000000000000000000000000000000000000000000000000000000000000000000000000000000000000000000000000000000000000000000000000000000000000000000000000000000000000000000000000000
310
00000000000000000000000000000000000000000000000000000000000000000000000000000000000000000000000000000000000000000000000000000000000000000000000000000000000000000000000000000000000000000000000000000000000000000000000000000000000000000000000000000000000000
310
00000000000000000000000000000000000000000000000000000000000000000000000000000000000000000000000000000000000000000000000000000000000000000000000000000000000000000000000000000000000000000000000000000000000000000000000000000000000000000000000000000000000000
310
00000000000000000000000000000000000000000000000000000000000000000000000000000000000000000000000000000000000000000000000000000000000000000000000000000000000000000000000000000000000000000000000000000000000000000000000000000000000000000000000000000000000000
310
00000000000000000000000000000000000000000000000000000000000000000000000000000000000000000000000000000000000000000000000000000000000000000000000000000000000000000000000000000000000000000000000000000000000000000000000000000000000000000000000000000000000000
310
00000000000000000000000000000000000000000000000000000000000000000000000000000000000000000000000000000000000000000000000000000000000000000000000000000000000000000000000000000000000000000000000000000000000000000000000000000000000000000000000000000000000000
310
00000000000000000000000000000000000000000000000000000000000000000000000000000000000000000000000000000000000000000000000000000000000000000000000000000000000000000000000000000000000000000000000000000000000000000000000000000000000000000000000000000000000000
310
00000000000000000000000000000000000000000000000000000000000000000000000000000000000000000000000000000000000000000000000000000000000000000000000000000000000000000000000000000000000000000000000000000000000000000000000000000000000000000000000000000000000000
310
00000000000000000000000000000000000000000000000000000000000000000000000000000000000000000000000000000000000000000000000000000000000000000000000000000000000000000000000000000000000000000000000000000000000000000000000000000000000000000000000000000000000000
310
00000000000000000000000000000000000000000000000000000000000000000000000000000000000000000000000000000000000000000000000000000000000000000000000000000000000000000000000000000000000000000000000000000000000000000000000000000000000000000000000000000000000000
310
00000000000000000000000000000000000000000000000000000000000000000000000000000000000000000000000000000000000000000000000000000000000000000000000000000000000000000000000000000000000000000000000000000000000000000000000000000000000000000000000000000000000000
310
00000000000000000000000000000000000000000000000000000000000000000000000000000000000000000000000000000000000000000000000000000000000000000000000000000000000000000000000000000000000000000000000000000000000000000000000000000000000000000000000000000000000000
310
00000000000000000000000000000000000000000000000000000000000000000000000000000000000000000000000000000000000000000000000000000000000000000000000000000000000000000000000000000000000000000000000000000000000000000000000000000000000000000000000000000000000000
310
00000000000000000000000000000000000000000000000000000000000000000000000000000000000000000000000000000000000000000000000000000000000000000000000000000000000000000000000000000000000000000000000000000000000000000000000000000000000000000000000000000000000000
310
00000000000000000000000000000000000000000000000000000000000000000000000000000000000000000000000000000000000000000000000000000000000000000000000000000000000000000000000000000000000000000000000000000000000000000000000000000000000000000000000000000000000000
310
00000000000000000000000000000000000000000000000000000000000000000000000000000000000000000000000000000000000000000000000000000000000000000000000000000000000000000000000000000000000000000000000000000000000000000000000000000000000000000000000000000000000000
310
00000000000000000000000000000000000000000000000000000000000000000000000000000000000000000000000000000000000000000000000000000000000000000000000000000000000000000000000000000000000000000000000000000000000000000000000000000000000000000000000000000000000000
310
00000000000000000000000000000000000000000000000000000000000000000000000000000000000000000000000000000000000000000000000000000000000000000000000000000000000000000000000000000000000000000000000000000000000000000000000000000000000000000000000000000000000000
310
00000000000000000000000000000000000000000000000000000000000000000000000000000000000000000000000000000000000000000000000000000000000000000000000000000000000000000000000000000000000000000000000000000000000000000000000000000000000000000000000000000000000000
310
00000000000000000000000000000000000000000000000000000000000000000000000000000000000000000000000000000000000000000000000000000000000000000000000000000000000000000000000000000000000000000000000000000000000000000000000000000000000000000000000000000000000000
310
00000000000000000000000000000000000000000000000000000000000000000000000000000000000000000000000000000000000000000000000000000000000000000000000000000000000000000000000000000000000000000000000000000000000000000000000000000000000000000000000000000000000000
310
00000000000000000000000000000000000000000000000000000000000000000000000000000000000000000000000000000000000000000000000000000000000000000000000000000000000000000000000000000000000000000000000000000000000000000000000000000000000000000000000000000000000000
310
00000000000000000000000000000000000000000000000000000000000000000000000000000000000000000000000000000000000000000000000000000000000000000000000000000000000000000000000000000000000000000000000000000000000000000000000000000000000000000000000000000000000000
310
00000000000000000000000000000000000000000000000000000000000000000000000000000000000000000000000000000000000000000000000000000000000000000000000000000000000000000000000000000000000000000000000000000000000000000000000000000000000000000000000000000000000000
310
00000000000000000000000000000000000000000000000000000000000000000000000000000000000000000000000000000000000000000000000000000000000000000000000000000000000000000000000000000000000000000000000000000000000000000000000000000000000000000000000000000000000000
310
00000000000000000000000000000000000000000000000000000000000000000000000000000000000000000000000000000000000000000000000000000000000000000000000000000000000000000000000000000000000000000000000000000000000000000000000000000000000000000000000000000000000000
310
00000000000000000000000000000000000000000000000000000000000000000000000000000000000000000000000000000000000000000000000000000000000000000000000000000000000000000000000000000000000000000000000000000000000000000000000000000000000000000000000000000000000000
310
00000000000000000000000000000000000000000000000000000000000000000000000000000000000000000000000000000000000000000000000000000000000000000000000000000000000000000000000000000000000000000000000000000000000000000000000000000000000000000000000000000000000000
310
00000000000000000000000000000000000000000000000000000000000000000000000000000000000000000000000000000000000000000000000000000000000000000000000000000000000000000000000000000000000000000000000000000000000000000000000000000000000000000000000000000000000000
310
00000000000000000000000000000000000000000000000000000000000000000000000000000000000000000000000000000000000000000000000000000000000000000000000000000000000000000000000000000000000000000000000000000000000000000000000000000000000000000000000000000000000000
310
00000000000000000000000000000000000000000000000000000000000000000000000000000000000000000000000000000000000000000000000000000000000000000000000000000000000000000000000000000000000000000000000000000000000000000000000000000000000000000000000000000000000000
310
00000000000000000000000000000000000000000000000000000000000000000000000000000000000000000000000000000000000000000000000000000000000000000000000000000000000000000000000000000000000000000000000000000000000000000000000000000000000000000000000000000000000000
310
00000000000000000000000000000000000000000000000000000000000000000000000000000000000000000000000000000000000000000000000000000000000000000000000000000000000000000000000000000000000000000000000000000000000000000000000000000000000000000000000000000000000000
310
00000000000000000000000000000000000000000000000000000000000000000000000000000000000000000000000000000000000000000000000000000000000000000000000000000000000000000000000000000000000000000000000000000000000000000000000000000000000000000000000000000000000000
310
00000000000000000000000000000000000000000000000000000000000000000000000000000000000000000000000000000000000000000000000000000000000000000000000000000000000000000000000000000000000000000000000000000000000000000000000000000000000000000000000000000000000000
310
00000000000000000000000000000000000000000000000000000000000000000000000000000000000000000000000000000000000000000000000000000000000000000000000000000000000000000000000000000000000000000000000000000000000000000000000000000000000000000000000000000000000000
310
00000000000000000000000000000000000000000000000000000000000000000000000000000000000000000000000000000000000000000000000000000000000000000000000000000000000000000000000000000000000000000000000000000000000000000000000000000000000000000000000000000000000000
310
00000000000000000000000000000000000000000000000000000000000000000000000000000000000000000000000000000000000000000000000000000000000000000000000000000000000000000000000000000000000000000000000000000000000000000000000000000000000000000000000000000000000000
310
00000000000000000000000000000000000000000000000000000000000000000000000000000000000000000000000000000000000000000000000000000000000000000000000000000000000000000000000000000000000000000000000000000000000000000000000000000000000000000000000000000000000000
310
00000000000000000000000000000000000000000000000000000000000000000000000000000000000000000000000000000000000000000000000000000000000000000000000000000000000000000000000000000000000000000000000000000000000000000000000000000000000000000000000000000000000000
310
00000000000000000000000000000000000000000000000000000000000000000000000000000000000000000000000000000000000000000000000000000000000000000000000000000000000000000000000000000000000000000000000000000000000000000000000000000000000000000000000000000000000000
310
00000000000000000000000000000000000000000000000000000000000000000000000000000000000000000000000000000000000000000000000000000000000000000000000000000000000000000000000000000000000000000000000000000000000000000000000000000000000000000000000000000000000000
310
00000000000000000000000000000000000000000000000000000000000000000000000000000000000000000000000000000000000000000000000000000000000000000000000000000000000000000000000000000000000000000000000000000000000000000000000000000000000000000000000000000000000000
310
00000000000000000000000000000000000000000000000000000000000000000000000000000000000000000000000000000000000000000000000000000000000000000000000000000000000000000000000000000000000000000000000000000000000000000000000000000000000000000000000000000000000000
310
00000000000000000000000000000000000000000000000000000000000000000000000000000000000000000000000000000000000000000000000000000000000000000000000000000000000000000000000000000000000000000000000000000000000000000000000000000000000000000000000000000000000000
310
00000000000000000000000000000000000000000000000000000000000000000000000000000000000000000000000000000000000000000000000000000000000000000000000000000000000000000000000000000000000000000000000000000000000000000000000000000000000000000000000000000000000000
310
00000000000000000000000000000000000000000000000000000000000000000000000000000000000000000000000000000000000000000000000000000000000000000000000000000000000000000000000000000000000000000000000000000000000000000000000000000000000000000000000000000000000000
310
00000000000000000000000000000000000000000000000000000000000000000000000000000000000000000000000000000000000000000000000000000000000000000000000000000000000000000000000000000000000000000000000000000000000000000000000000000000000000000000000000000000000000
310
00000000000000000000000000000000000000000000000000000000000000000000000000000000000000000000000000000000000000000000000000000000000000000000000000000000000000000000000000000000000000000000000000000000000000000000000000000000000000000000000000000000000000
310
00000000000000000000000000000000000000000000000000000000000000000000000000000000000000000000000000000000000000000000000000000000000000000000000000000000000000000000000000000000000000000000000000000000000000000000000000000000000000000000000000000000000000
310
00000000000000000000000000000000000000000000000000000000000000000000000000000000000000000000000000000000000000000000000000000000000000000000000000000000000000000000000000000000000000000000000000000000000000000000000000000000000000000000000000000000000000
310
00000000000000000000000000000000000000000000000000000000000000000000000000000000000000000000000000000000000000000000000000000000000000000000000000000000000000000000000000000000000000000000000000000000000000000000000000000000000000000000000000000000000000
310
00000000000000000000000000000000000000000000000000000000000000000000000000000000000000000000000000000000000000000000000000000000000000000000000000000000000000000000000000000000000000000000000000000000000000000000000000000000000000000000000000000000000000
310
00000000000000000000000000000000000000000000000000000000000000000000000000000000000000000000000000000000000000000000000000000000000000000000000000000000000000000000000000000000000000000000000000000000000000000000000000000000000000000000000000000000000000
310
00000000000000000000000000000000000000000000000000000000000000000000000000000000000000000000000000000000000000000000000000000000000000000000000000000000000000000000000000000000000000000000000000000000000000000000000000000000000000000000000000000000000000
310
00000000000000000000000000000000000000000000000000000000000000000000000000000000000000000000000000000000000000000000000000000000000000000000000000000000000000000000000000000000000000000000000000000000000000000000000000000000000000000000000000000000000000
310
00000000000000000000000000000000000000000000000000000000000000000000000000000000000000000000000000000000000000000000000000000000000000000000000000000000000000000000000000000000000000000000000000000000000000000000000000000000000000000000000000000000000000
310
00000000000000000000000000000000000000000000000000000000000000000000000000000000000000000000000000000000000000000000000000000000000000000000000000000000000000000000000000000000000000000000000000000000000000000000000000000000000000000000000000000000000000
310
00000000000000000000000000000000000000000000000000000000000000000000000000000000000000000000000000000000000000000000000000000000000000000000000000000000000000000000000000000000000000000000000000000000000000000000000000000000000000000000000000000000000000
310
00000000000000000000000000000000000000000000000000000000000000000000000000000000000000000000000000000000000000000000000000000000000000000000000000000000000000000000000000000000000000000000000000000000000000000000000000000000000000000000000000000000000000
310
00000000000000000000000000000000000000000000000000000000000000000000000000000000000000000000000000000000000000000000000000000000000000000000000000000000000000000000000000000000000000000000000000000000000000000000000000000000000000000000000000000000000000
310
00000000000000000000000000000000000000000000000000000000000000000000000000000000000000000000000000000000000000000000000000000000000000000000000000000000000000000000000000000000000000000000000000000000000000000000000000000000000000000000000000000000000000
310
00000000000000000000000000000000000000000000000000000000000000000000000000000000000000000000000000000000000000000000000000000000
  0
ENDSEC
  0
EOF
